

INSERT INTO Governorates (Name, Photo) VALUES ('Cairo', 'https://upload.wikimedia.org/wikipedia/commons/thumb/1/19/Emblem_Cairo_Governorate.svg/393px-Emblem_Cairo_Governorate.svg.png');
INSERT INTO Governorates (Name, Photo) VALUES ('Giza', 'https://upload.wikimedia.org/wikipedia/commons/c/c0/Coat_of_arms_of_Giza_Governorate.jpg');
INSERT INTO Governorates (Name, Photo) VALUES ('Luxor', 'https://upload.wikimedia.org/wikipedia/commons/9/90/Emblem_Luxor_Governorate.jpg');
INSERT INTO Governorates (Name, Photo) VALUES ('Aswan', 'https://upload.wikimedia.org/wikipedia/commons/5/5f/Emblem_Aswan_Governorate.jpg');
INSERT INTO Governorates (Name, Photo) VALUES ('Alexandria', 'https://upload.wikimedia.org/wikipedia/commons/thumb/5/57/Coat_of_Arms_-_Alexandria%2C_Egypt.svg/800px-Coat_of_Arms_-_Alexandria%2C_Egypt.svg.png');
INSERT INTO Governorates (Name, Photo) VALUES ('Bahariya', 'https://upload.wikimedia.org/wikipedia/commons/1/19/Coat_of_Arms_of_Behira_Govenorate.png');
INSERT INTO Governorates (Name, Photo) VALUES ('Suez', 'https://upload.wikimedia.org/wikipedia/commons/b/b2/Coat_of_arms_of_Suze_Governorate.JPG');
INSERT INTO Governorates (Name, Photo) VALUES ('Ismailia', 'https://upload.wikimedia.org/wikipedia/commons/2/24/Emblem_Ismailia_Governorate.jpg');
INSERT INTO Governorates (Name, Photo) VALUES ('Siwa', 'https://upload.wikimedia.org/wikipedia/commons/e/e6/Matrouh_Governorate-logo.PNG');
INSERT INTO Governorates (Name, Photo) VALUES ('Matrouh', 'https://upload.wikimedia.org/wikipedia/commons/3/3e/Coat_of_arms_of_Matrouh_Governorate.jpg');
INSERT INTO Governorates (Name, Photo) VALUES ('Kafr El-Sheikh', 'https://upload.wikimedia.org/wikipedia/commons/4/4f/Coat_of_arms_of_Kafr_El-Sheikh_Governorate.jpg');
INSERT INTO Governorates (Name, Photo) VALUES ('Sharqia', 'https://upload.wikimedia.org/wikipedia/commons/5/56/Emblem_Sharqia_Governorate.jpg');
INSERT INTO Governorates (Name, Photo) VALUES ('Fayoum', 'https://upload.wikimedia.org/wikipedia/commons/0/0e/Coat_of_arms_of_Fayoum_Governorate.jpg');
INSERT INTO Governorates (Name, Photo) VALUES ('Minya', 'https://upload.wikimedia.org/wikipedia/commons/thumb/f/f1/Coat_of_arms_of_Minya_Govenorate.JPG/117px-Coat_of_arms_of_Minya_Govenorate.JPG');
INSERT INTO Governorates (Name, Photo) VALUES ('Sohag', 'https://upload.wikimedia.org/wikipedia/commons/c/c8/Emblem_Sohag_Governorate.jpg');
INSERT INTO Governorates (Name, Photo) VALUES ('Qena', 'https://upload.wikimedia.org/wikipedia/commons/1/16/Emblem_Qena_Governorate.jpg');
INSERT INTO Governorates (Name, Photo) VALUES ('Red Sea', 'https://upload.wikimedia.org/wikipedia/commons/1/18/Coat_of_arms_of_Red_Sea_Governorate.JPG');
INSERT INTO Governorates (Name, Photo) VALUES ('Sinai', 'https://upload.wikimedia.org/wikipedia/commons/e/e5/Emblem_South_Sinai_Governorate.jpg');
INSERT INTO Governorates (Name, Photo) VALUES ('Rashid', 'https://upload.wikimedia.org/wikipedia/commons/4/4e/Rosetta-Montage.png');
INSERT INTO Governorates (Name, Photo) VALUES ('Wadi El Natrun', 'https://upload.wikimedia.org/wikipedia/commons/8/8d/WadiEl-NatrunPics.jpg');
INSERT INTO Governorates (Name, Photo) VALUES ('Tanta', 'https://safariword.com/wp-content/uploads/2024/06/%D9%85%D8%AF%D9%8A%D9%86%D8%A9-%D8%B7%D9%86%D8%B7%D8%A7.jpg');
INSERT INTO Governorates (Name, Photo) VALUES ('New Valley', 'https://i0.wp.com/landioustravel.com/wp-content/uploads/2022/05/New-Valley-Governorate-e1651652412280.jpg?fit=1200%2C675&ssl=1');
INSERT INTO Governorates (Name, Photo) VALUES ('Esna', 'https://media.istockphoto.com/id/183251675/photo/ancient-egyptian-pillars.jpg?s=612x612&w=0&k=20&c=7HZ2mw2L1k2ts6P8mHotlobeVrAd21irJ0H3zCou2e4=');




INSERT INTO Places (Name, Government_name, VisitingHours, Location, Description, Photo, GoogleRate) VALUES ('Salah El-Din Citadel', 'Cairo', '5 AM - 8 PM', 'https://www.google.com/maps/search/?api=1&query=Salah+El-Din+Citadel', 'A medieval Islamic-era fortress with mosques and museums.', 'https://images.pexels.com/photos/30881623/pexels-photo-30881623/free-photo-of-alabaster-mosque-under-a-clear-blue-sky.jpeg?auto=compress&cs=tinysrgb&w=1260&h=750&dpr=1', 4.1);
INSERT INTO Places (Name, Government_name, VisitingHours, Location, Description, Photo, GoogleRate) VALUES ('Baron Palace', 'Cairo', '9 AM - 5 PM', 'https://www.google.com/maps/search/?api=1&query=Baron+Palace', 'A unique Hindu-style palace built in the early 20th century.', 'https://images.pexels.com/photos/24509470/pexels-photo-24509470/free-photo-of-baron-empain-palace-in-cairo.jpeg', 4.9);
INSERT INTO Places (Name, Government_name, VisitingHours, Location, Description, Photo, GoogleRate) VALUES ('Islamic Art Museum', 'Cairo', '9 AM - 5 PM', 'https://www.google.com/maps/search/?api=1&query=Islamic+Art+Museum', 'A museum showcasing Islamic artifacts and architecture.', 'https://upload.wikimedia.org/wikipedia/commons/d/da/GD-EG-Caire-Mus%C3%A9eIslam001.JPG', 4.6);
INSERT INTO Places (Name, Government_name, VisitingHours, Location, Description, Photo, GoogleRate) VALUES ('Egyptian Museum', 'Cairo', '9 AM - 5 PM', 'https://www.google.com/maps/search/?api=1&query=Egyptian+Museum', 'Home to the world’s largest collection of ancient Egyptian artifacts.', 'https://www.worldtouradvice.com/files/xlarge/182391445-The-Grand-Egyptian-Museum-In-Cairo.jpg', 4.4);
INSERT INTO Places (Name, Government_name, VisitingHours, Location, Description, Photo, GoogleRate) VALUES ('Giza Pyramids', 'Giza', '5 AM - 7 PM', 'https://www.google.com/maps/search/?api=1&query=Giza+Pyramids', 'The iconic pyramids one of the Seven Wonders of the Ancient World.', 'https://images.pexels.com/photos/7566890/pexels-photo-7566890.jpeg', 3.7);
INSERT INTO Places (Name, Government_name, VisitingHours, Location, Description, Photo, GoogleRate) VALUES ('Sphinx', 'Giza', '5 AM - 7 PM', 'https://www.google.com/maps/search/?api=1&query=Sphinx', 'A limestone statue with a lion''s body and a human head.', 'https://images.pexels.com/photos/3185480/pexels-photo-3185480.jpeg?auto=compress&cs=tinysrgb&w=1260&h=750&dpr=1', 3.7);
INSERT INTO Places (Name, Government_name, VisitingHours, Location, Description, Photo, GoogleRate) VALUES ('Karnak Temple', 'Luxor', '5 AM - 6 PM', 'https://www.google.com/maps/search/?api=1&query=Karnak+Temple', 'A vast temple complex dedicated to Amun-Ra in ancient Thebes.', 'https://media.istockphoto.com/id/183276693/photo/karnak-temple-at-dawn.jpg?s=1024x1024&w=is&k=20&c=ga7nHUaAsSy8cp9UpsZG56wshx7TWDoI2upeK8-p4os=', 3.6);
INSERT INTO Places (Name, Government_name, VisitingHours, Location, Description, Photo, GoogleRate) VALUES ('Valley of the Kings', 'Luxor', '5 AM - 5 PM', 'https://www.google.com/maps/search/?api=1&query=Valley+of+the+Kings', 'The burial site of many ancient Egyptian pharaohs.', 'https://upload.wikimedia.org/wikipedia/commons/thumb/0/0c/Luxor%2C_Tal_der_K%C3%B6nige_%281995%2C_860x605%29.jpg/640px-Luxor%2C_Tal_der_K%C3%B6nige_%281995%2C_860x605%29.jpg', 4.8);
INSERT INTO Places (Name, Government_name, VisitingHours, Location, Description, Photo, GoogleRate) VALUES ('Abu Simbel Temple', 'Aswan', '5 AM - 6 PM', 'https://www.google.com/maps/search/?api=1&query=Abu+Simbel+Temple', 'A massive rock temple built by Pharaoh Ramses II.', 'https://media.istockphoto.com/id/1018413814/photo/the-front-of-the-abu-simbel-temple-aswan-egypt.jpg?s=1024x1024&w=is&k=20&c=1PqjwZtFJdzpOZWh2N4_oEyFVMYVWvIg49dR_asdvaY=', 4.4);
INSERT INTO Places (Name, Government_name, VisitingHours, Location, Description, Photo, GoogleRate) VALUES ('Philae Temple', 'Aswan', '7 AM - 5 PM', 'https://www.google.com/maps/search/?api=1&query=Philae+Temple', 'An ancient temple complex dedicated to the goddess Isis.', 'https://images.unsplash.com/photo-1660661896444-b90f06a68059?q=80&w=1448&auto=format&fit=crop&ixlib=rb-4.0.3&ixid=M3wxMjA3fDB8MHxwaG90by1wYWdlfHx8fGVufDB8fHx8fA%3D%3D', 4.6);
INSERT INTO Places (Name, Government_name, VisitingHours, Location, Description, Photo, GoogleRate) VALUES ('Roman Theater', 'Alexandria', '9 AM - 5 PM', 'https://www.google.com/maps/search/?api=1&query=Roman+Theater', 'A well-preserved Greco-Roman amphitheater in Alexandria.', 'https://www.egypttourpackages.com/images/egypt_blog/The-Roman-Theater.jpg', 3.5);
INSERT INTO Places (Name, Government_name, VisitingHours, Location, Description, Photo, GoogleRate) VALUES ('Qaitbay Citadel', 'Alexandria', '8 AM - 5 PM', 'https://www.google.com/maps/search/?api=1&query=Qaitbay+Citadel', 'A 15th-century fortress built on the ruins of the Lighthouse of Alexandria.', 'https://images.unsplash.com/photo-1738511574956-9529fd9f84f1?q=80&w=1470&auto=format&fit=crop&ixlib=rb-4.0.3&ixid=M3wxMjA3fDB8MHxwaG90by1wYWdlfHx8fGVufDB8fHx8fA%3D%3D', 5);
INSERT INTO Places (Name, Government_name, VisitingHours, Location, Description, Photo, GoogleRate) VALUES ('Al-Mawlawi Tekkiyeh', 'Cairo', '9 AM - 5 PM', 'https://www.google.com/maps/search/?api=1&query=Al-Mawlawi+Tekkiyeh', 'A historic Sufi lodge in Cairo associated with the Mevlevi order known for its whirling dervish ceremonies.', 'https://static.majalla.com/styles/1200xauto/public/2022-08/Takiya-1.JPG?VersionId=dXxKkLCM4gXB43SXU4p7.5zNSVGlA.s0', 4.7);
INSERT INTO Places (Name, Government_name, VisitingHours, Location, Description, Photo, GoogleRate) VALUES ('Al-Ghouri Complex (Dome Sabil and House)', 'Cairo', '9 AM - 5 PM', 'https://www.google.com/maps/search/?api=1&query=Al-Ghouri+Complex', 'An architectural ensemble from the Mamluk era featuring a mausoleum a sabil and a residence.', 'https://egymonuments.gov.eg/media/7621/mausoleum-and-sabil-kuttab-portal.jpg?anchor=center&mode=crop&width=645&height=423&rnd=133860803520000000', 3.8);
INSERT INTO Places (Name, Government_name, VisitingHours, Location, Description, Photo, GoogleRate) VALUES ('Al-Ghouri Wekala', 'Cairo', '9 AM - 5 PM', 'https://www.google.com/maps/search/?api=1&query=Al-Ghouri+Wekala', 'A 16th-century caravanserai built by Sultan Al-Ghouri now a cultural venue for arts.', 'https://egymonuments.gov.eg//media/7596/gore.jpg?anchor=center&mode=crop&width=1200&height=630&rnd=133819325160000000', 3.8);
INSERT INTO Places (Name, Government_name, VisitingHours, Location, Description, Photo, GoogleRate) VALUES ('Gamal El-Din Al-Dhahabi House', 'Cairo', '9 AM - 5 PM', 'https://www.google.com/maps/search/?api=1&query=Gamal+El-Din+Al-Dhahabi+House', 'A well-preserved Mamluk-era house showcasing traditional Cairene architecture.', 'https://egymonuments.gov.eg//media/5508/%D8%AC%D9%85%D8%A7%D9%84-%D8%A7%D9%84%D8%AF%D9%8A%D9%86-%D8%A7%D9%84%D8%B0%D9%87%D8%A8%D9%8A0.jpeg?anchor=center&mode=crop&width=1200&height=630&rnd=133860794200000000', 3.8);
INSERT INTO Places (Name, Government_name, VisitingHours, Location, Description, Photo, GoogleRate) VALUES ('Ali Labib House', 'Cairo', '9 AM - 5 PM', 'https://www.google.com/maps/search/?api=1&query=Ali+Labib+House', 'A historic residence reflecting traditional Egyptian architecture.', 'https://lh3.googleusercontent.com/proxy/bButsFvwEJ1qDNjCxUVjP-4vZjSQij3gUD4L2pfR14WcyItW3dEZvuBg-S9thdSHmEVjjWpV4kdJWCKLRYotvqs_TxUv8llP4RwVptxSNkS7pPNSJbE8uhd22yOKyvlJgziaNcpuiLxMBczJXIX4QZBWfXypTCQnRo5PeriGbU5U5SfunqEkmHeREjV2toXXSEAyHcIbsndH3Mi5lCk6v74GB16xkJQK3FaM7taNFG-Ijiw', 4);
INSERT INTO Places (Name, Government_name, VisitingHours, Location, Description, Photo, GoogleRate) VALUES ('Al-Harawi House', 'Cairo', '9 AM - 5 PM', 'https://www.google.com/maps/search/?api=1&query=Al-Harawi+House', 'An 18th-century house known for its intricate design and cultural significance.', 'https://hurghadalovers.com/wp-content/uploads/2022/11/Harawi-House-in-Cairo-Egypt-Facts-of-Archaeological-House-and-ancient-Islamic-monuments-900x530.jpg', 4.3);
INSERT INTO Places (Name, Government_name, VisitingHours, Location, Description, Photo, GoogleRate) VALUES ('Qaytbay Sabil-Kuttab (Salah Al-Din Street)', 'Cairo', '8 AM - 5 PM', 'https://www.google.com/maps/search/?api=1&query=Qaytbay+Sabil-Kuttab', 'A Mamluk-era structure combining a fountain and a Quranic school.', 'https://www.egypttoday.com/siteimages/Larg/20210928030728728.jpg', 4.1);
INSERT INTO Places (Name, Government_name, VisitingHours, Location, Description, Photo, GoogleRate) VALUES ('Prince Taz Palace', 'Cairo', '9 AM - 5 PM', 'https://www.google.com/maps/search/?api=1&query=Prince+Taz+Palace', 'A 14th-century palace showcasing Mamluk architecture and history.', 'https://live.staticflickr.com/2934/33644846422_ecf18e9100_b.jpg', 3.9);
INSERT INTO Places (Name, Government_name, VisitingHours, Location, Description, Photo, GoogleRate) VALUES ('Al-Sitt Wasila House', 'Cairo', '9 AM - 5 PM', 'https://www.google.com/maps/search/?api=1&query=Al-Sitt+Wasila+House', 'A historic house from the Ottoman period with traditional design elements.', 'https://hurghadalovers.com/wp-content/uploads/2022/11/Wasila-House-in-Cairo-Egypt-Facts-22Beit-El-Sit-El-Wasila22-Historical-landmark-History.jpg', 4.4);
INSERT INTO Places (Name, Government_name, VisitingHours, Location, Description, Photo, GoogleRate) VALUES ('Ahmad Ibn Tulun Mosque', 'Cairo', '8 AM - 5 PM', 'https://www.google.com/maps/search/?api=1&query=Ahmad+Ibn+Tulun+Mosque', 'One of the oldest mosques in Egypt built in the 9th century with a unique spiral minaret.', 'https://beta.sis.gov.eg/media/238116/%D8%AC%D8%A7%D9%85%D8%B9-%D8%A3%D8%AD%D9%85%D8%AF-%D8%A8%D9%86-%D8%B7%D9%88%D9%84%D9%88%D9%86.jpg', 3.7);
INSERT INTO Places (Name, Government_name, VisitingHours, Location, Description, Photo, GoogleRate) VALUES ('Nileometer', 'Cairo', '9 AM - 5 PM', 'https://www.google.com/maps/search/?api=1&query=Nileometer', 'An ancient structure used to measure the Nile River’s flood levels.', 'https://upload.wikimedia.org/wikipedia/commons/4/4f/Cairo_Nilometer_2.jpg', 3.9);
INSERT INTO Places (Name, Government_name, VisitingHours, Location, Description, Photo, GoogleRate) VALUES ('Manial Palace', 'Cairo', '9 AM - 5 PM', 'https://www.google.com/maps/search/?api=1&query=Manial+Palace', 'A royal residence from the early 20th century with gardens and museums.', 'https://www.egypttoursportal.com/images/2023/01/Mohamed-Ali-Manial-Palace-Egypt-Tours-Portal.jpg', 4);
INSERT INTO Places (Name, Government_name, VisitingHours, Location, Description, Photo, GoogleRate) VALUES ('Nafisa Al-Bayda Sabil-Kuttab', 'Cairo', '8 AM - 5 PM', 'https://www.google.com/maps/search/?api=1&query=Nafisa+Al-Bayda+Sabil-Kuttab', 'A historic sabil-kuttab from the Ottoman era reflecting charitable architecture.', 'https://static2.bigstockphoto.com/8/1/1/large1500/118071377.jpg', 4.2);
INSERT INTO Places (Name, Government_name, VisitingHours, Location, Description, Photo, GoogleRate) VALUES ('Royal Family Tombs', 'Cairo', '9 AM - 5 PM', 'https://www.google.com/maps/search/?api=1&query=Royal+Family+Tombs', 'Burial site for members of the Egyptian royal family from the Muhammad Ali dynasty.', 'https://i.pinimg.com/736x/8e/7e/98/8e7e982d149f17b424171a359bd7ec14.jpg', '4.7');
INSERT INTO Places (Name, Government_name, VisitingHours, Location, Description, Photo, GoogleRate) VALUES ('Tree of the Virgin Mary', 'Cairo', '9 AM - 5 PM', 'https://www.google.com/maps/search/?api=1&query=Tree+of+the+Virgin+Mary', 'A sacred site in Matariya believed to be visited by the Holy Family.', 'https://www.cairotoptours.com/storage/2558/conversions/Virgin%20Mary\s%20Tree%20in%20Mataria,%20Cairo-webp.webp', 3.8);
INSERT INTO Places (Name, Government_name, VisitingHours, Location, Description, Photo, GoogleRate) VALUES ('Al-Zahir Baybars Mosque', 'Cairo', '8 AM - 5 PM', 'https://www.google.com/maps/search/?api=1&query=Al-Zahir+Baybars+Mosque', 'A 13th-century mosque built by Sultan Baybars known for its large courtyard.', 'https://www.arabcont.com/Images/ProjectImage/Baybars_Mosque-10.jpg', 4.3);
INSERT INTO Places (Name, Government_name, VisitingHours, Location, Description, Photo, GoogleRate) VALUES ('The Hanging Church', 'Cairo', '9 AM - 5 PM', 'https://www.google.com/maps/search/?api=1&query=The+Hanging+Church', 'One of the oldest Coptic churches in Egypt built above a Roman fortress.', 'https://lh3.googleusercontent.com/proxy/2qFQs8xHv8nD6HK_GNHpriPo3mPYjzYgm139QMC_Uul0jtdgjsGsYGgHZIazsGY2aU3GvbG3HUhr8HJWTbWw2_l_xRuzdEgVuBF9U54d-sKtgSOL-9WVRRIR4S_4cM4', 4.4);
INSERT INTO Places (Name, Government_name, VisitingHours, Location, Description, Photo, GoogleRate) VALUES ('Church of Abu Serga', 'Cairo', '9 AM - 5 PM', 'https://www.google.com/maps/search/?api=1&query=Church+of+Abu+Serga', 'An ancient Coptic church believed to be a resting place of the Holy Family.', 'https://d3rr2gvhjw0wwy.cloudfront.net/uploads/activity_headers/324654/900x600-1-50-0202c6e2499ca7d80b3a667404843ea4.jpg', 3.6);
INSERT INTO Places (Name, Government_name, VisitingHours, Location, Description, Photo, GoogleRate) VALUES ('Ben Ezra Synagogue', 'Cairo', '9 AM - 4 PM', 'https://www.google.com/maps/search/?api=1&query=Ben+Ezra+Synagogue', 'A historic synagogue in Old Cairo known for the discovery of the Cairo Geniza.', 'https://images.dailynewsegypt.com/2023/08/Ben-Ezra-Synagogue-Oldest-Jewish-temple-in-Egypt-opened-after-restoration-.jpeg', 4.4);
INSERT INTO Places (Name, Government_name, VisitingHours, Location, Description, Photo, GoogleRate) VALUES ('Amr Ibn Al-As Mosque', 'Cairo', '8 AM - 5 PM', 'https://www.google.com/maps/search/?api=1&query=Amr+Ibn+Al-As+Mosque', 'The first mosque built in Egypt and Africa dating back to 641 AD.', 'https://egymonuments.gov.eg//media/1254/dsc_0840-copy.jpg?anchor=center&mode=crop&width=1200&height=630&rnd=133458237510000000', 3.8);
INSERT INTO Places (Name, Government_name, VisitingHours, Location, Description, Photo, GoogleRate) VALUES ('Al-Darb Al-Ahmar Tourist Path', 'Cairo', '9 AM - 5 PM', 'https://www.google.com/maps/search/?api=1&query=Al-Darb+Al-Ahmar+Tourist+Path', 'A historic district with preserved Islamic architecture and monuments.', 'https://encrypted-tbn0.gstatic.com/images?q=tbn:ANd9GcRMNipMPAcfN0D0o6U2uCNMPdkwQ-M8CqXL_w&s', 3.6);
INSERT INTO Places (Name, Government_name, VisitingHours, Location, Description, Photo, GoogleRate) VALUES ('Senusret I Obelisk (Matareya)', 'Cairo', '9 AM - 5 PM', 'https://www.google.com/maps/search/?api=1&query=Senusret+I+Obelisk', 'An ancient obelisk from the 12th Dynasty located in Matariya.', 'https://cairoscene.com/Content/Admin/Uploads/Articles/ArticlesMainPhoto/1023850/7275bc8d-69d0-45e3-82da-87466231bc63.jpg', 4.9);
INSERT INTO Places (Name, Government_name, VisitingHours, Location, Description, Photo, GoogleRate) VALUES ('The Egyptian Museum (Tahrir Square)', 'Cairo', '9 AM - 5 PM', 'https://www.google.com/maps/search/?api=1&query=Egyptian+Museum+Tahrir+Square', 'Another name for the Egyptian Museum with ancient artifacts.', 'https://upload.wikimedia.org/wikipedia/commons/thumb/7/71/The_Egyptian_Museum.jpg/250px-The_Egyptian_Museum.jpg', 4.9);
INSERT INTO Places (Name, Government_name, VisitingHours, Location, Description, Photo, GoogleRate) VALUES ('Audio Guide (for Groups) - The Egyptian Museum', 'Cairo', '9 AM - 5 PM', 'https://www.google.com/maps/search/?api=1&query=Egyptian+Museum', 'Audio guide service for group visits to the Egyptian Museum.', 'https://www.audioguides-bluehertz.com/assets2/images/05-audioguide-cairo-museum.webp', 4.7);
INSERT INTO Places (Name, Government_name, VisitingHours, Location, Description, Photo, GoogleRate) VALUES ('Museum of Islamic Art', 'Cairo', '9 AM - 5 PM', 'https://www.google.com/maps/search/?api=1&query=Museum+of+Islamic+Art', 'Another listing for the Islamic Art Museum with artifacts.', 'https://egymonuments.gov.eg/media/1008/panorama001.jpg?crop=0.20892845252167036,0,0.23603608648542249,0.0000000000000009630681682485&cropmode=percentage&width=645&height=423&rnd=133853902700000000', 4);
INSERT INTO Places (Name, Government_name, VisitingHours, Location, Description, Photo, GoogleRate) VALUES ('The Coptic Museum', 'Cairo', '9 AM - 5 PM', 'https://www.google.com/maps/search/?api=1&query=The+Coptic+Museum', 'A museum dedicated to Coptic Christian art and history.', 'https://momaa.org/wp-content/uploads/2019/10/0c083bfe12667d356c591c3072498e27-coptic-museum.png', 3.6);
INSERT INTO Places (Name, Government_name, VisitingHours, Location, Description, Photo, GoogleRate) VALUES ('Prince Mohammed Ali Palace (Al-Manial Palace Museum)', 'Cairo', '9 AM - 5 PM', 'https://www.google.com/maps/search/?api=1&query=Prince+Mohammed+Ali+Palace', 'Another name for Manial Palace with royal artifacts.', 'https://egymonuments.gov.eg/media/5796/whatsapp-image-2020-07-02-at-95538-pm.jpeg?crop=0,0.17160342717258253,0,0&cropmode=percentage&width=645&height=423&rnd=133853902140000000', 4.5);
INSERT INTO Places (Name, Government_name, VisitingHours, Location, Description, Photo, GoogleRate) VALUES ('Cairo Airport Museum 2', 'Cairo', '24 Hours', 'https://www.google.com/maps/search/?api=1&query=Cairo+Airport+Museum+2', 'A museum at Cairo Airport showcasing Egyptian heritage.', 'https://betamedia.experienceegypt.eg/media/experienceegypt/img/Original/2022/8/11/2022_8_11_17_0_32_232.jpg', 4.2);
INSERT INTO Places (Name, Government_name, VisitingHours, Location, Description, Photo, GoogleRate) VALUES ('Cairo Airport Museum 3', 'Cairo', '24 Hours', 'https://www.google.com/maps/search/?api=1&query=Cairo+Airport+Museum+3', 'Another museum at Cairo Airport with historical exhibits.', 'data:image/jpeg;base64,/9j/4AAQSkZJRgABAQAAAQABAAD/2wCEAAkGBxMSEhUSExIVFRUXFxcVFxcYFRUXFxUVFRcXFhUVFhYYHSggGBolGxUVITEhJSkrLi4uFx8zODMtNygtLisBCgoKDg0OGhAQGy4lHyUtLS0tLS0tLS0tLS0tLS0tLS0tLS0tLS0tLS0tLS0tLS0tLS0tLS0tKy0tLS0tLS0tLf/AABEIAKMBNgMBIgACEQEDEQH/xAAbAAABBQEBAAAAAAAAAAAAAAAEAAIDBQYBB//EAEgQAAEDAwEEBgUICQMCBwEAAAEAAhEDBCESBTFBUQYiYXGBkRMyobHRFEJSU5KiwfAHFSNUYnKT0uEzgoNDwhckVWOjsvEW/8QAGgEAAwEBAQEAAAAAAAAAAAAAAQIDBAAFBv/EACsRAAICAQQBAwMEAwEAAAAAAAABAhEDBBIhMVETQXEiMpEFFDNhUqHBI//aAAwDAQACEQMRAD8A8+c1QvainBQvCoIRseWmQYP53qytdpcHY7eH+FWLoSSimMpNGopVZyEXTqTgrJUKzm7j4cFbWl+HYOD7+4qMoNFozs0VAx3K1s6g/JWeoVCrG3d4JRzdbHqNxlba3jSIXlezL3SYhbfY21werKaPAkkWm1LYObMZWH2rQOSB+StbtLaA09U7lkL7aR1TA7jkFFpNgTaKa6tnMdDhE7t0HuIwVw0xpOFNcXutoYQAB6sR1czyn2prKnVIUprwWgzPXeDKBrOjO4c5CP2iFTXVs18agcYBBhMkK2TU3zuM9xR9mDvgxHJV1m4MGnTqHDhHlvR9i8TMEYPHmIzzXNBTJarwg6tRTvcYQdVyCXAW+RzavGfzwXW3O7O/dnfwxzyh21gAcAzjInxQ+sBwcPmthvYYjV5ye9OoRfbJynJPhFs27/i9qIpXB371UfrOm2A4O0gRAieXun7RUdba4cZId5CABgAZ5IvD/jyCOb/Lgv23Du1Ttqvc1zWmCQQDyJEDfhZf9aDkfYPitB0baLjXEjTp3x86fgpvFKKtoossZOkw2hsp9i0UXVWVD63Udqa3VvbPOZPimvunc03aAa0xrk+5V5ekavkdOlQS+4coH1yhqlXgo3ORSOsmdUKjdVjfjvUD3oVzTM6s8+PcODe8CU8Yp9snKTXSDnVxuwfLd3IO0oU6UlgEnjv8B2KF1M8wOMRjviZce1xKkFVrQQ1oExLjlxiDv+aJG4Qm2xXTE3yfaCzVP5CjdX/MICrcgZJQFfaX0RPafguUGwymkW9S4QFxtNo3ZPZ8VVVaznbz8FGqrF5JSyv2Cat+89nckhoST7UT3PyXTgonhTFMcEQArgkFI9qaFzCcYERTaoqKLpNSsIXaXb2bsjkfwPBaTZ1dlTE6TyOD4c1RW9BPuKcBI4JjqdGuNIgYOPai7G8LCM4WHtdoubg5HtV7Y7Ra7cfDipuLRRNM0NbbB1Efk9yrry4nITjUoupulp9KD1XB0COIIVWK2YXBZO2uiBcYQfonTuyire1c7gPFBqwp0VN7WEkSEEQjNp7IqtrVHVqZbTOkUy15DXGOseq73wh3uH5JRQGCkid6JolVl2Aa0vJFMsGnS5whwOZjnPsVtSpY6rfb8UWBHKjkDWciXuQ7myuSC2C1Sh6hKIfEEzgRnv3JlOCJGeHijTQtp+5V1wZhTQuXjev5J5C041wZsnY1XewL91JtQNMatMnun4qmhF2FUDBmSRGD+QhmX0Bwv60XBrKKs8kQDB58vBRhw06pxzzn2IM7SpatOozMeqY81jpmy0Ft2bWt81R1ag103a2uLm9wJ0jsPNNdVUzqRIBgjvBB8jkIeszSCTgcyj7nLoa6ooXVUFc3zRhufYFX1blzuMdydY2ybyJFlWvWt3nPZkoGtfuO7HtKESVYwSJObZ1zpycriS6E4gkl0BSUaRcYRAcp0iUloLOzACSO0VyBk1y6uFKOQuUZIUlVVlwet+exBhLK3/FH24Wfp1CNxVpsy6LnQY3TPklYxpbNqfe08JtiURejCKAygqYTG1CNyfc71HSEo0CwunXqH5580a2o6ILiQcEHMoSmiqYTKCBuZaW76wA0644Q3EdmEQ2tX/j+z/hLZ945rGgyQAO8K1oXGr1XHz94VY6dMw5NdKD64+SpqC4cMNef+OfwVZd2V782lUP/AAk/9q1Ng92qr1j654o/UfpFd+2tewr/AFJKVU/yYi22fenfRqD/AIHf2o9mz7kD/Sqf0Xf2rTOquG53sHwULrt05du7B8EHp2vZFI/qEH5M4+0uPqX/ANI/BA17e4+rd/SPwWxftR44j7Lfgof1i/SZj7Dfgh6D8IZ62P8AZgq7rkfMP9L/AAhTfXI+Z/8AH/hba5uj+Wt+Crtrv/ax/CODefcueDj2OWtW6uTH3BqVHanNM7vVjd2BSGmeR8lp2ajqI4Qd7Rv5A7+4IpvVdLHPAiMkA53jHBco7eg+tu5aMaW9i6y9qU8MdAOTgH3hX9SzZUqVNU9WAM8In3lVe2LNrC3TORO+eKWTT4ZWDf3IHG16/wBZ91vwT3X1R7qb3Pk03a2YbAdESREE96C0p4KXZHwPvl5Lyr0quo/1j9in/aqjad++sJe8uPbu8BuCDqvTZwu2JdI7c32wVwTFK8KNcEauJ0KQUHcl1pHURJQuwugInHWNlXWzraMoGxoyVdUQmSEYTTCSlpNSRsUoQVwmEgVHceq7uPuUypDUumfTb5hV9d41YIWwt7Vrrak4tbOluY78fnmqC6t4cYaFOMtw8o7StDxzCO2bWa10lwGOY5hcYw8h7PgrvZGzatQgNLB3tB/7UeQWgmx2lRG+qwf7gj695TeOrUYf9zfirSn0MuNOrVbkRqgtdMb+DexAMpvo3DZZRPU1YmInu3pYz3XQ0otVZV3bG6eEgDcQT5BC0BhOr9a5rn0bMlhgbh1OHkrHZ1m1+CyM8HH3J42hZUwZiNtWSVqrDoMKrZFRzT2gOHlhEXfQupbN9KajHsBAMBzXZcGCBkHJ5pnkSdMVRb5QDsay1sG/BI8iVcU+j7jlodIHAZHkEX0RtgQ+eFWoPvLaWTHAuENDYGk8S7Oqezd7VfJk2o8/Fh3ydvyYipZaC6AMkHcPaubgWxg+UjjHHj5q92s0DvgT3wqOoVXE7Rk1MVGZE6mDw9iVLZuv5vsUlLetHssNZpc6A04k8DEiezB9iGWW1DabGpyM7X2GW72d4iFV3lEg5yfFb+8qsbVa2XOfWLWgGNIDckxiOqTn+EKg6Q2QaSpYc241anTbVwYm5GDwwhbo66gJHzRjuPNH3zcHuQRMPz9H8VpfRgi2naJrSiXHrZiAJ4DOB2I02zTA7UywcDPYR7YWj2Rss1etgAHMn3CFDI1FWbMO6bSMMaYFau3k5vkWD4FOr7LFUSTEYRW17F/ym6cHRFQMwG7msbp3zwcOCGtNntMl9I1sGNdUkBxGHaYjBzCy83Z6EEtqRSVdhvOacPbJEtcDkbxgoGvs6o3ewrRbMtQ99wG29LFbmAGg0qcMEtOMT4lE7drCpUY35PRplrD6unrDqgkwwSZHtTfXxSA5QVmEq2zvoldbSMZV9fWrnFrdNPG46B274GfFEWuyHFvqtO4SGNGeWQmSb4ElljFX/wBoyNVqhctjtLZDWaCQwkvgjGOq05gdseCqK2zQanq0wImScRIGcdqM4OPYcWaORWilp7x3hFW8kSTxRe29nijcmn+zOKR/ZElmWzgwM55JnowN34rM3dM1JVwVYT2NlcDURbMyrokWFoyArWhbmAcwd0diraS0ezMsYO08e1Z9VklCKcWaNJjjObUlfAfszZmoeo7zauLbdG9nS3hu5hJePPUzv7/9npOOGPDivweHAptY9U9x9yaHLjjgr3jxi42bUd6BgnGgHyQb4JKM2HTcbdhAEaYmQNx7SoKxLTgfipRlTKSjaXJHSoTMDdnwV/0fqNbxzyVA66Mbk63vdJwFzm/c5Y1XB6FddIIY9gnUWxMAgfNHFVW2y19ZpO4MgxAPrDcYVYzW9wLATIGACTg7vYrqytWt69XLoAicCd/fuWd5Y40/7LrBPK1/RlS0NuqoaZEUiOfqnHfOFr9j0S1mioNBD3HOPmiM8pVA67Yy8rnABp0o7xqkY4qf9ZtMmYJHPxHYmWaTrg79vGKfJ6NQ2s2hTLi8dXSZEHiMfghtv9J2vptot4ubnGdDmk8eceRWD/WnULTnG48+HtUbtpnTE5lv/wB5PuCtOFzVkISqDN/0XvdIqH/3ah+8jre7c6rWNQmCA1oBxoOqIjcce0rGbHvYpk83vPtKI+X1PpkL0ni3R4PDWdQm79mzUV7vWQ0uG5oJ3DcJKHuWBpHWa7jhZ5l641HgmRpbw4wrE1E+ONENRNSCxUgqyuK4dQewkDGof7et4YBE8O1Zi9vvRieKD2Teuq1RTL41SCTua2CXGOQAJ8FHUtVRq/T4StSNDsGuGXlBrqjn6mveC4aQ3SwwwfSOZnAgbs4uulFdunUKjSfogic+KzNTZnyYurl9NxbLaYaOsyiS1rC7Ah4nSewt5qnudrlxycFYNNwj1tX9Vk99x7igK/rD+X8VM+41NPdlCXL+sP5fxXqPo8OCplhswiHZA6zd/ctTsraApNLZBJMyD2f4WCZV394KLt9oEERz+Kzzju4ZsxvbyuwmrcTUuCeNdx+6xEbKpNfOoua1rXOcQTMNEmGgiSs47aEVKs5mo4+xvwVhs+90g6q5Y4y3Q1gk6oAlzp8QIWXLPambsGPfXgK6OhofcOAc5nysty4tMNpUp1DxUnSC0dSuoc2AWmIfIiQcZxvhDdEa+s3AqEmbqo5zmN1nUWUwToJHV6u+eO5abpX6GpWY8uFOmGADXNMGSB1TByAJ8k0c9bV+RMmmbcpfgxNQAEGDx4k8e9XNtVFMOcAIDpjdOlkxlVO1q2qsadNgLWjSxzAf2hacuPHOeHJXtLoZcVqLTSfTiHaw+WuY/dpwDI0gHx3K8dXCPD7MmT9OnkSd8WVG0rgVWsecEveY3xho/BZnaDpdAPZ35Cvriw9C8CpmZPzm4E4hwDgT2geKz1+7U4uw3OAOXJK8ymtxeGm9J7SuuI+UGBAluP8AaJRNRmCgboGlWOWuI0nBkGWg7x3p7tpEj1R7VnabqjYmlwxjKampNgoOm880XTKskRYZTKKoW+pw67x/K4hBUyrLZ5yEWk+wJtdG06O9HGPbJrXPhWcFxXPReoNHguJHjj4O9SXk8TDl0lRyuhy4cbY1DoaAT+SUbTpPO5rj4FS7B25Tt2BlSg6oQTEEAQSTkjKs7nphQfEWtSmBvDKpAccwTJJmCePFSuXsilR92V9PZ1V2Awz4e5MvbapQdpqMLCRImRI5id+4rTWf6UXUabaVG10NaN5Ic4yZyXTO9VO2+mnywt+UUH1NM6eu1sTvjQByHkkayPtFIyhH3F0f28aJJDt7Y3DeM7z4qzr3769EuY+SQSI05I3jHaCFV2PSe0persqi530qh9KZ59ckDwCPP6QA5+t9k15gNGWtaGjcA1oA48Qp+jK7or68aqzPWljc1azgKNUv0NcWlha7TJAcQ6MTOVobLojePPWpaBxJIJ8hKjf+kSr8rfdNt2BzqDKAaTgaHueHYH8UR2Ku2n01va/rViwfRpjQPPf7U+2fgnvh3ZpLzovTpCat22n2HSPLOVQX9ShIbRrOqu1Ak6IbAOckrOOdJkkk8yZPmVPZu63grRi12yMpRfSNjse8Zo0OfpOp28b8qz1R2rGW9WOXrHh3LSUqB0A+kfkDiOXcvQw5W1R42o08Yy3eQxlcelfn5oVgb9uIIVE3/VLdR9UZxnPcvR+iVpbC3GukKjiJeS2dM7gOWIM9pU82pWJclMOi9Z8eyRib54IJ1sdO8ZEeKB2G6axjH7OoPtsNIe14Pgr/AKSbObTuHspPhkamhx6sFs6dRExM5We2TROqu4gSyi4g4IDtbBII4wTuWTLPdDvs9DBjUZVVJF7tjZ1KhRq+iYWOFL0UknMOD9Q5nqjKxrLjUJJ//eK1G0ajzTLX7nUqsT9IU9Td/GRhU/Q3Z1K4e6jWc5uNTS2JlodqEuBAEdY/yrNp5bYNs1aiO6aSI7e9ORMyMiPxTqtwS4b5jd+KGrUKZuNGsNpB+nXB9RpjWRvkgTHMqbpRSptqj0YDRAlogRIDmmABvDltWfpGF6RO5HfSuzjjzUtvUbqGo6eMxPBZ2i4wc8Susd1hMwn9QR4aRsuj+wqF0arjc6SKrwGhoJLQGw7J458lFc9Erqm/UKYqsDjEEElvCW+WAsSfWcRIIcYIkEZ4EK3selN5R9WsXjlU633t6yTjJu0zbilFRSov+iF86l6fW0t/81U1S2AHQwFpJENIjvErYv6U0hScHDW6CILQRicEeA81570e6f17QVh6APNau+4J9IWwagaCI0mR1VNf/pDNYRU2fRf/ADOa4+BLJCjPSufNF46mK4YJcV6wJex8h5dLWEjM7iAN2TA4L1d1S5p2VtpdpPoWk6QIB0gxG4715IOllL/02j/VePcFoP8Axdr6dJtGEREGrOO8slLLT5WugrPjTLHadjc3Lmucx1QAEB2gkCT/AAgfkqguOjt00lxtKkcIYTjw4qytf0v1qY0ts2Ab49MePexPq/plrkQbNvhXI9zFVY8iVUSc4brTPO+kQIuH6mlphg0uBBbFNoiDlVsozbe0nXNxUrvEF7pidUQA0CYE4G+AggVogqikRm7bZPSRTChaZUzSnQjC6ZVjYvyqpjkbavRFZ6LsG7hqSz2z7uAurhTz8FdlRyuykLDapymgrtRNCrHonLsdK6CmpSiKPldTV0InCcVyUnpqhLstHofKK2dT1PiYwUJKsdgtBq5+iUsnSsaCuSQUy3PWAO5x4dgVjRDo4z+QuWtsXGppa4w87gT81vJWdGjVYMNLR24UfUkinpRfZ3YWyKt1W9HSgOgklxgAA7yfEL0/Y+z7q0a2jobWHzXAGATwJO7PNZHozdCg90M1F4DZBIMzuHOZ9y9C2ftIuA60djmPB8QRvWDU5MspU4uvKNGJRxq1XwzJdJOhleHXDnsfALngDLQOU7wB3RHFZm0pOy1uidMAGkyXZA0yRJmV6d0kvXvpGlSY97nQCdJaAJnExPgh+jlhUrB3ypmW6fRkgBzZnVDhmcNWqN1SX5Eu/qkZDbGzqoY1zwGhocCXCQToYYEjedTh/tKj6K2DQalSQ0uYymHaRpaXHU8Q2IkNAHaRvXp79h0XDS4Oc3i1ziQe8LNWvR9tFlV0PkPNJpDiJp6QQQWwcnBz2JJwlGI8JRkzzi72Y1lyAQ4sDpAaAC5gJODODAQO37JxIeWOY529pzBABgHkA4DnjOZW223sB1O49HTp1H026esWlwjSC7UQIiSVRbT2c4et1t+QSR2A9v54IxnLckzpY47G10ZG3ZEjtjIB3xzXKlB2vdnlpH4K4oWDSXAiDw743LlC3dr06XTxwrObRnjGLMxxd/MUlNfU9NWq3lUePIwogrx6IkdTeoipqgyoyFpj0Ql2MXZSIXCnAdlcJSSQOA3nJ70mlJ7DJXGhZrs0UEMUzSoGlPaUwAhhRVF6CaVMxy4Uure4gJKvZUXFwClBXZUZeonXI4ZU7KpE1QpsqNjyd6kVoO0TkuToK6FxOCcU6E9oXAE9oXAGVExS1FEoT7LR6Oq16NvArCd2l3uVTKM2RUioD2FTlymPB1JHp/Qe6pNFdr2hxfcNAOeozQwOdg5PIR8FrnWVN79DBIO4uzA4uPwXnHRa+bT9I6CXF/V3cWtHmvQNj34lrADreYJxHv8AVAk+BSxhGrZLJOTlSNbYbKoBgAY0iN+ZRlPZ9IbmNQ9vU0AN1TA3wBMoxtYcyljNFnA7Tt2t3NAUgCQKSfgB1cLUkkThaQofk7BI0tAO/qjPepC7vUFepHFwSOUUFJmd2xYMcXFoEtJBHtiOeZ8e1B7O2eypI1ODvmgaACOwlpyjeklT0bfTskkD9oN0t4P728ez+ULD323SDraCMzh248xhOkpR4M8t0J8mA2+yLq4GRFeqMxOHnfGJQICI2ncGpXq1DvfVqPPe55J96gCZdFBjwmEKV29NhaY9EZdkULhClhNITCkUJQpITSEGEsHbNBE43KI7Pj/K0noWkeH5wojQXj+o7PZ9JUZt1kORHdn2JhsXDdB9h8j+C0/ySeCabFUjnaJS06ZldJBgiD24T2laKpa8CJHaJHhyQtXZbTulv3h7cjzVo6iL7IS08l0Vgcki37MqDcA7+U/gYKStvj5IPHLwZa3t31DDQXHj2d53DxVvabEAzUdP8Ld3i74easPSNaNI3cGtEDyCifWJ+A+KxubfRuWNLsG2sxrWtDQAATgDs4nie9VoR+0fVHf+CAC14PsMef7xwTwE1qeFciOCe1NCeEQDaqhKlqlQEqE+ysOjhKO2fQgyoqNDjxV1suhncs85mmECWhXdTcS0wfA8BzR9ttuuw6m1CDESI3GJG7sHkqrabT6TqmAY4dh+AUbKTvpnyC341FwXB5uW4zfPuaqn0svP3ip5j4KdvSy8/ean2llG0XfWewKVtF31h+yE/px8C75eTVt6VXf7zV+0U8dKbv8Aeav2ysoKLvrD5BO9C76w+QXbI+Ab35NT/wD091+81ftuTH9Jrr95q/1HfFZn0LvrD5BNNB31h8gu2Lwdvfk0L+kd1+8VftlC1dvXB316n2yqQ0D9Y72Jjrf+N3sXenHwdvfks6u2K5/61TP8bs+1Auu3/SKFdRH0neY+CgrU8YJGRxPMJtqXsC2/cZVPWPn8U5pTzby0c+ahBjBWHcnJo37GopjyuJJK8eiL7FC4QnJJxBhC5CfCdSbJA5kD2pZPgZI3T7GRIEjmEObcrc32whOqm7S7mMg943OCprim0GKzdB+mM0z3/R8V8+pn0O1GedTIXG1OxXlexjtHPmgK1t2J1KxXEFGk9ijfaDh7FJUoKIt5FMhWhvyZ3KVxPbUI5pIimMa3muVKzWqCpcE7lBplaUjM5eDlxXLt6iClfT5Jot3cx5f5WjHOMVRlnCUnYgpAk22fzHl/lPFq7n7P8qnrRF9GRwJwKRtnfS9iey0cfnewLvXid6MiCuU63pcTvRIszIkk+SKoW2Vny5E3wXxYmuxWttqVtSpxAG9cosDQj7K2nrFZnI1KJSbVbpqAd3uKja5E9IGxWHcPcUECvXwfxr4PG1C/9H8hLXqQPQocnBysQChUXfSIYOXdS44J1ppeodSbqRASueo3OTS5MLlxw5zlBWd72+8JxKjqnHiPeEGFFjQpywIa6ocePvVzZWBdSY7UAIJGO0yCp3bHkTqHkvEnkrI/lnvQx3jS/pGVCSv3dG2vM6yD2TnwlMPRYD/qH73xWiOqhRmejnZSSlKuz0WH1jvvf3JM6MN41Hfe/uTfu4C/s5lJKQV2eizRvqu+9/cpqXRtjTIeT3gn3uQesgMtHMN2D0mrUAGF2pn0Sd38p4e5ab9csrDHiDHtCzTNksOC8+QRFPZbW5Dz7F5s1F8npQ3LgsHPLPUMD6J9Q+HDwUTrlrsHqO5E4PcVH6A/WO9nwXH2Qdve49mPgl4G5HvaUNUp8/NTMt9I9YnsPBNc4hOhWDlviuqYAHcuoinnWkKTQF1JajISikOS6KQnckku9gk3ohyUrKLeSSSVjI6KQ5J7aY5JJIMZDhTHJF2tFuDAXEkjHRNUaNQwri1aNISSU2NEzPSf/X8B7nKuSSXt6f8Ajj8Hh6j+WXydCcEkldGc6CnBJJccxLhSSROOJqSS4A0qOt+LfeFxJBjI22yBNsyeX4lGUxEBJJfPZfvl8s+kxfZH4Qx4g45rpKSSQc4uO3pJLgCKjckkuOEFO04SSQYRDeng4SSXMI0OK47ckkuQCFwSSSVEIf/Z', 3.7);
INSERT INTO Places (Name, Government_name, VisitingHours, Location, Description, Photo, GoogleRate) VALUES ('Royal Carriages Museum', 'Cairo', '9 AM - 5 PM', 'https://www.google.com/maps/search/?api=1&query=Royal+Carriages+Museum', 'A museum displaying royal carriages from the Muhammad Ali dynasty.', 'https://english.ahram.org.eg/Media/News/2020/7/5/2020-637295623693316507-331.jpg', 4.2);
INSERT INTO Places (Name, Government_name, VisitingHours, Location, Description, Photo, GoogleRate) VALUES ('Farouk Corner Museum', 'Cairo', '9 AM - 5 PM', 'https://www.google.com/maps/search/?api=1&query=Farouk+Corner+Museum', 'A museum dedicated to King Farouk’s personal items and history.', 'https://egymonuments.gov.eg/media/7665/7.jpg?anchor=center&mode=crop&width=645&height=423&rnd=133853905900000000', 3.6);
INSERT INTO Places (Name, Government_name, VisitingHours, Location, Description, Photo, GoogleRate) VALUES ('Gayer-Anderson Museum', 'Cairo', '9 AM - 5 PM', 'https://www.google.com/maps/search/?api=1&query=Gayer-Anderson+Museum', 'A historic house museum with artifacts collected by Major Gayer-Anderson.', 'https://egymonuments.gov.eg/media/6030/%D8%AC%D8%A7%D9%8A%D8%B1-%D8%A7.jpg?anchor=center&mode=crop&width=200&height=180&rnd=133529907380000000', 4.9);
INSERT INTO Places (Name, Government_name, VisitingHours, Location, Description, Photo, GoogleRate) VALUES ('National Museum of Egyptian Civilization', 'Cairo', '9 AM - 5 PM', 'https://www.google.com/maps/search/?api=1&query=National+Museum+of+Egyptian+Civilization', 'A modern museum showcasing Egypt’s history and mummies.', 'data:image/jpeg;base64,/9j/4AAQSkZJRgABAQAAAQABAAD/2wCEAAkGBxISEhUSEhIVFRUXFRYVFxUWFRcXFRUWFRgWGBgVFxYYICkgGBolHRcWITEhJSkrLi4uFx8zODMtNygtLisBCgoKDg0OGhAQGzEmICUtLS0tLS0yLy0tLS0tLS0tLS0tLS0tLS01LS0tLS0tLS0tLS0tLS0tLS0tLS0tLS0tLf/AABEIAJ8BPgMBIgACEQEDEQH/xAAbAAABBQEBAAAAAAAAAAAAAAACAAEDBAUGB//EAEYQAAEDAgMEBgcECAMJAQAAAAEAAhEDIQQSMQVBUWETInGBkaEGMlKxwdHwFEKS4RUjM1NiotLxQ2NyFjRUgoOTssLiJP/EABkBAQEBAQEBAAAAAAAAAAAAAAEAAgMEBf/EAC4RAAICAgAGAQIGAQUAAAAAAAABAhEDEgQTITFBUaEUYSKRsdHh8IEFMkJScf/aAAwDAQACEQMRAD8A7JJPCUL71nwRkkUJQiwoGEoRQlCbCgYSRQlCrAGEoRJKIGEoRJlEMknShQDQlCeE8KIGEkUJQqxoGEoRJKsqAhKEcJQqyoCEoRwlCLKgITEKSE0JTKgITQjhKE2FEcJQjhNCbAGE0I4ShRICEkcJoTYgQlCOEoVZAQmhHCUKsKAhMQjhKFNlRYShEkuNnWhoShFCUIsqBhKEUJQqyoGEoRQlCbICEoRwmhNhQKSKEoVYApQihU6+NDXRExrEeCzLIo9zUYOXYtJJqbw4SDIRQtWZoZJFCaFENCUIoSQIMJQihKFWQMJIoShVkCkiTQiyBSRQmhashoTQiSTYUDCaESUJsKBhKEUJKsKAhKEcJQps0kBCUIklnYaBhNCJMixosQkihKFzs3QySdKEWVDQlCJKFWVApJ4ShNgMmhFCUJsywYShO4wCToBJ7BqquPObD1KjHxAaQ5p/jaDBHaiU1FGowcnSHx2IyC3rHTkPaWPB5+e/+58FiYvbD6T255qNcDJJ6zYgWnXXTkr9Pa1AiekaJ4kAjuI5nwXjm5Sds9UVGPRF/D13MMjfqLwfLn5LYoVg8SPzHaub+30T/i0/xs+fPyU+CxtMPaW1WXIBh7TY8bnj5LWPK49+xmePbt3OhhPCydkbRqVHlrw2MpNgQZkfMrXXrUk1Z5pRcXTBhPCeEoTYDQlCdKEORJDQmhEkjYaBhNCNNCtioFJFCaE2FDJoRQlCbKgUoTpJsqBhJEmTYUMknShFjQKUJ0kWKQKZEmRZqizCScKn+lKMwXQeBa75Lk2kbSb7FtPCpYnaVNjHVBLg2JjW5Dd/MhUG+lFH2Kng3+pGyZOLRuJLFHpNQ4VPwj4FGPSOhxd+FNhRrplmD0hw/tH8LvkpKe3MMTBq5eZZUPkArZFrZfSXPbY20BVd0Fb9X1Q3q69UT6zeMqGhtWu8hrHZiTAAa0knkAELKjTxM6kNBDgdOjqf+DlTxgjD1gBAFNoAGgAqU7AKntStisK2m6oWk1A8FkDqiACCRaSHHRZOI2zVh7DBDmgG26WutwuAuM3u7R2hHRUzn9vWyk8SO8/2WM5pK6PEhtRuVzbWOvAghUsfgS95e0wXEudmvc8PNO0l2DWDdsyW0zvCmwdJ3SMt99o8SFONm1Pab5/Jaey6ZpkF9yDNrxHbF1KcvRPHD2dF6PftT/oPvaujhcrsPGMbVAM3GUW3uIjuWvtLaXQV30yMwaGjWLxJP8wHctxml0MTxtu0acJQscekDfYPiEQ2/T9l3l81vdHPls1klljbtP2X+A+al/SMPDXsewODcmZsE3IJPLTwRuhWNl5JV/0hR/eM8QnGOpfvWfjb807BTJ0lEMVT/eM/EE4rs9pv4gqyoNJMHjiPFOFWVCTJ0k2VDQlCeEk2ZoGEoRJlWVApJ0yrGhkk6SrGgUxTpIsS9haeZ7RzHvC5XbeHZ09TqjUa66BdtsVsvPID3rjdtft39vwC8kpXOvsepRrHf3KlKgzI/qt0G7mFCcMz2QrTP2bu73qrXrZRME9YC3O0+aE+4tdhfZGeyPNL7Gz2fMqWfjuTg/UJtmaRD9iZw8z80vsLOB8VPPx3FFP1BVbKkUquAZbXXirmCc6jem97TEWImNeCGqdPkjGn5ckWaSoWPrVK2Xpaj3QbTltMTu5BQ18AxxkE7uG4AcFNUH1HNSNWU6Fqyj+jW+0fBL9Gj2j4K8D8N6IfV07sNEZ/6MHtHw/NL9Gfxfy/mtAfPei+tVbsdEZlPZ5a8ODxIg6HUGeKu7Qa+tUdVcWhzomAQLAC0nkpDqezin+tUbsdCl9hPtDzUlDCgGXgPHDMWz2kCVaSKt2SgjTwO2BR/Z4Wi3mHmfxFpJVLbGLfiatN5a1mWG+sTvmfVChTP3LN+TbtqjPqYF8nTXjzQfYX8B4hawCWVb3Zz0RkfYqnsjxCY4Kp7PmPmtiOSRCd2GiMVuHqNNm6gjdoQQd/AlL7K/2VrPFwihXMZaIx+gfwPmiy1Buf5rWhKFrdhojJzVf8z+Za3o/jQA7pqjhcRmbUed8xAMbkxCFiuYy5aNHE7SaKgbT67S2c0ObBE2gjkPFUP087fS/mPyTBxBEJpSsjMvGgv0+f3R/H/wDKX+0I/dn8X5IZTSnmBy0TM2+yRLSBxkGFpU8Qx1mvaTwDgSsVysbP9cdhSpk8aNZJJMt2c6NLZQqDEsIqfqn0KhNOB6zKtNoeDro5w+e7i/SrFdHUqOtMjXdYXP8AdaXo7tCo3aNKgXSxtCqG2MmTQeSYtlBtPdvWN6UbPbWrVA8uN+AjQbvzXzlKTbrue+SSijOb6SU8sEai8GTa4Mc1JjNpMDC7cHt0vMOZMeJHcubfsZ3UdmhvSmmLROVzgJG71PJSbRw7Qw9HXa8AAAZm9UuqM6xvpzKwsk67GdFZ1OC2g2rOUgxO/n9eKth3Z4ridhYdzcxdUY1mYZiHC+hA7/musdjaTAC6q1oI6pLmAEDhOq7wm33ObiW5Pv3onuI3bwNeJhVTjaYIaajQToCWyZiAOJuPEKHGbTaMoZUYf1jRU67Oo0SXEiberHKUyl0GMbZB6U0ahol1NxDm9aAdQL2t61rK9Xxgpt6wJMhpAuQYvI7lBtDHjo3OYcxaXCGlpuAYnhaDfcVBtb9vWn97V3/xuVjSk3RT/CkaTcU1zA4WncTfXeFNTfIt71zpRv2zTwzA6q4taXECGl14B3X3ea3KOqsIz2dHRA/DeiB5ea5ql6Y4V4OSo45Bnd+rcIY0jMbi+uidnpzgSQOldJt+yeNe5crOqizpWvkacRu3FFPb5Lmh6X4Zhe2q8tcCTApvdDTBaSQIm6f/AG6wH753/aqf0oUrQ69TfrVQ254gd7iAPMqbx8lkbXy1aBe0nrNGSQQCXEBst7SNQqFD0kwzGdHUrPD6IDKmWnUgOachE5b3EW5rKn1HVnS1HQCTMBQDGsPHwWAfTLAtBacQ+dL0qsj+VMPTHAE/7w+/+VU/oWrLVm/9tZfXwUz91vcuad6Y4AEziXzP7mpu7GLa2ftSniGZ6Li5sxJY5txycAUWi1ZeA5e5P3e5Ym0PSHD4WoWV6pa50PaOjqO6sZbZQYu11lA/03wIMGuf+zW/pSmGp0M8kwK50+l+Cqjo2Vi5z+oAKNUSXWAktjUhQ4P0mw2HBo1qwD2uMAU6joa7rNuARBBB7IRt+Ki1OmfqLeSxK/pDle5v2d5yktkFt4MSrL8YK1NtWg6d7SWuaHDUiDfS+m7w5vb21MMaj6JeWva85oY46TbzVv3HU2f9pR/w9XxZ8049JB/w9X+T+pcj+ksJJP2giWhv7N1oDRPl5qWlj8IMrvtBhog/qn9YkvM+fknYtfsdbh/SBr3tZ0FVuYgSckCeMOlaZrNaC5zgA2SSbAAXJJ3ABcjsHamGEUm1HVXue2Dkc2JyjfwiV23o1gw/GklrXM6KoHtc2QXZmAGDaYMeKnNoy4lTD4llRrX03h7To5plpixgjmpp+rrOrMyOc1vVAc6ALAXO4JUal+s62+SV3a1Vs5Xbo0MwmJvw8U6w3UnU6zHscSwktIkn1tLm8TFjpHNaxxDRJLoAMSbX1i++LrnHImLiSOUuEeA8EmBe500KrCqNJEixAvfgoce79W7mI0MfUA+C3uqsGvBZ2tt80KoZlBbAkzDpO5vktDAbSZWkNkEAEg8DvHELgKxAqNiOqDJcdBliYAlWdl4qKjgL9WZ9m4hpOpJBnguMuLUE5y7DyvBv7NrOO02gD/CqNG4wThiT7wodvYlor1JnX2iPutOizPRvar3Y6m40y57hXo5BDDboznMnqwGk6nTms3bOAqGpU6zi9roAcDPMSSZ4RJ+C83Ma6xPRNWkRbU2wGMa0Uy+Khqh0nKes4wDFnS4LMwOyCKRMNh4ptjrSJew9YRbRCHVHUS6qY6xa0cRobGxva+q3qWGIpgXu9nAkfe1AvpqqDlQeSicIQxzBF3siCbZaTQYAE6k+agq7PNYdHaWAkFxMDMYgGOLZvxWzSbd4162p/wBLUOWKsD2HaC1ngfFSdSTYEOIol2IYQB+rLahuZMBrYH4eSjp7NBc8yMtR2Ugbs5dMk2Ovkp9oVHBzcrT1hlka2dp9cVLg2OLQ5+pqUxzIBMyLDX4rHMbdL2aj3I6YyMrZy3O+pUfDSeqQ3JBtxb5rT2o//wDRWH+bUtrcudb3rJ2vh2vbIaTLqkPEkwS6AInw7UWGoVCCKj5dnec2pJmSZ3ze66Yp5Hevc55afcuVXgCSsjatKnWDCZOXMYtvDQNbRc+C0sWW0wLZr36wzAA8DroVk4zZT6o6WmMgyOc0h4cHEOa0hseqetfduWcubLOThaX/AIYxxUepnMwYp9IGAHNRe35nmSLaamFl4LZJcXE5MpJ+8Q4APEloynhHfC7s7DnD4is8yaVMFsaGXFpOusAjvVKi0EhpNpFibC43E++VrHDNTSqzpLJGNWYXpBhYqVDI6zAO8BskAdui5+lg6hg5HAH7xa4NjjMLtX0czy6Ww5jAZaCfVBs7UET5Ky0uAs82FgYIECF1hDJp0QTzQUqOgoVAaLGgaCnfrRZzV55XLS7FvO+uzT+KpUcfdaV1WGc/LUl1g3Nl0BPSMHdru4JOlsC93h08wwzHA9fyWIwldS79P1Oiyx1vx/BzdXY1AvdVdUcGDruaWxIH3Q6bbr81kspg1xkacpiBDbcgWSHCfvb12OKxL2tDWjWTc2Ak37zHvRtpEw5zn5uIqVOHbyVghOUpJ+On2MTzQikznMRgS+pWLaNuhe0AUzd7Rmzi3rGInW67P0WmnQbTLDOp1GUl15Heq1NxBkF3ZJgz2zH90dGsQLktvoHmOFwI+uxM4Zrqun26guIxsy/THZ1XEYppY0RTptBJdrmJIAnmTZc7tTY1Rry4hxBAjKwukwBFt8+5dw9zn9YDrCIkkzA496z61NwJdOkzBsZ115rlinllNxS7GpZIruc3sTCPpYlgLDIc0gkECTBbeOJErdrbBfWdXeAHP+zipdsQGNZmyk6OvAaL6LewQwppizOn6SlBjrFgDgb8Jy81Cw6nQloiCZLXAW7Liy6TjPmpeK6lHKtTUDmMojI05JAbAyw0xBIOggrisZsx1XHYhwIa0kOBIJa4FgBgjhKt4xzy5oa45RBgE2EgEkGw1jyV9+MDbySDodQZ3HgbfWi481xbpWLn0OEdsWoKzaRaTLgMwBhzSR1gTbQzyXT1vRyk17qMv6Nt80iSWmqIzZY0A3b1fGOe5xyEiIzOPAmco3GZN/zV+nVc5xbJcRlcIMa3JmInmuzzPl7teQTTlRL6OeitBrH1w5+ZhaRLm5bMpvv1eJd3ALqvQ6o77VUEANLHGZ1g04ie9ZtZw+yuayqXTLarcwJ60hxJNwbRIOsnmsVmFqsI6MlocWw5zi5sMa/OM08bxHcsviIul5Oig0zVxrP11S3+I/8A8iq9SyVCk7D5aj3039KyZa0ZQ/M6AekBJFhLrazYabWIoUK2FxDm0qLHSWts0OkWGWBvgLuuJT6HJ4a8mIXnKCInO0b9JE27JCm9LiTRJIA/XUyIi80Tc+AHcqLaRpUTTJaXGm2oNOrao6Jiwjoz48FlbZ2hWHRNzl7TTBIOUgkPe1pgiJAEdgWKcppr+9DTajGmXMFi8tRzSPWJfmJNrAx5ra2i80WgOAymHucCTlb0bnggHUwVzIqHpOvvpU3Cw1yN08CtNmPLqfSF7iQ9rAbmLWvu6tltxlp+Rhzjv+ZK1mGILmEulljG90xOXQ37oKnbs4tk9GWCYl3VzcN/AeSxKVepVIa2oRIvcwbT1uN/NdNiNodPRpnpHA5WmJlt2iTe+aV5Z44x6ZOn+RWRuNpHMhwa9pFYt/VuGYHLPWFp7kiGuv07j/zCb6+d+8qu6k4mCCYMT2zpwmEz8O7exw0+8e7fvXxnKXh+PsdnJ+iw6gwgNz75vBvM6d5RvawMIzG76c3uQA/QcASFUZhybhptc3O5S0tn1DYNNv44F906KjNrz7BW/BI4U59Z3ghOTTO7yHwTOwVS/WIgxIMju0lCcNUABzPI9Ynl9BZWNvz/AH8jajL0Ttaw3mY5iPCLpqzgWOBMND6cQWwBOpGWxkuG+yqMw9Qm1SrAGa+UAi+8i9r24FOWi8k7jBcRpJBIldscHB9xcGX6LmNAAe6ASRdh17tOXNM+pTGma4H3jwVZtAHRt7XudZ3diTqdjbTcNVhwn7HR/Yr7TfSeW3qWvAa4k98bpJ5wFp4LHNc3LnqZbt64LeqSw5esNJY2w4Kr9mfrlPL1hbTcbqelhWCZbmdF5A3mL8PzXTaaXRszyn9i26sMr2ZqhY8EPa0sIcCSSCLHUzZZwdSa61KtY62idfaTt2Ox5HUG8gCRMc4sPKyvHZO7KWEyAc5Nwe3mLncjfKl/ufz+5PFfhFShgqWs1BcGCW7hHDkrXRU/4tI7lAcHWBIyOIG9xAkcbmVIMHXtFOJ0uLrhKWdvuzOq9fBK1tMB4aCCWR2gOa4jt6qo13UBlDi83Ny64JjWIgQI09nvmOCrm5DQOJewfFPU2VUcC0upkOiWuqNvO4iTabdy748mdeWDimqr4AH2WZMnTV53WG+FHV+ztiKT3/6XG3i5Y209i42jLqFcPYJPRmoxxaLeqHkgjlYrJb6VVxZ1Jkg3hjgewiY8l7YQ4lq4Tv4MvHHyjsaFWhp0FQ3nrXE9zlp1q7XU8kZWwDLYaQAZO5cSz0nJH+6OnNOZpdER6uXJ5yrh9LDkLW4FwN8rjnOWderlAdvF+K45MHFza2/U6QUI3R0dEU9xec0EEunUCIKhxG0KbbOcWg2nN22kjXvXLYTa2Lf1GUmUr/tHtIa0boa1vLg7dpv6PCUBlAqYrORJksqRJ/hIt+SJcJkj36v7L+A2RO3ENcRlqukHNboj3Hq6IhTaQJc8wIkhkkW3taI0lQDCUhcVQOyk6fOEbsLTt/8AoJ/6Z+a4rDxMekU1/hA2v6/5GbhKdw3MJEWAJsQdSeSgfXw7TJJBBNy0RcknlvUop0t9d2v7onv1SdQofvqhubGkNOPrLtGPFvvZn8JWftXDH/FBvfqWvGt+IVzJSeBJtuIbbl3fNCKNAf4lU/8ATaPHrdqdraPtVuzIz3lyng4mvwxfx+yLaK9EtLE0mEtJqvaYOWCRInrZgNYtbwVqptdjmBrQ9oB13+qQYDtNeG5UXCiT/jbtzI5xeVJQFHQise9g+BV9LxX/AF/Q0sqXlD4jatKo1jTSqDK6Q5rWgzzGaP5Vfwu1aQJlrntMRmPWHrWkRa48FUdSw4+5W/FTjxyqNwoexV/G2T29VL4Ti3/xDnxXlFqriKJDruJLSNB7JaL7oBPgFHQwArhrC+C1pDRYEguPKzoIvvVcdD7FTs6Rv9CmwuIpsJIpv73tP/pqukOH42PSvkObjb/FQ1ej0NXI9tYuiB6pY4HSHHXuTmsyCzKGjMDEiczd8ZbFXq+2Wvphj6WaLh2brDfIOX6hZWGoUhq2o7hNQW8GBdJcJxjXT+/IPJiT6NBCrSaYFMxEEgie1SuxVL/M0GhB+CY06W6m7/uf/Kb7NR1NNw7Kv5Lk/wDT+Ll1lFfBnn412a+f2KootNgx0CTJMSZJmxPLx8QrAEyWOvl++bwRfT6hW2+rOYX/AItedgb81HWpcxG6494F19ZcFjB8VMjG0Yt0ZImSMxEmInSdFO3a9weiHO5JJ7VSe2NfC5HuSaPrQK+ix+jP1Uy27aRNwxskzp8N39k/6Rd7FP8ADqqrW9vZEfBFkv8AXyW1weL0YfE5PZaO06v8PLqj64eChdtCqd4tujXXUi+8oS295TFg1nxlP0mP0X1M/Yf2ytpm/lHEHd2BN9oqal5uZ5d3DuQtbP1fzRZREE/X1KVw2NeAeefsariazp/Wnnpv92iAVqsR0hj64KRzQI/sonvA1NkfTY14Lnz9hMrPH3zv3mDME9u7wTvqE3zGdZ3+PFRU3tJsfCfNOYncnkw9FzZew8xJkuM+9PPNALaW7Ajz3+MhaWKPoHN+xFgT9EjGiQeRY8bQCYW1jj6MObIhhGz6o7xr3FSNojh7lKHDQk/DxTPbuBM8ss+a3qjOzE2n9WScy1/CPipKYHPvIkJyxp+HJDih2ZXLW8uyyGB9SpI45R4z5pw4e15QnVGdmRDgnI5jw/NG1vP4IRUOhIA7QPenVFswSzs5pZAVIQ2LHuEfFM628eMJpBbADLp4SM6/GyI6b+4+VkpGdhN7vruUrQRpHcgZOsE/XApw7iR2m499k0Vkz/rQfBRA/VijyADj/pUbTawPDVvwKUkDbGmf7J2jd32AHzQ1Z4eYJHaETIN4uORCaQWxwfqyM1IHDuPw0TGDePEJgd/z+JCaQWS9LyJ7AfgjD+38JUbYv7tPinY3sH/KoAegGsHtAdp4KKsR94PI7CLdqKk1jySDuuRIPPgo3EO6oaI4m57gR8VwPQQDLw7oM96Ijl8E7mWj3WHkUxsFACx2v5ImmdB26A+ZQurRz7NfgmbVz+qe23ldIBsBBAI/m08fgiNPgB9dibJG6e4SfcllBF2iODro6CM2qDvAPCfiQnewzP8A7fCLpgzc1sdgaEjIBJi3tXUQzR2HslObcu23fdA+obR1uwAe8hJ7TAMX3yY90hDFCgTxPIjzScO3xQta43mOQ+coC3v8Qg0SF8fRTOedwJnk4+5QurAHLmOunnwUlN7bcd1rpMk7avBrvD5o29hHaY+Kjbe8zz+gpCHbiI8/HctIGE12825ggj5yk0zvnxJQNaRcud5e4Qil2szv0j4poLDi5i3bHzSzAanzQyTrHeNPBAxsQfMR7oUVkr3AWGvNRPnfJ5gwRykQme8DWBO+LnwCZrgdAPBNGbH6GmTPWP8AzOPxRtLBo3wBHuF0Bbe4vyg+ZTmjBkeQbu7lUithzw89UPSW1jvgeV0DjvM8NSfKfgoxipOUXOn1KQZKKt4+J+ikahG63GdEL6kesbmYHZ7lF9raDr262+uSQLDa4OhHipKdQjgN8zooaVcO0v4jwSD72B7jCSJakA5rdtpPknkn5GfeY9yCriAHXaeGv5oXY1ujQSeA+ZCkTLGY/XxCZrydR5lVelqGOqByLoPiBCnl06Ad9/coB8175gI1PzTXJ6rhPfPvQGsBrHbGqJrXTIjx07oCSJadVw1zfhIHiUWd38R8BHmoofpYdm/tQPqGADfncfFRM//Z', 3.9);
INSERT INTO Places (Name, Government_name, VisitingHours, Location, Description, Photo, GoogleRate) VALUES ('Giza Pyramids', 'Giza', '5 AM - 7 PM', 'https://www.google.com/maps/search/?api=1&query=Giza+Pyramids', 'Repeated entry for the iconic pyramids.', 'https://egymonuments.gov.eg/media/1215/pyramidsss.jpg?crop=0.26411576704545459,0.10024175153587361,0.025656960227272589,0.22526225483213388&cropmode=percentage&width=645&height=423&rnd=133752845160000000', 4.5);
INSERT INTO Places (Name, Government_name, VisitingHours, Location, Description, Photo, GoogleRate) VALUES ('Khufu Pyramid (Interior Visit)', 'Giza', '5 AM - 7 PM', 'https://www.google.com/maps/search/?api=1&query=Khufu+Pyramid', 'Interior access to the Great Pyramid of Khufu.', 'https://i.ytimg.com/vi/CEl6P5wo6ro/maxresdefault.jpg', 4);
INSERT INTO Places (Name, Government_name, VisitingHours, Location, Description, Photo, GoogleRate) VALUES ('Menkaure Pyramid', 'Giza', '5 AM - 7 PM', 'https://www.google.com/maps/search/?api=1&query=Menkaure+Pyramid', 'The smallest of the three main Giza pyramids built by Menkaure.', 'https://smarthistory.org/wp-content/uploads/2021/10/MenkaureFull.jpg', 4.3);
INSERT INTO Places (Name, Government_name, VisitingHours, Location, Description, Photo, GoogleRate) VALUES ('The Great Sphinx', 'Giza', '5 AM - 7 PM', 'https://www.google.com/maps/search/?api=1&query=The+Great+Sphinx', 'Another name for the Sphinx monument.', 'https://egymonuments.gov.eg/media/2481/international-campaign16.jpg?center=0.50684931506849318,0.5&mode=crop&width=645&height=423&rnd=133250838600000000', 4.3);
INSERT INTO Places (Name, Government_name, VisitingHours, Location, Description, Photo, GoogleRate) VALUES ('Meresankh III Tomb', 'Giza', '5 AM - 7 PM', 'https://www.google.com/maps/search/?api=1&query=Meresankh+III+Tomb', 'A well-preserved tomb near the Giza Pyramids for Queen Meresankh III.', 'https://egymonuments.gov.eg//media/1231/meresankh-iii-210908-010_008_definitiva_spuntinata-copia.jpg?center=0.40659340659340659,0.49180327868852458&mode=crop&width=1200&height=630&rnd=133748500790000000', 3.8);
INSERT INTO Places (Name, Government_name, VisitingHours, Location, Description, Photo, GoogleRate) VALUES ('Workers'' Tombs', 'Giza', '5 AM - 7 PM', 'https://www.google.com/maps/search/?api=1&query=Workers+Tombs', 'Tombs of the workers who built the Giza Pyramids.', 'https://admin.ask-aladdin.com/photos/egypt/articles/the-tombs-of-the-workers-of-deir-el-medina-1-askaladdin.webp', 5);
INSERT INTO Places (Name, Government_name, VisitingHours, Location, Description, Photo, GoogleRate) VALUES ('Saqqara Necropolis', 'Giza', '8 AM - 5 PM', 'https://www.google.com/maps/search/?api=1&query=Saqqara+Necropolis', 'An ancient burial ground with pyramids and tombs.', 'https://cdn.britannica.com/57/130857-050-9620128D/Step-Pyramid-of-Djoser-Saqqarah-Egypt.jpg', 4.7);
INSERT INTO Places (Name, Government_name, VisitingHours, Location, Description, Photo, GoogleRate) VALUES ('Nobles'' Tombs and New Kingdom Tombs (Tombs of Horemheb and Bubastites)', 'Giza', '8 AM - 5 PM', 'https://www.google.com/maps/search/?api=1&query=Nobles+Tombs+Saqqara', 'Tombs of nobles including Horemheb from Saqqara.', 'https://dynamic-media-cdn.tripadvisor.com/media/photo-o/28/35/af/9d/tombs-of-the-nobles.jpg?w=1200&h=-1&s=1', 4.9);
INSERT INTO Places (Name, Government_name, VisitingHours, Location, Description, Photo, GoogleRate) VALUES ('The Serapeum', 'Giza', '8 AM - 5 PM', 'https://www.google.com/maps/search/?api=1&query=The+Serapeum', 'An underground burial site for sacred Apis bulls in Saqqara.', 'https://images.squarespace-cdn.com/content/v1/5f4ef170d347c007483edd76/ae8ebdfb-1e28-481f-bb18-4c8a475cb61a/Serapeum-1378.jpg', 4.8);
INSERT INTO Places (Name, Government_name, VisitingHours, Location, Description, Photo, GoogleRate) VALUES ('Tomb of Mereruka', 'Giza', '8 AM - 5 PM', 'https://www.google.com/maps/search/?api=1&query=Tomb+of+Mereruka', 'A large mastaba tomb in Saqqara with detailed reliefs.', 'https://www.egypttourpackages.com/images/egypt_blog/The-Tomb-Of-Meruka_bLuR.jpg', 4.4);
INSERT INTO Places (Name, Government_name, VisitingHours, Location, Description, Photo, GoogleRate) VALUES ('Comprehensive Ticket for All Saqqara Tombs', 'Giza', '8 AM - 5 PM', 'https://www.google.com/maps/search/?api=1&query=Saqqara+Necropolis', 'A ticket covering all accessible tombs in Saqqara.', 'https://egymonuments.gov.eg//media/2068/0674.jpg?center=0.66666666666666663,0.54918032786885251&mode=crop&width=1200&height=630&rnd=133853881040000000', 4.9);
INSERT INTO Places (Name, Government_name, VisitingHours, Location, Description, Photo, GoogleRate) VALUES ('Step Pyramid of Djoser (Southern Entrance)', 'Giza', '8 AM - 5 PM', 'https://www.google.com/maps/search/?api=1&query=Step+Pyramid+of+Djoser', 'The oldest stone pyramid in Egypt built for Pharaoh Djoser.', 'https://d3rr2gvhjw0wwy.cloudfront.net/uploads/mandators/41668/cms/561499/940x500-1-50-cc2b71d768cdab40b42b6e7a7d5e99b0.jpg', 3.6);
INSERT INTO Places (Name, Government_name, VisitingHours, Location, Description, Photo, GoogleRate) VALUES ('The Southern Tomb', 'Giza', '8 AM - 5 PM', 'https://www.google.com/maps/search/?api=1&query=The+Southern+Tomb', 'A tomb associated with the Step Pyramid complex in Saqqara.', 'https://www.egypttoday.com/siteimages/Larg/202109150320562056.jpg', 3.8);
INSERT INTO Places (Name, Government_name, VisitingHours, Location, Description, Photo, GoogleRate) VALUES ('Vehicle Tickets for Saqqara Archaeological Area', 'Giza', '8 AM - 5 PM', 'https://www.google.com/maps/search/?api=1&query=Saqqara+Necropolis', 'Vehicle access ticket for the Saqqara area.', 'https://d3rr2gvhjw0wwy.cloudfront.net/uploads/activity_galleries/322337/2000x2000-0-70-a595b419fa01cda596598f11b41b2346.jpg', 3.6);
INSERT INTO Places (Name, Government_name, VisitingHours, Location, Description, Photo, GoogleRate) VALUES ('Dahshur Archaeological Area', 'Giza', '8 AM - 5 PM', 'https://www.google.com/maps/search/?api=1&query=Dahshur+Archaeological+Area', 'An area with the Bent and Red Pyramids from the Old Kingdom.', 'https://www.cairotoptours.com/storage/667/conversions/Information%20about%20Dahshur%20pyramids-webp.webp', 4);
INSERT INTO Places (Name, Government_name, VisitingHours, Location, Description, Photo, GoogleRate) VALUES ('Mit Rahina (Memphis) Archaeological Area', 'Giza', '8 AM - 5 PM', 'https://www.google.com/maps/search/?api=1&query=Mit+Rahina+Archaeological+Area', 'The ancient capital of Egypt with statues and ruins.', 'https://dynamic-media-cdn.tripadvisor.com/media/photo-o/09/14/61/8c/memphis-museum.jpg?w=1200&h=-1&s=1', 4.1);
INSERT INTO Places (Name, Government_name, VisitingHours, Location, Description, Photo, GoogleRate) VALUES ('Vehicle Tickets for Mit Rahina Archaeological Area', 'Giza', '8 AM - 5 PM', 'https://www.google.com/maps/search/?api=1&query=Mit+Rahina+Archaeological+Area', 'Vehicle access ticket for Mit Rahina.', 'https://paliparan.com/wp-content/uploads/2024/02/ancient-memphis-1.jpg', 3.9);
INSERT INTO Places (Name, Government_name, VisitingHours, Location, Description, Photo, GoogleRate) VALUES ('Bahariya Oasis Archaeological Area', 'Bahariya', '8 AM - 5 PM', 'https://www.google.com/maps/search/?api=1&query=Bahariya+Oasis+Archaeological+Area', 'An oasis with tombs and Greco-Roman remains.', 'https://static-cdn.toi-media.com/www/uploads/2021/03/EwXHPQTXEAcXIaC-e1615659707128.jpg', 4.7);
INSERT INTO Places (Name, Government_name, VisitingHours, Location, Description, Photo, GoogleRate) VALUES ('Qaitbay Citadel (Alexandria)', 'Alexandria', '8 AM - 5 PM', 'https://www.google.com/maps/search/?api=1&query=Qaitbay+Citadel+Alexandria', 'Repeated entry for the Qaitbay Citadel.', 'https://egymonuments.gov.eg//media/8107/dsc_0017.jpg?center=0.54054054054054057,0.5&mode=crop&width=1200&height=630&rnd=133881477860000000', 4);
INSERT INTO Places (Name, Government_name, VisitingHours, Location, Description, Photo, GoogleRate) VALUES ('Abu Mena Archaeological Site', 'Alexandria', '8 AM - 5 PM', 'https://www.google.com/maps/search/?api=1&query=Abu+Mena+Archaeological+Site', 'An early Christian monastic site near Alexandria.', 'https://thebrainchamber.com/wp-content/uploads/2023/10/Abu-Mena-7.jpg', 3.9);
INSERT INTO Places (Name, Government_name, VisitingHours, Location, Description, Photo, GoogleRate) VALUES ('Pompey''s Pillar', 'Alexandria', '9 AM - 5 PM', 'https://www.google.com/maps/search/?api=1&query=Pompey+Pillar', 'A Roman triumphal column in Alexandria.', 'https://dynamic-media-cdn.tripadvisor.com/media/photo-o/16/4d/ff/e7/pompey-s-pillar-alexandria.jpg?w=1200&h=-1&s=1', 4.3);
INSERT INTO Places (Name, Government_name, VisitingHours, Location, Description, Photo, GoogleRate) VALUES ('Kom El-Dikka (Roman Theatre)', 'Alexandria', '9 AM - 5 PM', 'https://www.google.com/maps/search/?api=1&query=Kom+El-Dikka', 'A Roman theater and residential area in Alexandria.', 'https://pcma.uw.edu.pl/wp-content/uploads/2018/01/5_Alex_Teatr-968x726.jpg', 3.7);
INSERT INTO Places (Name, Government_name, VisitingHours, Location, Description, Photo, GoogleRate) VALUES ('Kom El-Shoqafa Catacombs', 'Alexandria', '9 AM - 5 PM', 'https://www.google.com/maps/search/?api=1&query=Kom+El-Shoqafa+Catacombs', 'Underground tombs blending Egyptian and Greco-Roman styles.', 'https://gootatravel.com/wp-content/uploads/2022/11/Catacombs-of-Kom-el-Shoqafa1.jpg', 4.7);
INSERT INTO Places (Name, Government_name, VisitingHours, Location, Description, Photo, GoogleRate) VALUES ('Mostafa Kamel Tombs', 'Alexandria', '9 AM - 5 PM', 'https://www.google.com/maps/search/?api=1&query=Mostafa+Kamel+Tombs', 'Greco-Roman tombs in Alexandria.', 'https://lh4.googleusercontent.com/proxy/OD-PP_9VxWlsf3Vp1-McMMx5PgD9JUd2ryrWtiH5Mv90kjrWnEK2gFW2wvzD4RIu7obFjpc0Xi21dydujLuZIz0ENwqbcNgRxwP_S--ddlFtvOXEwYoHDGhEO6QfjILBkDPUGA', 3.6);
INSERT INTO Places (Name, Government_name, VisitingHours, Location, Description, Photo, GoogleRate) VALUES ('Anfushi Tombs', 'Alexandria', '9 AM - 5 PM', 'https://www.google.com/maps/search/?api=1&query=Anfushi+Tombs', 'Ancient rock-cut tombs from the Ptolemaic period.', 'https://mlrhpz8jmuut.i.optimole.com/cb:lD8R.5019e/w:auto/h:auto/q:mauto/f:best/ig:avif/id:bbc7b289e3380a6328261ba949de1f5d/https://www.egypttoursplus.com/South-east-corner-tombs-of-Anfushi-Alexandria-Photo-by-Roland-Unger.jpg', 5);
INSERT INTO Places (Name, Government_name, VisitingHours, Location, Description, Photo, GoogleRate) VALUES ('Al-Shatby Necropolis', 'Alexandria', '9 AM - 5 PM', 'https://www.google.com/maps/search/?api=1&query=Al-Shatby+Necropolis', 'An early Hellenistic cemetery in Alexandria.', 'https://egymonuments.gov.eg/media/1606/dsc_0969.jpg?center=0.23333333333333334,0.40740740740740738&mode=crop&width=645&height=423&rnd=133857313770000000', 4.7);
INSERT INTO Places (Name, Government_name, VisitingHours, Location, Description, Photo, GoogleRate) VALUES ('Sunken Monuments of the Eastern Harbor', 'Alexandria', '9 AM - 5 PM', 'https://www.google.com/maps/search/?api=1&query=Sunken+Monuments+Eastern+Harbor', 'Underwater ruins of ancient Alexandria.', 'https://cairoprivatetours.com/wp-content/uploads/2022/06/Cleopatra-palace-underwater.jpg', 3.8);
INSERT INTO Places (Name, Government_name, VisitingHours, Location, Description, Photo, GoogleRate) VALUES ('Alexandria National Museum', 'Alexandria', '9 AM - 5 PM', 'https://www.google.com/maps/search/?api=1&query=Alexandria+National+Museum', 'A museum covering Alexandria’s history from antiquity to modern times.', 'https://upload.wikimedia.org/wikipedia/commons/d/da/GD-EG-Alex-Mus%C3%A9eNat040.JPG', 3.5);
INSERT INTO Places (Name, Government_name, VisitingHours, Location, Description, Photo, GoogleRate) VALUES ('Royal Jewelry Museum', 'Alexandria', '9 AM - 4 PM', 'https://www.google.com/maps/search/?api=1&query=Royal+Jewelry+Museum', 'A collection of royal jewelry from the Muhammad Ali dynasty.', 'https://egymonuments.gov.eg//media/1230/01-1.jpg?anchor=center&mode=crop&width=1200&height=630&rnd=133881532000000000', 4.7);
INSERT INTO Places (Name, Government_name, VisitingHours, Location, Description, Photo, GoogleRate) VALUES ('Greco-Roman Museum', 'Alexandria', '9 AM - 5 PM', 'https://www.google.com/maps/search/?api=1&query=Greco-Roman+Museum', 'A museum with artifacts from Alexandria’s Greco-Roman period (currently under renovation).', 'https://egymonuments.gov.eg//media/8211/whatsapp-image-2023-10-10-at-111142-am-1.jpeg?anchor=center&mode=crop&width=1200&height=630&rnd=133881532900000000', 4.6);
INSERT INTO Places (Name, Government_name, VisitingHours, Location, Description, Photo, GoogleRate) VALUES ('Suez National Museum', 'Suez', '9 AM - 5 PM', 'https://www.google.com/maps/search/?api=1&query=Suez+National+Museum', 'A museum showcasing the history of Suez and its canal.', 'https://egymonuments.gov.eg//media/7996/120344479_2826310660930048_1973008236049013341_n.jpg?center=0.51086956521739135,0.49079754601226994&mode=crop&width=1200&height=630&rnd=133881543850000000', 4.6);
INSERT INTO Places (Name, Government_name, VisitingHours, Location, Description, Photo, GoogleRate) VALUES ('Ismailia Museum', 'Ismailia', '9 AM - 5 PM', 'https://www.google.com/maps/search/?api=1&query=Ismailia+Museum', 'A museum with artifacts from the Pharaonic and Greco-Roman periods.', 'https://betamedia.experienceegypt.eg/media/experienceegypt/img/Original/2022/7/21/2022_7_21_0_26_4_929.jpg', 4.7);
INSERT INTO Places (Name, Government_name, VisitingHours, Location, Description, Photo, GoogleRate) VALUES ('Temple of the Oracle (Siwa)', 'Siwa', '8 AM - 5 PM', 'https://www.google.com/maps/search/?api=1&query=Temple+of+the+Oracle+Siwa', 'An ancient temple visited by Alexander the Great.', 'https://mlrhpz8jmuut.i.optimole.com/cb:lD8R.5019e/w:auto/h:auto/q:mauto/f:best/ig:avif/id:04171cff8b5e3ef1774cb12322074c69/https://www.egypttoursplus.com/Temple-of-Amun-view-to-the-north-Aghurmi-Siwa-Photo-by-Roland-Unger.jpg', 3.6);
INSERT INTO Places (Name, Government_name, VisitingHours, Location, Description, Photo, GoogleRate) VALUES ('Mountain of the Dead Tombs (Siwa)', 'Siwa', '8 AM - 5 PM', 'https://www.google.com/maps/search/?api=1&query=Mountain+of+the+Dead+Tombs+Siwa', 'Rock-cut tombs from the Ptolemaic and Roman eras.', 'https://mlrhpz8jmuut.i.optimole.com/cb:lD8R.5019e/w:auto/h:auto/q:mauto/f:best/ig:avif/id:936c3eaae01983aec4ee6955ab29a131/https://www.egypttoursplus.com/West-side-of-Gebel-el-Mawta-Photo-by-Roland-Unger.jpg', 4);
INSERT INTO Places (Name, Government_name, VisitingHours, Location, Description, Photo, GoogleRate) VALUES ('Matrouh Museum', 'Matrouh', '9 AM - 5 PM', 'https://www.google.com/maps/search/?api=1&query=Matrouh+Museum', 'A museum displaying artifacts from Marsa Matrouh’s history.', 'https://betamedia.experienceegypt.eg/media/experienceegypt/img/Original/2022/8/9/2022_8_9_0_0_29_730.jpg', 3.7);
INSERT INTO Places (Name, Government_name, VisitingHours, Location, Description, Photo, GoogleRate) VALUES ('Cave of Rommel Museum', 'Matrouh', '9 AM - 5 PM', 'https://www.google.com/maps/search/?api=1&query=Cave+of+Rommel+Museum', 'A WWII site used by Field Marshal Rommel as a headquarters.', 'https://www.egypttoday.com/siteimages/ArticleImgs/2022/8/29/103709-Rommel-Cave-7.jpg', 4.8);
INSERT INTO Places (Name, Government_name, VisitingHours, Location, Description, Photo, GoogleRate) VALUES ('Rashid (Rosetta) Monuments', 'Rashid', '9 AM - 5 PM', 'https://www.google.com/maps/search/?api=1&query=Rashid+Monuments', 'Historic Islamic houses and the Rosetta Stone discovery site.', 'https://scenehome.com/Content/Admin/Uploads/Articles/ArticlesMainPhoto/20501/6683f0f8-38db-4f4c-b9bf-b14f99707918.jpg', 4.4);
INSERT INTO Places (Name, Government_name, VisitingHours, Location, Description, Photo, GoogleRate) VALUES ('Qaitbay Citadel (Rosetta)', 'Rashid', '9 AM - 5 PM', 'https://www.google.com/maps/search/?api=1&query=Qaitbay+Citadel+Rosetta', 'A smaller fortress built by Sultan Qaitbay in Rosetta.', 'https://hurghadalovers.com/wp-content/uploads/2022/11/Citadel-of-Qaitbay-in-Rosetta-Egypt-Facts-Fort-of-Qaitbay-in-Rashid-History-Qaitbay-Fort-800x530.jpg', 4);
INSERT INTO Places (Name, Government_name, VisitingHours, Location, Description, Photo, GoogleRate) VALUES ('Anba Bishoy Monastery', 'Wadi El Natrun', '9 AM - 5 PM', 'https://www.google.com/maps/search/?api=1&query=Anba+Bishoy+Monastery', 'A Coptic monastery founded in the 4th century.', 'https://egyptianstreets.com/wp-content/uploads/2019/06/902041.jpg', 3.6);
INSERT INTO Places (Name, Government_name, VisitingHours, Location, Description, Photo, GoogleRate) VALUES ('El-Suryan Monastery', 'Wadi El Natrun', '9 AM - 5 PM', 'https://www.google.com/maps/search/?api=1&query=El-Suryan+Monastery', 'A Coptic monastery known for its ancient manuscripts.', 'https://upload.wikimedia.org/wikipedia/commons/thumb/0/09/Deir_as_Suriani.jpg/1200px-Deir_as_Suriani.jpg', 4);
INSERT INTO Places (Name, Government_name, VisitingHours, Location, Description, Photo, GoogleRate) VALUES ('Baramus Monastery', 'Wadi El Natrun', '9 AM - 5 PM', 'https://www.google.com/maps/search/?api=1&query=Baramus+Monastery', 'One of the oldest monasteries in Wadi El Natrun.', 'https://travel2egypt.org/wp-content/uploads/2024/03/bramous-monastery-egypt-054.jpg', 4);
INSERT INTO Places (Name, Government_name, VisitingHours, Location, Description, Photo, GoogleRate) VALUES ('Anba Makarios Monastery', 'Wadi El Natrun', '9 AM - 5 PM', 'https://www.google.com/maps/search/?api=1&query=Anba+Makarios+Monastery', 'A Coptic monastery with historical significance.', 'https://sharmhurghadaexcursions.com/images/items/1568790037d0751e669c8edb4de280a08c31661b4c.jpeg', 4.6);
INSERT INTO Places (Name, Government_name, VisitingHours, Location, Description, Photo, GoogleRate) VALUES ('Kafr El-Sheikh Museum', 'Kafr El-Sheikh', '9 AM - 5 PM', 'https://www.google.com/maps/search/?api=1&query=Kafr+El-Sheikh+Museum', 'A museum with artifacts from the Delta region.', 'https://egymonuments.gov.eg//media/6321/111.jpg?center=0.13157894736842105,0.46666666666666667&mode=crop&width=1200&height=630&rnd=133853912630000000', 4.5);
INSERT INTO Places (Name, Government_name, VisitingHours, Location, Description, Photo, GoogleRate) VALUES ('Tanta Museum', 'Tanta', '9 AM - 5 PM', 'https://www.google.com/maps/search/?api=1&query=Tanta+Museum', 'A museum showcasing the history of Tanta and the Delta.', 'https://betamedia.experienceegypt.eg/media/experienceegypt/img/Original/2022/7/21/2022_7_21_0_29_53_678.jpg', 4.8);
INSERT INTO Places (Name, Government_name, VisitingHours, Location, Description, Photo, GoogleRate) VALUES ('Tell Basta Archaeological Site', 'Sharqia', '8 AM - 5 PM', 'https://www.google.com/maps/search/?api=1&query=Tell+Basta+Archaeological+Site', 'Ancient ruins of the city of Bubastis.', 'https://egymonuments.gov.eg//media/6890/00-2-jpgedit.jpg?center=0.50632911392405067,0.49789029535864981&mode=crop&width=1200&height=630&rnd=133853910460000000', 4.2);
INSERT INTO Places (Name, Government_name, VisitingHours, Location, Description, Photo, GoogleRate) VALUES ('Vehicle Tickets for Tell Basta Archaeological Area', 'Sharqia', '8 AM - 5 PM', 'https://www.google.com/maps/search/?api=1&query=Tell+Basta+Archaeological+Site', 'Vehicle access ticket for Tell Basta.', 'https://egymonuments.gov.eg//media/6890/00-2-jpgedit.jpg?center=0.50632911392405067,0.49789029535864981&mode=crop&width=1200&height=630&rnd=133853910460000000', 3.7);
INSERT INTO Places (Name, Government_name, VisitingHours, Location, Description, Photo, GoogleRate) VALUES ('San El-Hagar Archaeological Site', 'Sharqia', '8 AM - 5 PM', 'https://www.google.com/maps/search/?api=1&query=San+El-Hagar+Archaeological+Site', 'Remains of the ancient city of Tanis.', 'https://www.youregypttours.com/storage/1224/1681382180.jpg', 4.6);
INSERT INTO Places (Name, Government_name, VisitingHours, Location, Description, Photo, GoogleRate) VALUES ('Tell Basta Museum', 'Sharqia', '9 AM - 5 PM', 'https://www.google.com/maps/search/?api=1&query=Tell+Basta+Museum', 'A museum near Tell Basta with local artifacts.', 'https://www.cairotoptours.com/storage/2669/conversions/The%20site%20museum%20of%20Tel%20Basta%20in%20Zagazig-webp.webp', 4.6);
INSERT INTO Places (Name, Government_name, VisitingHours, Location, Description, Photo, GoogleRate) VALUES ('Qarun Palace', 'Fayoum', '8 AM - 5 PM', 'https://www.google.com/maps/search/?api=1&query=Qarun+Palace', 'A Ptolemaic temple near Lake Qarun.', 'https://www.inside-egypt.com/img/thumbs/w1200h800q85/news/55af5ba391217f303a48.jpeg', 4.3);
INSERT INTO Places (Name, Government_name, VisitingHours, Location, Description, Photo, GoogleRate) VALUES ('Hawara Pyramid', 'Fayoum', '8 AM - 5 PM', 'https://www.google.com/maps/search/?api=1&query=Hawara+Pyramid', 'A mudbrick pyramid built by Amenemhat III.', 'https://www.historyhit.com/app/uploads/bis-images/5156653/Hawara-Pyramid-788x537.jpg?x28777', 4.7);
INSERT INTO Places (Name, Government_name, VisitingHours, Location, Description, Photo, GoogleRate) VALUES ('Lahun Pyramid', 'Fayoum', '8 AM - 5 PM', 'https://www.google.com/maps/search/?api=1&query=Lahun+Pyramid', 'A pyramid from the Middle Kingdom built by Senusret II.', 'https://images.memphistours.com/large/321928438_El_Lahun_Pyramid_06.JPG', 4.2);
INSERT INTO Places (Name, Government_name, VisitingHours, Location, Description, Photo, GoogleRate) VALUES ('Karanis Archaeological Area', 'Fayoum', '8 AM - 5 PM', 'https://www.google.com/maps/search/?api=1&query=Karanis+Archaeological+Area', 'Greco-Roman ruins of the ancient city of Karanis.', 'https://d3rr2gvhjw0wwy.cloudfront.net/uploads/mandators/56119/cms/561451/940x500-1-50-c9037f70eec3afebc260ecf7dfa10d78.jpg', 4.3);
INSERT INTO Places (Name, Government_name, VisitingHours, Location, Description, Photo, GoogleRate) VALUES ('Medinet Madi Temple', 'Fayoum', '8 AM - 5 PM', 'https://www.google.com/maps/search/?api=1&query=Medinet+Madi+Temple', 'A Middle Kingdom temple dedicated to Sobek and Renenutet.', 'https://d3rr2gvhjw0wwy.cloudfront.net/uploads/mandators/56119/cms/561474/940x500-1-50-d0b20cbd730e166a6800b67e72a13a95.jpg', 4.1);
INSERT INTO Places (Name, Government_name, VisitingHours, Location, Description, Photo, GoogleRate) VALUES ('Kom Oshim Museum', 'Fayoum', '9 AM - 5 PM', 'https://www.google.com/maps/search/?api=1&query=Kom+Oshim+Museum', 'A museum near Karanis with local artifacts.', 'https://i0.wp.com/fayoumegypt.com/wp-content/uploads/2017/06/IMG_0092.jpg?fit=1024%2C683&ssl=1', 3.5);
INSERT INTO Places (Name, Government_name, VisitingHours, Location, Description, Photo, GoogleRate) VALUES ('Meidum Pyramid', 'Fayoum', '8 AM - 5 PM', 'https://www.google.com/maps/search/?api=1&query=Meidum+Pyramid', 'An early pyramid that collapsed during construction.', 'https://upload.wikimedia.org/wikipedia/commons/a/ad/Meidoum03.jpg', 3.7);
INSERT INTO Places (Name, Government_name, VisitingHours, Location, Description, Photo, GoogleRate) VALUES ('Sultan Zawiya', 'Fayoum', '9 AM - 5 PM', 'https://www.google.com/maps/search/?api=1&query=Sultan+Zawiya', 'A historic Sufi lodge in Fayoum.', 'https://egyptopia.com/shared/images/z/middle/z_mausoleumofemirqurqumas-_3745.jpg', 3.5);
INSERT INTO Places (Name, Government_name, VisitingHours, Location, Description, Photo, GoogleRate) VALUES ('Virgin Mary Monastery', 'Fayoum', '9 AM - 5 PM', 'https://www.google.com/maps/search/?api=1&query=Virgin+Mary+Monastery', 'A Coptic monastery with religious significance.', 'https://image.hurimg.com/i/hurriyet/75/0x0/5b44b4f2537a0020d071f584.jpg', 4.5);
INSERT INTO Places (Name, Government_name, VisitingHours, Location, Description, Photo, GoogleRate) VALUES ('Tuna El-Gebel', 'Minya', '8 AM - 5 PM', 'https://www.google.com/maps/search/?api=1&query=Tuna+El-Gebel', 'An ancient necropolis with tombs and a temple.', 'https://dynamic-media-cdn.tripadvisor.com/media/photo-o/0c/18/89/c2/tomb-of-isadora-at-tuna.jpg?w=900&h=500&s=1', 4);
INSERT INTO Places (Name, Government_name, VisitingHours, Location, Description, Photo, GoogleRate) VALUES ('Vehicle Tickets for Tuna El-Gebel Archaeological Area', 'Minya', '8 AM - 5 PM', 'https://www.google.com/maps/search/?api=1&query=Tuna+El-Gebel', 'Vehicle access ticket for Tuna El-Gebel.', 'https://tuna-el-gebel.com/files/tuna/content/home/Tuna_BildNAV_Tombs.jpg', 4.3);
INSERT INTO Places (Name, Government_name, VisitingHours, Location, Description, Photo, GoogleRate) VALUES ('Tell El-Amarna', 'Minya', '8 AM - 5 PM', 'https://www.google.com/maps/search/?api=1&query=Tell+El-Amarna', 'The ancient city of Akhetaten built by Akhenaten.', 'https://mlrhpz8jmuut.i.optimole.com/cb:lD8R.5019e/w:auto/h:auto/q:mauto/f:best/ig:avif/id:a2a57a03a6637341e5650debe8b85e93/https://www.egypttoursplus.com/City-of-Akhetaten.jpg', 4.9);
INSERT INTO Places (Name, Government_name, VisitingHours, Location, Description, Photo, GoogleRate) VALUES ('Royal Tomb of Akhenaten', 'Minya', '8 AM - 5 PM', 'https://www.google.com/maps/search/?api=1&query=Royal+Tomb+of+Akhenaten', 'The tomb of Pharaoh Akhenaten near Amarna.', 'https://upload.wikimedia.org/wikipedia/commons/thumb/8/8f/Amarna_Grab_26_01.jpg/1200px-Amarna_Grab_26_01.jpg', 3.9);
INSERT INTO Places (Name, Government_name, VisitingHours, Location, Description, Photo, GoogleRate) VALUES ('Fraser Tombs', 'Minya', '8 AM - 5 PM', 'https://www.google.com/maps/search/?api=1&query=Fraser+Tombs', 'Rock-cut tombs from the Old Kingdom in Minya.', 'data:image/jpeg;base64,/9j/4AAQSkZJRgABAQAAAQABAAD/2wCEAAkGBxMTEhUTExMWFhUXGRsXGBgYGBofHRoaGxgaHRgZHRoaHiggGh4lGx0aITEhJyorLi4uGSAzODMtNygtLisBCgoKDg0OGhAQGy8lHyUtLS0tLS0tLS0tLS0tLS0tLS0tLS0tLS0tLS0tLS0tLS0tLS0tLS0tLS0tLS0tLS0tLf/AABEIAK4BIgMBIgACEQEDEQH/xAAbAAACAwEBAQAAAAAAAAAAAAAEBQIDBgEAB//EAEAQAAECBAQDBgUCBQIEBwAAAAECEQADITEEEkFRBWFxIoGRobHwBhMywdEj4RRCUmLxM3IVU4KiFiRDY5KTsv/EABoBAAMBAQEBAAAAAAAAAAAAAAECAwAEBQb/xAAmEQACAgICAgICAgMAAAAAAAAAAQIREiEDMRNBBFEyYRQiQnGh/9oADAMBAAIRAxEAPwAdw3ZmKOlajvTf3aAMRLUC7BJIrlqkjQlJt402hvMSAaByfMR4kU7AY8ttKU848Twu9M6ckZ0NmqzmygXqB9JCgd4px2GJbMO97fiDuL4VL9kKBNnDg6kWdusDCcr+4UYuDlpvW/MUh9/RkI5WJOHm5hUMygDRQ2OhjU8I+IpU0hIBSo0AJFTs7+sZ/E4fM/0noIXzsCpPayuNq1i8OWlTA4Jn0grIuac/S2zxYJwvlqO/atO73WPlmOxS1EZVqAYMHZiOljzhnwn4kmSwlK3UAf5gPEKuD+dIvaZPFo3mOlIWGd7HoXgeRh3Zxumuouk+sU4PECZ+okhlModyQLsdXBPSGKARYAtbrWjRPwxl0FTaF+M4UhQYiEivh0p7SSUkc+XsxsSsEuxoK0BpodxSOT5CSggFnob2NNeUTl8fFaKR5fs+d8EnYiUFGWT2SygwqHeoO1Y0uA+Lg5E4Nq4Gurgn0/EX4LBiViFUOWbfVjp4sR1aK+IfDaVklNK6esC53aCnFrZocNjETEZ0rBTvt12IpBYdj9o+fq4BORVCjTWxp0ieH45i5B/UBWn+4VbZ/wAw6567B4/o3BwiSAfpOuWxOtPxCniHDFLVSpatWBALgEakGxuH7jDhXxhImMmY8tXP6fHTvjmJlZpilBeaWRmGUuTU9nM9hV0kFw2zRZTTExpi6bgZjMwcUIL07iA/X94Wq4cp6/sK8raxs8PMSUulNMtE6ggFr/TpyrHJuEDEOabgFtanZqeEHxpq0bNozEjCkJq/sxydhqBtIfJwyQRLUMqnJAuCNWOUOIsn8O1/Ff35RKXCyimjNS8OzlVAWBpcPv3CnKDMVKR8o5ZmUsxFiHIOlw7CCZ2CLnJfp+3WAzwuYVAKSMimFw4dn10hMJByQRg+JzSoCYapDEtQgUSr+413umGkvtMddb0J6xm1TjKmIE5JAKMuYEsWNrly786dYZ4XGpBSQo5ASTRiwSzEXOvuzqWPYK+h8EMhS9gVcqD9ozxwoSypbBefNUntB3dyS+8ETOK4hMxMtcsJlFL9sjMxat6ajWsOBhUTGImAi4ZjaoFDanlD3ktGWuxfKVnRNKiUBBcAO7sGqOZNtol80rloBFVJ1oQ1yT3j3YXF5ZcrLnYzFg0DhmpX7amIzFHNLU4ymW1AQHKgPCrwnE3Wx5JHMU6EKIfKACCA5YKYjcsHfU9Wg1GKcZkkHs5uuxdo9i5glgpUoMG/6XBSH60eEsmWQlUtKwCCpIFKJUo2fQAgjRhFVYujVYDjC5K86fpIYgsxavV6+fjv5M1K0haS6SHBj5hNT6a60vSNH8D8TUVqkGwSlQrQU073fnHZwcj/ABZ53y+BNZxNUsRUoQQsRSqO+LPMKo9Eo9DimDXLQ7gA9IpMt3KVa2IJ+9D4QcmW4G96RXNw76npv0rHzzgz3VITY5LsLkV3G1rwJl7jBE185LnYPsIipO7QuNdodMomJNi55mvnHJEkEFJS491f3rBCA2nvqYM4ehJBa5vEeTiTQykZ3iHCARnSCU7gVA5gX7hCn/hSVOA3L8xvjhiHykk/3H7t1gXF4MOSz+FO8xFuUVoZOzBy5GIkvlUWrqR6ViMjjmJSoOtSgC7XP7jl6RsZ/DwbjuOu0AK4Wh3AD7e/GNH5bX5IbBMM4P8AE8uaGX+msaNQvsbg+y9IM/4xILkzcuVgXzBi1q0YtZt7XjNr4JVRzEFqN5/4gFHw+dRWzjQ6Ujoj8yLEfEazCzEKnqUkggNlLhiWerdS0P5S6ad7172Jj5n/AMInSv8ATWW12OlmrEJ/zTSqGagKmJ3qYovkcbWhfEz6SC6QzghixY628aPFs2UhQ7QB3DP6R834TxSbh3Ce0klyFW2JBun05Rq+FfFEiYcpJQuzK+xFDDRwkaSkgrFfDkhdcnfbm8J53BlS56QglIIKU3LOx3o4F+Q2jSrxqMtTlB1LjvEUcS4jKEuWtS0kBVxXQjSw5wXCKdgUmxOs4qUqiXQfqyq8wVAlJro8Xf8AiuWAUrlqS10lqjS7W9vD2TOQsApUFDkxfw90gfiODlrHaSk9RD4SXTNafYFg/ibDqOVS1AfyqUKA0odQeZoaw7+Uqouk00BA2oKhrPXq8YDiXB0JmoKQwe2kbbh+JUosqhSAD1Fi4pUVikJP/IDS9FykkjKGZ6ONNh70iczCOzG1a9K+vnFOPwRmhvmLT/tU0LPl4yR2krE8A2V9TdXrAlLfRkv2X4nCAkhVjvvtC9XCwh/lBIOYFmFgpzptDRPGvmVly8qgDnTNcNsxFCHcPytFsviqT2ZkujXAdqPr15QklB6GTkhV8Qf+ZCVKSl0khwNN94M4PKw0uUJaQRMoStrO7hJNg33go4eUpJUhdCW1LEkUp994onYQoWK5Q1DuS9Qd4kuCrofP0LcZikzFlBDIcpNHoKgtY1AIbkYihExBEt85AFAmoLKJapcMxYbi7wSrCqQVKYUBNQ5a5A7vtFGAxJl/LWaH6ltzJJAG3J4MdDNhWCnidJKwp+yytDmsQaA25MXMRk4Z5qZrABUsONSQQa0tlYQHiVJkzSuWvsTXCkEHsqIJBFqE15GljQrheL+YpOdYCwpkFDhJGVqg3cebQyl6YrDcSlieQP7ece4EVJxyKnL2NNlBJ9fMwVMl1iiQkJmJUq2avR3PpFoaaIz3Fo+mzBA6oMmiBloj04s8RrZQ0dizJHIpYKPn8mY1dDcQWqYlIfRn+oW7++A5YFjrFc/EZEqJKQghjmemkeParZ7Ml9C0zGBI+lyR0f0eBRiQ7lwdAz+/CC1oBS6VIymlCDTXVwYHnSFgB1IIFlMA3mzRCqKovkLzWb33UPKOycaUG24oQQeXv8wGiWoVqoa6h99PvC7G4oy1vko2lxzbXpAv7M0aiTjyo6Ps3je/WLJmNOrNvCLAcUkEfU6uX1Pzaxg5M0r+gElrOkHweHkoi0xlNQVCgDFqjpcPSOIwwJqlXiPSCsOVKQBlyEBgC4qPtzcxaguK6ePl6xvBfoGYArAAu5A5EP4vWOjC6lIPPXlWDkKSqxB0b8iPTJaS3S3vnA/ix9G8jBBhAf8AMDTuGBV063hwhJ3/ADHlJLD3veA/iRfo3laMpiuEdoulLUozV7zvAvEfhkEOlIBpb/MbKZKFmHvb9opQkMzmm/4iX8SumOuUxJ+H5oUHmTCK/wA5oe87QLM4JlmBKiVWI1avlaN+uSNGbpX/ABGenI/VX1bwEFcUk9sdTsacH4BIEoESwFV7QJBfdwYMVwtLMFzO8g+oMFcMT+ijmH8TFp746uifZkOO8MUlOdLqUmrGgIazCLvh3iyZiwjUBvpI0e590EaKdJCtIQY34aOczJMwy1UJYAgtZw0JKTTsZJNGhAv0jweMvjOHzqGbOm0UGUlRHQskAeUV/KxUkvLn50k/TMOcdxNR3EVaHUr2LRqflCg0ZvG8AYnhgCSUPmJBZ6bNWwgCRxufnKZmGZrFK6Fqm6aUalb8ojgvixJmmVPlmSa5VPmSepYEHual4P8AV9m2ui4YKchC0pytXKEFQUx3fUPcGKhxoykolrOZRLFSiwyFwS+pBDd0M8DxvDTllEuaCsP2S4LC7BQDjmHiGLlI+YASkFswFHINy2136wfHW0zZ6plmHngjJQitbukmg8H7o5PwQU1OY2Oz7tFKOEJ7ISopTQFIZmu3IaRXjRM+c6HASMoKTYWU6SGPnaNX2Cyqdw8EFxcMx58vCM9jeFzJacyFZk0AS1XNLi9OUP8AB8VQcyZigFBRbPTsmt2AFXpF01AUtANQ7+Adye9o2CfQc6EHw3xOZKQtcwukGoUWbSl2qAGaHZ4rIVLCs4dOUqvci1RcAjyiGOwktRVnAcEbXFQrm1n7oX4iSjDlJbsTCQQ4uXJNRS24beMotGtM+08JLyJJ/wDbTbcJAI8YtWmPnnwr8TowwUlWYyzW2umUlWU02Dnekb/h/EZU9AXKWFBXMP0IjtjI83k4mmcyx2CPlx2KZksGfJ0rrzicyUFJKTWK2i6QLkx5XZ6zE0/hEgPRGZn9t6xSjhGUvKWUk6XB6h6w0MkOQah6P9ukWHh0k1ypfcBt/wBol4q6DmLJXDpr5kTZYOoCWB5EOQY9PwExVJgQ/f6B/F4aplyxUghWrKU/WjPBSVSyASW5VgeFv2HyUZNGAnSy6PlnkT+Ye8LM0AkpQkHRLkdXEFJwSTULWe99bVdo6kFJ7MwAbM4FerCGjxyg7BKeSPKxOYt20lItmLl28ucT/iSkfSVPplJ8CPzEyFObePTqBHTJvUgHYvr0+8WcpWTUUUJxJZkjq7g9K284vkY0KcNb708LVjipSU1Lk22pza8QMsEf6dOYBHmIEZTQXFB5n0qKiILxTEM3n+RAuHkIDsCk61+1osyNVx/3D7tDvkkhcUXIVmct1DnuOzxVNAcEEhrg6j9t44mXz97xZnA28YMZ32ZqiKwkhwerHWl/KMyv61/7lesP56mevNuY/wAxnUKdRO5J8aws2rQ8EbDDUlpbROseApXpHJJ7I6faIoVSsBjHUGL0EQO8TR15xkjEOMT0okTFqS4ShRI3YWjJ4X4pkmUM6JhWCxCUu2oLlgdtzSNVxNIXKWk2IIjGrwWHyZggn/pauzvCzlKP4qwxSfbGcrj2FLJK8qs1M6FBi1i48zBcz5ExhnlnNR0kO4roac+UZk4KUoJKQpJ/mZiByYiummscTwsHKUzD2iQnOgUI0ZJfzjLkk/yiFxXpjDi/CZPyySkFWY5Tcu2nQ1fnB3whJIUtSlKUcrEqJJqXDk10MDLwolykAXck3qWSHYksNGhr8Mp7KzuQPAP94aEf7WBv+oxlyClT5uzYBrPz5W8ICE0Al6Gjg0NbX6+UMVKiIVF1onQDNky10IBgSRwoBIMpakOxADEeB9OcOcocFhS1BFcyWlKVEPQE0Jeg2tDaAJzKmBWYj5gFmygvqWLDbXSJzZkqbSYmxGVCwQRo7a3uN4r4NxCYpRlzUMrLmChYs2YGtC5HntDHFANVm5274KV7BbRk8YoS5xEpWQJ0qQXAuCa+vOGvDsX2XSgJY1oQx0IfvL/2whw+MzzFtMKAC4o9CXAuNofcMWZnZMwLYtQMRQ1uaWgxVDSPrmA4vKVKQpc2WFFKSrtJFSA9HpWPR83Xw9TmsejWQ8TBxL6nXeL5S317oCkKJSCFE8i473rBH8Simc5DuTrqOdI5FE6LAeLkhQIN9K18Ne94ERj3OUijUY/vBvGsQMoIZVdn56dN4y3EpwBBy2qL0pyMWSVCbHoVMUyQQX3Bb94LkyTRyejv5wrmISZOZOgCgWcg8+4384u4DxcLSygQtNC4DPVq3jZpBxbGUvC3Y91fCLkYNrEvf2/OLlqDgkUbMOTDeKeLz1IlOkEqcd1XMbyIGAPiFFJqSotUilraRQjihFEnz/br4GJjE/OSFJdJFCCAX6xGeE6hiHowFy4L7u/jBdM1MmOLkPmOVixLOPKvvWDsJj1LAUhTg8t7XrGcVOTnGeqXdQ3BO3u8aXDYZHZWhIpQUZxs1H/aMq6C0wtOIINUv0if8Wn7xUuQFCtm3aFqiJZSLgO4poadIZxQtsbCem1xHJik3YeRjMnGhZUCRkDivVvXTaH8mWGdqaiBUQ7KpikC437/AG0Ik/Uev3hxjUhOYiyWfasIZqmm5a1FHHQ73Z68oXkgtUNGVdmwwynSPD0iz5vpCrhmJJlgP2rVu4NXp7pFiktTkd/zWreMBQNYcvFAXi1KuRhFPS5ADGj2fUad8F4dSkj+kkCg72Nz4coZcYMg+aSQpgSdADeu8B4LBJSnLMLhTkpNQmuh0ApTnAq5hUMoJDsQzXBSSGF6UaKMBjlrk5lVZ60qKmgHcI2KWma2+gwYXCDshdSSaqq/KLEYRCEAIJUACQ7UJGlNvUxm5GIGckpdgs/9rB+/rDJONT8pKmqHHfS/dBjGzN0S4x2UJD1173I9TDHgFJCf7io+bfaMmviSmIKjc1+3SNJwuYPkyy38vfffaGhDYJS0MVzTo3u8UFRBbevjeKZqxfXQaQRJnpKKkFnLc28unOK+MRzK0rU6a2Z+/wDEE4hYyKfY+kdlTMrOoGgFn6+JgWZNCTlURUUfU7QXxgU0YTC4+eid/wCplNSCxcO9SLuXpG94bP8AnSiVgBKsyWr9Nq+cZvjBSDmJAS+VzYUp9I6wZhuNyEyDKE0ZvllL5VM5etA7OdniMYNPZRyT6FXDcJLUFUoVFu4D7vDbh8kSyVJe4oeZb8QpwM2XJQlImfNUSf8ATSotUl+1lAh1hp8p+0pQdmdIv3KLtSGjB3ZpS0OfnczHYA/jU/1q/wDqP4j0HxsGSFqi4IAIN3SdT/MGtSvOLcGtSnQsLVqC9CDyNj49YHEzL/L0IP4D6xf82YAMii41KUnOGati9L09I5laHZD4glkSgGLZrgWJBaMpjBVL2PLkfzG34mgzMOvMA4S51DpL/aMPjsxT02aHvQi7H3BZZMhiHBDingYTYWZ8rEH+lTbPQs/u7Q44BlnYcApGZPn3wpmSE/NLGw9dPe0ScSqls18pKVjIaEBJcAWOlDtHuISxLSlz2SWYPTQkF+flAWDxaQkZ8vZsaksaWIhlxeWJknskOA4Pu0BRM2U4cOEvUgkONbQNjb0PUNTx0i3BTv0U7P5sX6wLjFZmDjtFnOnWKJXsUW4+WPlqUAyzQdN+TMPKGnwjjSqUgHQEX1FDQ2tAHEVM96aXGlvWOfDagEOSwKlWLMXibvsoqqjT4mYUCocEir6O5FA9nhdjqNux+z00hjigVShlLkMQGoeUL+IXBIqM1+oi0Vok+xClAVJnoYZgSoEXbcctOUaPg835kkFanLBi5fyhNKmf6tKsw6Efn7Qx4TOCQlmZg4Y/i0JKDY0ZxV7OTVE/OBJNRfYN+0LeIjXUWrs/m0NMWsZplqkeYEKSp5rKtlPdUedYquPVCOabsa8KUzv9Jq12Nj4hqcoO+cCaQv4aQEAPy6cosli+rafmHw0LlbpMqmzwJ4GhSoHxB+0ESJ7uKuDyY/fbwhRi1frppv6QfKWCL+6/mDFGk6dBTsCoUO+1gPbRSEhMgtbQd7RJU0AMOleZhR/GEykjUj94LjtIyl2USFVWf7SPFQEHY1YMoNuO4Mfu0KRMZYAsb/aJnG5pYIBFe+x25wIRqVGcrQEbmuv3jYYObllIGuUeLRiFTbxpV4lmrsItxx7Em+g6diecBjFaP/ikLpmJ2NNosw2HmTGyIJej0A0o5pFkTYzRxEixtAmN4iVLRtU329mJL4FPAfsHkFF/RolguEKCiqcgKoABmVzf6W330gSegxSsQT8arOqpudTv5QNNmbpcdPuRGqxnwpJWCpC1yyXv2h1YsfOL8HwOcCDNnhSBZADBtNWHQRyvjk5HQpxSMhhcpoJacxuTpzGzU0LnaG2C4gpAQF5P7KWyvcaGHMjg0tU0q7SWZiGY3o5NN7aiCMVwZJNg2hIoPAQFCaC5xKBxs7J8BHou/wCBzN0f/IR6NXKLlABCwdhRrkdLW1i6VPy8gC9GULNUADeBULAY5mGoJDg7Hl13i2WpiVFsuiktXrpt4RzUOOk4tBArRQalQXDbPcxip0ttHpGnwiAR2TsQXcfU7UNdozSTlJSdCRW5APukUirEfZb8KTCDMS1Hfo45mPIDzl9nUCO8Bw4K1ren09/fyjuGR+ssPQioJvqIDjQ12NwogFKk0Nai7dGhnLBKU2qKj30hbLmBmIpyc30g7AzAzDS0NFIDBsJhiElLuASzH1HlFKpQcr/pLA0qT7PnDFB+uwvfo8LVrfRhcCt9TeHxSVIW7AeJEBJobQX8OJSZIDPY25dNftC/iyuyYY/CM0ZEvpT9om9FFtDeWwCkvRrau2hgDiirXcKUK93jBc6YAVuWAzV2DQl4tOdKSTdR9KXh4bElopwprMLsCkDqzn0hlhCzdPfnrGWnYlIWk1FWJFmLhjuOUaJC9YLkl2TUXWvsvxjdo/7WfvEIJkz9ZPePKGPE1doG/ZHqYSqmvNT1/aKt6EUX/wANPmsNifWIoms9ffdEJi+0be9fvFBUYLqgqLTTA5s39ZPJzDITXIhKpX6ye/0hgVxuPpjcu2i+bMoYWSl9hPQekTxU5kLN+yTToYBwU0rpyDMDWlfA/aHpZIntIrmzWKq/y+jxTJndgcqeEMpPw9PWs9lgoEOrst437ocSPgkpopecjRstfEn0hKp2PejIYZBWsJAclQ8zeNrJ4XMT2gtlcrEbO0OcDwPDyn+XLAUbntHr9TsOVouxHZY9lhfs1PJwRGT9DAClrYFctL2zhCCaXJLFvfSLxMcgiYW/2hz5P5wTLxaVFmKS1i4dr3Da3iMySCc2Wo5EeYv5xrl6ZtF0kOKkEjYD7a98VGexZgRypp6x7+JQA5Um5DuwfUFXWJfJCh5UY+/GGsWgZWI1bvaBsLjgqYUrIToKsSTy2hocCClvPWFXEeEg6doWUfvWsK7CqG/8Gn+kHwPkRHZcoAsFNplDCBOG4wqSOwCRRTFi45EN5wTiMQkNmCx1ST/+QXiqqibss+Wf6j4iPRUJ8v8A5iO8EeTUj0G0amZwqFAw2pp16x6VLl5QwAIr+7N0gZ+7371iSVtVyHFaexHm6OoPwycporYtTv8AGMxxiSRPmjQqdm3ALjxh/IIJd2Pl0hP8QpyzUlLVSKPRw4O/KKRYj7AcDjJskBHZUgqchu1erF2izDcRzTlEAhxUFnua05QOsZhdjrCoOiYCK6QkrKKjcYaabU6QzwVz7vGO4jxabKSnKlBfd9uohv8ADHFFLSCoVLGgp0vYc4RP2M0FYxR+apzR6BuQvEVTC0VoOY5q1L9P2iagN/f3i5MXY9VCOX+Yl8LYgpWU8y0c4hKcdIp+Hl5Zihzic0PD2P8AGWmXsYVcQSRlrrZm0Ovl3QepThdXoYW4+eAkHTOPHKqKcXQs+xbi5HZLn/MW47N+iyiHJBAJALV3gXiWJ7NAffvziriGLpJI0r4kfZ4SUW2PFpIeYtfaD/0J+8Kp6x8xPUesF4qf2hyQn0MJMXM7YO0Ua0hVJbRq5k6gbZPpFKptICTiKWrrEV4jx266QadDZxyJyP8AUfZ/TyvFvzSS13j3Cvh3FKUVlIQnTOa1pYP5tD/h/BflLdZJLaJoHLbu/OD1dE7VJfsCwPB5i19oZEi763oG9Ydy5YlDsDKHqAKHd39XeDpcohL3sKNcXtHuy7EApV3a9H590I5NUO8XZGTMUASr/DlzBCp9KpFq3uzk+zSIgUsMpFD5fjTeKyTs4/xtesCUpX2Ksa6LlLGWxfYGhBihSMw7QLd1C96RFbM1y3TTY2ihc5aQMpN2Kbu/fbnTSDkhaDOwoBKiwFvLwicjChIYHdg++nPwHfeBsOjMHmIAU9jVxyJsd725xIYspLFClB6KSzgdAxMOpIFFU3DS1KPZUlRuRmS4Dh3TQx75eSjkdUj1b7wahKVAg+fukeUluzfqS9wYP7AAT8fMAZi+hYFJY2+oH7RWeITR2wnMlwCFUIJLUqL6OO+DpssKoWu9Rz38ojIkZFqIAZW16ClaeENbBquhD8SYiYjJOqkKZCkdp1JFahnSRU6U5x6YmYtCShQUgh3IO1SFAe9ttJjpYUkO2467M/IwsRjACAzAXb6iRoQDdyd4EtezJ36E6Zc5h9fcst3dqPQ9GU1YVrcx2J4S+x8l9GUE3n3n94vTMdh6b9RaAZJ5/wCfKCpJFHId9KdbxHEewiUplhhQhwdfA3jnFJedEsuDQizUo1IJnTB/UBqL7da90V4tTy+0oU2/26/lopBCyFAww26e2aAcXhwFIOW6oby5iWpUuPxC/jSTRW1Y0gxKeOLGRNNYI+EyA1Lv0vAXFwSlL+6RP4YV2im4ECtIZPs0DmqTVlEa7ke+seKu+1+kRlzBVzqfMn7GJ/MGjmLpEmwbFGloB4UppxBubQxnJUq1IDw2HKJwUToT6QsoNsMZJBeFxomJmEJIynKQb1LaPA+LkkpoD9QPkoQTw6QUTJqWJSs5gdLmDzKcd8UhBJCTk2zM4zBHKaaQLxLAEJQWsjzcvGqm4cFJH3p3xQvD5jlAJd2qVdzkmvg9YLigJsWzcKVZSmrpSzDYQ24BwCWofMmIC62UadMtif8Ad4RoeFYVSZaZYFmCjmrQdKmDJSQBlCXGpJ/mfV/fpCN3ob9lMzDSVoKcgUBRUtTDvpbkRpHpODkyg6UiWnwfqX6X2gmbKJdmDsC94oWpRBBzDozjmApJBGve0C6N2XywptwfvZvZtFExLmz0bXUe/OPYdZAYV3D30oNKtSzxcF8/Lw74SVhRVOGV0pW+7ithbNUl6avFKllSiwLbmr2NbNvrHJ7lQo3ftTveOqk0/pNWuC9nBH7v5RKmOdwiUjsgsBYP5V2+8XKLMOdjbp5wBMlK+vwUACGuC12uILxDmjjrz1/PjFqVCksrtQMb6teziIrKg1Us9iL7i7HoPzHpU1FljKbgne1D002NImtyamxqHSdOWhcawDFK56XAzJSTZyKv33rpF8mS7OabvWwofdX1iuZh5eQgAB2bkxu3MR6WkJcNUnqANjqA+j6mCAExGIUhZCS7O6aFx3m7NeDMJiETEOk5iCxGx2Y2o3jCvF4d1FaXBue6346GLOET1qGZmYZSm4OqSTdLPfYGMnszGAy2rTrR+tujRIyRcgkigLXHPuiucqrqSXFxqRsN4sl5WDUSQCG07tIahbLpU19HHd4jn1b8DYzC0BAFwbAMbDm7NFyMQ1gA96X5xxUx3B11zU62ofdYPoFbFZ4eo1zCu6AfNqx6L1IW5/UV4iPQmI1sxkvoH6/aDJKaEEX90ccucelJLllvaja8i1PGOpSpNQsiv0nzDtCFLLUk1dx0J72pHZwGQg0Ljd2trFU02NfP7+ERMs1YFgLu2rjrrBj2B9C2XcMwDiPcTmJMsgOSxeGZw+upFdR75xRisE4tT7Q+IliziUkmTL3f7Vj3wlJ/XL8j6w+nSQUJDWrA3DcKZc1SmNQB5mDirQbexhMlMTTePITE5s1Naju37ooVPS1N3ruIpkkKothSZUVLMsmqXI5B4DViOr3DB/SOdpRdlU6v75Qj5LGw+wiZi7sR6+9fGKV4zatL6VDgtoY6jD/1RUZV0uKlwQ+YDYG25Ea5MOkCTlzFlxm68qaawz4TiBLUmjqUkOU1ckuAC9O6PTqOokh7vc9wNDAGFSCslRIYsAL+NgBC9M12bZJJ7bEFqjW9C4bR7dIqMheYqlrYPUd1aKBG0USMWchNKB+Yaj3qG1i3DfU4KczO97/9TjoIp/oUNXilM7E8wAK7Xt13geiqkV3NxrQg7vQvfnToJWXN+lILlyAecbEWwVhsHFPC/SO5ne7+vfaCUSQ5t2WvFqJYGlTp9oGKNbE4nMoDtM7Wb6mfv/EEzEO6RSp7TXd2L7+WsE4rCODlFR+BA+DSDLerhgRTdnper/tSFxSGTK0yCnKskKLAAsXYEdk17+6LjLbWlbvQ7XAAvpECcqgMzCzGx2r9ouUpro7IFFC5azvpAoNkcgIZQcg5dLtqzs+0RTKCWR9I/lazA6vod4jh1kE0ABNDR3qanV9+cFT01JLsw+5J98o3QCpCbsRehD71ofXpFpKaEs456d1hEJdlAULtvSjEW2P5joS6K6XfW7dNPDrGMUzsPmJYONj6dzeEKQflVRnBNSx1GnPv8YeBBPZtV62f9/d6jT5ICgoiweh316PBoFk8OszEgsxv/jmDEp04DsWLW5b9DFGJxEqUUqJNCyRyLE9X8YXTJ5mKzsa2FyBpbrBekBbGKJrXBIj03N9SDUV2f37aPSnGxG5NmtHFSVBQWlR5g6+H2hUxy+Xi6B0B23Eegc8TV/yj4iOwtmMnJVcE9B3UvHvmHRLd33aISAD18PSLElw48yT5Qo5xRJrW3U+I6RxAOYbGhdtQ14sTJJN9Iu+Vl0FXbe25tAMEKQxj2cfnWBFYklxZns2nV44ATV9zfv8AvFPILgELxB0D1ap++kUKmKL0LciIrUgkuO9/tF38OrcF+63dAtsOkQEmtaHZxaPSkF6M1jdxEyAlyzACzvzu0WoHaCdzDKKBkVy8OOvp4RdlDNYGh0imXPBUA13r0pHkzgVAMbgB7VIhlXoBeoPr6RFMtqAU9D79YiFBnApmZvGLVLcUjGKcWp5SiXDDlvbaE8tGZVzpXUWDiG3EAflqD2APnCqUFOMpyktb3uIRvYUarh0v9MHssRUgVN9u+JoKZaTmDZbGlRuPQws4BOWSpAIAbM1wK6P1PjF/EJZAAdzr+0NlrQK2XcNxqgou9urFx9oeYZRcv4xlcOouSKe2hvwucQEjUg+uv5hoSvRpRHAzOWsYvWhWQ5QMwtFchThz0Z4uOIBAIGrF4YmJpfG5SOwo5JlcyVOkndh/M/J6xOSrtdmju4IOUhyRR6U1I3hV8Tp7UqYoAl8/gzi1LCLMZPmfNSEEJJd7s4yjwqLNrSEbHQ9KMwLM7+z1iM1RSO1RrP70+8DYYlRJUz2LciQruZiOYgvFDspSplMoAecKEDlygOyXZyztrZPOh12gwJOp0YjoaNT33QL8t6O1M1GuAz+xFsmYSASXa5YPX2IzQLPPUHcM5pUDRvGJysSxtTcVY9w18O+JqR2UkgOSKvUEvrygbI2YjWpGho/dBSNYynSQQCzbbwFxKel0s3ZBfoR+3nBYWUpIN7Pu+rbxkuP4nN8uTb5rhVHGUAOL6vBlJR0LFWRxMwrmZjRP0p83vvTwEXSJheiHaoqyn11Zq2/zHZskZLklBBc1JBoakmKUTSlw+urWNtBEJSbZVRHCMYgMSkBxenfsBXrrBK1hrGhuGcAinUN684UfJChShpXY0L0i3hmPKVhCrE5XAq5I7mrGjLdMzXsOElf9STzL/iOwy/hkmrCvIfiOQ+BLI//Z', 4.1);
INSERT INTO Places (Name, Government_name, VisitingHours, Location, Description, Photo, GoogleRate) VALUES ('Beni Hassan Tombs', 'Minya', '8 AM - 5 PM', 'https://www.google.com/maps/search/?api=1&query=Beni+Hassan+Tombs', 'Middle Kingdom tombs with detailed wall paintings.', 'https://egymonuments.gov.eg/media/5989/dsc_0408-copy.jpg', 4.6);
INSERT INTO Places (Name, Government_name, VisitingHours, Location, Description, Photo, GoogleRate) VALUES ('Mallawi Museum', 'Minya', '9 AM - 5 PM', 'https://www.google.com/maps/search/?api=1&query=Mallawi+Museum', 'A museum with artifacts from Minya’s archaeological sites.', 'https://egyptopia.com/shared/images/egyptopia/2019/01/Mallawi-Regional-Museum.jpg', 3.8);
INSERT INTO Places (Name, Government_name, VisitingHours, Location, Description, Photo, GoogleRate) VALUES ('Mir Tombs', 'Minya', '8 AM - 5 PM', 'https://www.google.com/maps/search/?api=1&query=Mir+Tombs', 'Ancient tombs from various periods in Minya.', 'https://media.elwatannews.com/media/img/mediaarc/large/17980636521551461808.jpg', 3.6);
INSERT INTO Places (Name, Government_name, VisitingHours, Location, Description, Photo, GoogleRate) VALUES ('El-Hammamiya Tombs', 'Minya', '8 AM - 5 PM', 'https://www.google.com/maps/search/?api=1&query=El-Hammamiya+Tombs', 'Prehistoric and Old Kingdom tombs near Minya.', 'https://encrypted-tbn0.gstatic.com/images?q=tbn:ANd9GcR74Seo3N8sMuo0CN6RbiBevx5-fZonTIcXuw&s', 3.9);
INSERT INTO Places (Name, Government_name, VisitingHours, Location, Description, Photo, GoogleRate) VALUES ('Al-Muharraq Monastery', 'Minya', '9 AM - 5 PM', 'https://www.google.com/maps/search/?api=1&query=Al-Muharraq+Monastery', 'A Coptic monastery with historical and religious importance.', 'https://encrypted-tbn0.gstatic.com/images?q=tbn:ANd9GcT0SRh6u27ME6X20v-rtCvcHPGCFLKXKWxt5w&s', 3.7);
INSERT INTO Places (Name, Government_name, VisitingHours, Location, Description, Photo, GoogleRate) VALUES ('Mizawqa Tombs', 'Minya', '8 AM - 5 PM', 'https://www.google.com/maps/search/?api=1&query=Mizawqa+Tombs', 'Greco-Roman tombs in the Tuna El-Gebel area.', 'https://mlrhpz8jmuut.i.optimole.com/cb:lD8R.5019e/w:495/h:400/q:mauto/f:best/ig:avif/id:5871fd65b216818d3567685ccd023067/https://www.egypttoursplus.com/Siwa-Oasis-Tours.jpg', 4.9);
INSERT INTO Places (Name, Government_name, VisitingHours, Location, Description, Photo, GoogleRate) VALUES ('Al-Dabba and Ain Aseel Forts', 'New Valley', '8 AM - 5 PM', 'https://www.google.com/maps/search/?api=1&query=Al-Dabba+and+Ain+Aseel+Forts', 'Ancient forts in the Dakhla Oasis.', 'https://media.istockphoto.com/id/530249351/photo/jahili-fort.jpg?s=612x612&w=0&k=20&c=InteOxkHXZa2alE8wAwwCZnamS6BUI3yUVAHQxc15V4=', 4.7);
INSERT INTO Places (Name, Government_name, VisitingHours, Location, Description, Photo, GoogleRate) VALUES ('Deir El-Hagar Temple', 'New Valley', '8 AM - 5 PM', 'https://www.google.com/maps/search/?api=1&query=Deir+El-Hagar+Temple', 'A Roman-era temple in the Dakhla Oasis.', 'https://images.memphistours.com/large/36799796_hagar6.jpg', 4.5);
INSERT INTO Places (Name, Government_name, VisitingHours, Location, Description, Photo, GoogleRate) VALUES ('Azbet Bashandi Archaeological Area', 'New Valley', '8 AM - 5 PM', 'https://www.google.com/maps/search/?api=1&query=Azbet+Bashandi+Archaeological+Area', 'Prehistoric and ancient remains in Dakhla.', 'https://egyptopia.com/shared/images/z/big/z_bashandi-archeological-site-_4296.jpg', 4.8);
INSERT INTO Places (Name, Government_name, VisitingHours, Location, Description, Photo, GoogleRate) VALUES ('Hibis Temple', 'New Valley', '8 AM - 5 PM', 'https://www.google.com/maps/search/?api=1&query=Hibis+Temple', 'A well-preserved Persian-era temple in Kharga Oasis.', 'https://thearabweekly.com/sites/default/files/styles/article_image_800x450_/public/2018-12/Hibis-Temple-in-Kharga-oases-in-Egypt-western-desert-Ahmed-Megahid.jpg?itok=FEn-U8Yl', 4.7);
INSERT INTO Places (Name, Government_name, VisitingHours, Location, Description, Photo, GoogleRate) VALUES ('Al-Ghweita Temple', 'New Valley', '8 AM - 5 PM', 'https://www.google.com/maps/search/?api=1&query=Al-Ghweita+Temple', 'A Ptolemaic temple in the Kharga Oasis.', 'https://egyptopia.com/shared/images/z/big/z_ei-ghawita-temple-_4275.jpg', 3.8);
INSERT INTO Places (Name, Government_name, VisitingHours, Location, Description, Photo, GoogleRate) VALUES ('Dush Temple', 'New Valley', '8 AM - 5 PM', 'https://www.google.com/maps/search/?api=1&query=Dush+Temple', 'A Roman temple and fortress in the Kharga Oasis.', 'https://images.memphistours.com/large/972273075_dush6.jpg', 4.8);
INSERT INTO Places (Name, Government_name, VisitingHours, Location, Description, Photo, GoogleRate) VALUES ('Al-Zayan Temple', 'New Valley', '8 AM - 5 PM', 'https://www.google.com/maps/search/?api=1&query=Al-Zayan+Temple', 'An ancient temple in the Kharga Oasis.', 'https://encrypted-tbn0.gstatic.com/images?q=tbn:ANd9GcTmkR5tEFR5U8b1bNkKtMa27Gi4vYQEPIMGFQ&s', 4.3);
INSERT INTO Places (Name, Government_name, VisitingHours, Location, Description, Photo, GoogleRate) VALUES ('Al-Bagawat Necropolis', 'New Valley', '8 AM - 5 PM', 'https://www.google.com/maps/search/?api=1&query=Al-Bagawat+Necropolis', 'An early Christian cemetery with domed tombs in Kharga.', 'https://mlrhpz8jmuut.i.optimole.com/cb:lD8R.5019e/w:auto/h:auto/q:mauto/f:best/ig:avif/id:7c30dd6a50c40d1cc105e5ccd831525f/https://www.egypttoursplus.com/Cemetery-of-Al-Bagawat-Photo-by-Hannelore.jpg', 4.7);
INSERT INTO Places (Name, Government_name, VisitingHours, Location, Description, Photo, GoogleRate) VALUES ('New Valley Museum', 'New Valley', '9 AM - 5 PM', 'https://www.google.com/maps/search/?api=1&query=New+Valley+Museum', 'A museum showcasing the history of the New Valley region.', 'https://betamedia.experienceegypt.eg/media/experienceegypt/img/Original/2022/8/11/2022_8_11_21_5_49_864.jpeg', 4.8);
INSERT INTO Places (Name, Government_name, VisitingHours, Location, Description, Photo, GoogleRate) VALUES ('Seti I Temple (Abydos)', 'Sohag', '8 AM - 5 PM', 'https://www.google.com/maps/search/?api=1&query=Seti+I+Temple+Abydos', 'A New Kingdom temple with detailed reliefs in Abydos.', 'https://anthropologyreview.org/wp-content/uploads/2024/03/temple-of-abydos-1.jpg', 4);
INSERT INTO Places (Name, Government_name, VisitingHours, Location, Description, Photo, GoogleRate) VALUES ('Merit Amun Temple', 'Sohag', '8 AM - 5 PM', 'https://www.google.com/maps/search/?api=1&query=Merit+Amun+Temple', 'A temple dedicated to Merit Amun near Abydos.', 'https://www.egypttourpackages.com/images/egypt_blog/Akhmim.jpg', 3.7);
INSERT INTO Places (Name, Government_name, VisitingHours, Location, Description, Photo, GoogleRate) VALUES ('Shunet El-Zebib and Kom El-Sultan', 'Sohag', '8 AM - 5 PM', 'https://www.google.com/maps/search/?api=1&query=Shunet+El-Zebib', 'Ancient mudbrick structures from the Early Dynastic period.', 'https://madainproject.com/content/media/collect/shuneh_22947.jpg', 3.8);
INSERT INTO Places (Name, Government_name, VisitingHours, Location, Description, Photo, GoogleRate) VALUES ('Sheikh Hamad Area', 'Sohag', '8 AM - 5 PM', 'https://www.google.com/maps/search/?api=1&query=Sheikh+Hamad+Area', 'An archaeological site near Abydos.', 'https://hurghadalovers.com/wp-content/uploads/2022/11/Temple-of-Athribis-in-Sohag-Egypt-Facts-Map-History-of-El-Sheikh-Hamad-Archaeological-site.jpg', 4.1);
INSERT INTO Places (Name, Government_name, VisitingHours, Location, Description, Photo, GoogleRate) VALUES ('Al-Hawawish Tombs', 'Sohag', '8 AM - 5 PM', 'https://www.google.com/maps/search/?api=1&query=Al-Hawawish+Tombs', 'Old Kingdom rock-cut tombs in Sohag.', 'https://lh4.googleusercontent.com/proxy/veGf9U4nF71_3_41rFyA-voWxPVFG7M7VKaj9GQWt3Z2DeqExXPhWNm5QerHvqtUtNHPgAp52ZqVT2DTwVI8CpCFZ9HW07JWIu7z0fUhHVbjevaq5-woeilXalm2VnUgasM2C9_JVg3RzQVQ-i9pkVcjeW7pgih0d-dJxfSp7O6wuHXyhZU9tcgdWvhLdx37MGyA6_CVFXR2vPvz4Itl84mYEpU13U33xUxnq1z2Vu8R6IKbm3raCAxEwSQa82_kyl3_2MXM', 4.7);
INSERT INTO Places (Name, Government_name, VisitingHours, Location, Description, Photo, GoogleRate) VALUES ('The White Monastery', 'Sohag', '9 AM - 5 PM', 'https://www.google.com/maps/search/?api=1&query=The+White+Monastery', 'A Coptic monastery built by Saint Shenouda.', 'https://upload.wikimedia.org/wikipedia/commons/6/6e/WhiteMonasteryCourtEast.jpg', 4.8);
INSERT INTO Places (Name, Government_name, VisitingHours, Location, Description, Photo, GoogleRate) VALUES ('The Red Monastery', 'Sohag', '9 AM - 5 PM', 'https://www.google.com/maps/search/?api=1&query=The+Red+Monastery', 'A Coptic monastery with well-preserved wall paintings.', 'https://egymonuments.gov.eg//media/5881/%D8%A7%D9%84%D8%AF%D9%8A%D8%B1-%D8%A7%D9%84%D8%A7%D8%AD%D9%85%D8%B1.jpg?center=0.35714285714285715,0.5&mode=crop&width=1200&height=630&rnd=133458247280000000', 3.5);
INSERT INTO Places (Name, Government_name, VisitingHours, Location, Description, Photo, GoogleRate) VALUES ('Sohag National Museum', 'Sohag', '9 AM - 5 PM', 'https://www.google.com/maps/search/?api=1&query=Sohag+National+Museum', 'A museum with artifacts from Sohag’s history.', 'https://www.presidency.eg/media/103042/2ae71e7b-a420-4651-ae9c-21562b3f73af_cx0_cy8_cw0_w1200_r1_sjpg.jpg', 4.3);
INSERT INTO Places (Name, Government_name, VisitingHours, Location, Description, Photo, GoogleRate) VALUES ('Prince Youssef Kamal Palace', 'Sohag', '9 AM - 5 PM', 'https://www.google.com/maps/search/?api=1&query=Prince+Youssef+Kamal+Palace', 'A historic palace from the early 20th century.', 'https://encrypted-tbn0.gstatic.com/images?q=tbn:ANd9GcRSHVYWCw0jejF_KXDpElp8V_DRziJwb0bqoA&s', 4.1);
INSERT INTO Places (Name, Government_name, VisitingHours, Location, Description, Photo, GoogleRate) VALUES ('Dendera Temple', 'Qena', '8 AM - 5 PM', 'https://www.google.com/maps/search/?api=1&query=Dendera+Temple', 'A well-preserved Ptolemaic temple dedicated to Hathor.', 'https://egymonuments.gov.eg//media/3108/untitled1.jpg?center=0.50810810810810814,0.5&mode=crop&width=1200&height=630&rnd=133764904560000000', 3.8);
INSERT INTO Places (Name, Government_name, VisitingHours, Location, Description, Photo, GoogleRate) VALUES ('Dendera Temple Panorama', 'Qena', '8 AM - 5 PM', 'https://www.google.com/maps/search/?api=1&query=Dendera+Temple', 'Panoramic view access for Dendera Temple.', 'https://www.archaeology.wiki/wp-content/uploads/2021/03/Egypt-00.jpg', 3.7);
INSERT INTO Places (Name, Government_name, VisitingHours, Location, Description, Photo, GoogleRate) VALUES ('Dendera Temple Crypts', 'Qena', '8 AM - 5 PM', 'https://www.google.com/maps/search/?api=1&query=Dendera+Temple', 'Access to the underground crypts of Dendera Temple.', 'https://upload.wikimedia.org/wikipedia/commons/3/3c/Dendera_7_977.PNG', 4);
INSERT INTO Places (Name, Government_name, VisitingHours, Location, Description, Photo, GoogleRate) VALUES ('Esna Temple', 'Esna', '8 AM - 5 PM', 'https://www.google.com/maps/search/?api=1&query=Esna+Temple', 'A Ptolemaic temple dedicated to Khnum with detailed carvings.', 'https://www.egypttoursportal.com/images/2019/09/Esna-Temple-Egypt-Tours-Portal-1.jpg', 4.9);
INSERT INTO Places (Name, Government_name, VisitingHours, Location, Description, Photo, GoogleRate) VALUES ('El-Tod Temple', 'Qena', '8 AM - 5 PM', 'https://www.google.com/maps/search/?api=1&query=El-Tod+Temple', 'An ancient temple with remains from the Middle Kingdom.', 'https://www.egypttourpackages.com/images/egypt_blog/El-Tod-Temple_K4iZ.jpg', 4);
INSERT INTO Places (Name, Government_name, VisitingHours, Location, Description, Photo, GoogleRate) VALUES ('Al-Ma''ala Tombs', 'Qena', '8 AM - 5 PM', 'https://www.google.com/maps/search/?api=1&query=Al-Maala+Tombs', 'Rock-cut tombs from various periods near Luxor.', 'https://english.ahram.org.eg/Media/News/2017/6/21/2017-636336593834641765-464.png', 4.3);
INSERT INTO Places (Name, Government_name, VisitingHours, Location, Description, Photo, GoogleRate) VALUES ('Al-Jadawi Wekala', 'Qena', '9 AM - 5 PM', 'https://www.google.com/maps/search/?api=1&query=Al-Jadawi+Wekala', 'A historic caravanserai in Qena.', 'https://english.ahram.org.eg/Media/News/2021/8/29/2021-637658387926019259-601.jpg', 4.6);
INSERT INTO Places (Name, Government_name, VisitingHours, Location, Description, Photo, GoogleRate) VALUES ('Karnak Temples', 'Luxor', '5 AM - 6 PM', 'https://www.google.com/maps/search/?api=1&query=Karnak+Temples', 'Repeated entry for the vast temple complex.', 'https://www.historyhit.com/app/uploads/2021/07/shutterstock_Karnak-Temple-1.jpg', 4);
INSERT INTO Places (Name, Government_name, VisitingHours, Location, Description, Photo, GoogleRate) VALUES ('Mut Temple (Karnak Complex)', 'Luxor', '5 AM - 6 PM', 'https://www.google.com/maps/search/?api=1&query=Mut+Temple+Karnak', 'A temple dedicated to the goddess Mut within Karnak.', 'https://dynamic-media-cdn.tripadvisor.com/media/photo-o/1b/6b/6c/40/caption.jpg?w=500&h=400&s=1', 5);
INSERT INTO Places (Name, Government_name, VisitingHours, Location, Description, Photo, GoogleRate) VALUES ('Luxor Temple', 'Luxor', '6 AM - 9 PM', 'https://www.google.com/maps/search/?api=1&query=Luxor+Temple', 'An ancient temple in the heart of Luxor city.', 'https://lp-cms-production.imgix.net/2023-07/iStock-1446592007.jpg?w=1920&h=640&fit=crop&crop=faces%2Cedges&auto=format&q=75', 4.9);
INSERT INTO Places (Name, Government_name, VisitingHours, Location, Description, Photo, GoogleRate) VALUES ('Valley of the Kings', 'Luxor', '5 AM - 5 PM', 'https://www.google.com/maps/search/?api=1&query=Valley+of+the+Kings', 'Repeated entry for the pharaohs’ burial site.', 'https://www.happyegypt.com/storage/1624/conversions/Vally-of-the-Kings--webp.webp', 3.9);
INSERT INTO Places (Name, Government_name, VisitingHours, Location, Description, Photo, GoogleRate) VALUES ('Tutankhamun''s Tomb', 'Luxor', '5 AM - 5 PM', 'https://www.google.com/maps/search/?api=1&query=Tutankhamun+Tomb', 'The famous tomb of Tutankhamun in the Valley of the Kings.', 'https://www.cairotoptours.com/storage/2560/conversions/Iconic%20King%20Tutankhamun%20Tomb%20Unveiled-webp.webp', 4.2);
INSERT INTO Places (Name, Government_name, VisitingHours, Location, Description, Photo, GoogleRate) VALUES ('Ramses V & VI Tomb', 'Luxor', '5 AM - 5 PM', 'https://www.google.com/maps/search/?api=1&query=Ramses+V+VI+Tomb', 'A combined tomb for Ramses V and VI in the Valley of the Kings.', 'https://egymonuments.gov.eg//media/3388/ramesses-001.jpg?anchor=center&mode=crop&width=1200&height=630&rnd=133813334940000000',4);
INSERT INTO Places (Name, Government_name, VisitingHours, Location, Description, Photo, GoogleRate) VALUES ('Seti I Tomb', 'Luxor', '5 AM - 5 PM', 'https://www.google.com/maps/search/?api=1&query=Seti+I+Tomb', 'The elaborately decorated tomb of Seti I in the Valley of the Kings.', 'https://discoveny.com/wp-content/uploads/2024/06/Seti-I-2-768x512.jpeg', 3.9);
INSERT INTO Places (Name, Government_name, VisitingHours, Location, Description, Photo, GoogleRate) VALUES ('Ay Tomb', 'Luxor', '5 AM - 5 PM', 'https://www.google.com/maps/search/?api=1&query=Ay+Tomb', 'The tomb of Pharaoh Ay in the Valley of the Kings.', 'https://upload.wikimedia.org/wikipedia/commons/3/32/ThebesKV23Chamber.jpg', 3.6);
INSERT INTO Places (Name, Government_name, VisitingHours, Location, Description, Photo, GoogleRate) VALUES ('Deir El-Bahari (Hatshepsut Temple)', 'Luxor', '6 AM - 5 PM', 'https://www.google.com/maps/search/?api=1&query=Deir+El-Bahari', 'The mortuary temple of Queen Hatshepsut.', 'https://www.sophiesworld.net/wp-content/uploads/2008/01/9265608616_b26087d184_z.jpg', 4.4);
INSERT INTO Places (Name, Government_name, VisitingHours, Location, Description, Photo, GoogleRate) VALUES ('Deir El-Medina', 'Luxor', '6 AM - 5 PM', 'https://www.google.com/maps/search/?api=1&query=Deir+El-Medina', 'The ancient workers’ village near the Valley of the Kings.', 'https://www.egypttoursportal.com/images/2023/01/Deir-El-Medina-The-Worker-s-Village-Egypt-Tours-Portal.jpg', 4.3);
INSERT INTO Places (Name, Government_name, VisitingHours, Location, Description, Photo, GoogleRate) VALUES ('Pashedu Tomb', 'Luxor', '6 AM - 5 PM', 'https://www.google.com/maps/search/?api=1&query=Pashedu+Tomb', 'A well-preserved tomb in Deir El-Medina.', 'https://exploreluxor.org/wp-content/uploads/2022/08/333.jpg', 3.6);
INSERT INTO Places (Name, Government_name, VisitingHours, Location, Description, Photo, GoogleRate) VALUES ('Medinet Habu Temple', 'Luxor', '6 AM - 5 PM', 'https://www.google.com/maps/search/?api=1&query=Medinet+Habu+Temple', 'The mortuary temple of Ramses III.', 'https://encrypted-tbn0.gstatic.com/images?q=tbn:ANd9GcSYNW3McDkTPmoiaYUEfjO6M37VwRhH_LvSqg&s', 3.9);
INSERT INTO Places (Name, Government_name, VisitingHours, Location, Description, Photo, GoogleRate) VALUES ('Valley of the Queens', 'Luxor', '6 AM - 5 PM', 'https://www.google.com/maps/search/?api=1&query=Valley+of+the+Queens', 'Burial site for queens and royal children.', 'https://www.traveltoegypt.net/front/images/blog/Valley-of-the-queens.jpg', 4.9);
INSERT INTO Places (Name, Government_name, VisitingHours, Location, Description, Photo, GoogleRate) VALUES ('Nefertari Tomb', 'Luxor', '6 AM - 5 PM', 'https://www.google.com/maps/search/?api=1&query=Nefertari+Tomb', 'The beautifully decorated tomb of Queen Nefertari.', 'https://egyptfuntours.com/wp-content/uploads/2021/06/nefertari-tomb-valley-of-queens.jpg', 3.9);
INSERT INTO Places (Name, Government_name, VisitingHours, Location, Description, Photo, GoogleRate) VALUES ('Ramose Tomb', 'Luxor', '6 AM - 5 PM', 'https://www.google.com/maps/search/?api=1&query=Ramose+Tomb', 'The tomb of the vizier Ramose with detailed reliefs.', 'https://egyptsites.wordpress.com/files/2009/02/ramose-3.jpg?w=640', 3.7);
INSERT INTO Places (Name, Government_name, VisitingHours, Location, Description, Photo, GoogleRate) VALUES ('Ramesseum Temple', 'Luxor', '6 AM - 5 PM', 'https://www.google.com/maps/search/?api=1&query=Ramesseum+Temple', 'The mortuary temple of Ramses II.', 'https://media.istockphoto.com/id/1409749382/photo/the-ramesseum-or-the-mortuary-temple-of-ramesses-ii-luxor-egypt.jpg?s=612x612&w=0&k=20&c=TSZCn2NbtRFcoSKUw4B9Qy8gaGFICx_M3aXDBuIwv44=', 4.2);
INSERT INTO Places (Name, Government_name, VisitingHours, Location, Description, Photo, GoogleRate) VALUES ('Carter House & Tutankhamun''s Replica Tomb', 'Luxor', '9 AM - 5 PM', 'https://www.google.com/maps/search/?api=1&query=Carter+House', 'A replica tomb and Howard Carter’s residence.', 'https://historyuk.s3.eu-west-2.amazonaws.com/s3fs-public/2022-01/Tomb%20of%20Tutankhamun%20copy-min_0.jpg',5);
INSERT INTO Places (Name, Government_name, VisitingHours, Location, Description, Photo, GoogleRate) VALUES ('Menna & Nakht Tombs', 'Luxor', '6 AM - 5 PM', 'https://www.google.com/maps/search/?api=1&query=Menna+Nakht+Tombs', 'Tombs of nobles with vivid paintings.', 'https://lp-cms-production.imgix.net/2023-07/shutterstockRF179121524.jpg?fit=crop&ar=1%3A1&w=1200&auto=format&q=75', 3.9);
INSERT INTO Places (Name, Government_name, VisitingHours, Location, Description, Photo, GoogleRate) VALUES ('Rekhmire & Sennefer Tombs', 'Luxor', '6 AM - 5 PM', 'https://www.google.com/maps/search/?api=1&query=Rekhmire+Sennefer+Tombs', 'Tombs of high officials from the New Kingdom.', 'https://encrypted-tbn0.gstatic.com/images?q=tbn:ANd9GcQGBwtjOiEbGA6zZxUsWlLBOIRpzz0Rox_vSRrFa6XnqCqr7UHwtAPkEF5kakGVWjFVVtU&usqp=CAU', 4.5);
INSERT INTO Places (Name, Government_name, VisitingHours, Location, Description, Photo, GoogleRate) VALUES ('Seti I Temple', 'Luxor', '6 AM - 5 PM', 'https://www.google.com/maps/search/?api=1&query=Seti+I+Temple', 'A temple dedicated to Seti I near Luxor.', 'https://upload.wikimedia.org/wikipedia/commons/thumb/3/33/AbydosFacade.jpg/640px-AbydosFacade.jpg', 4.6);
INSERT INTO Places (Name, Government_name, VisitingHours, Location, Description, Photo, GoogleRate) VALUES ('Userhat & Khaemwaset Tombs', 'Luxor', '6 AM - 5 PM', 'https://www.google.com/maps/search/?api=1&query=Userhat+Khaemwaset+Tombs', 'Tombs of nobles from the 18th Dynasty.', 'https://lp-cms-production.imgix.net/2023-06/iStock-1436785027.jpg?fit=crop&ar=1%3A1&w=1200&auto=format&q=75', 3.9);
INSERT INTO Places (Name, Government_name, VisitingHours, Location, Description, Photo, GoogleRate) VALUES ('El-Asasif Necropolis', 'Luxor', '6 AM - 5 PM', 'https://www.google.com/maps/search/?api=1&query=El-Asasif+Necropolis', 'A necropolis with tombs from the Middle and New Kingdoms.', 'https://exploreluxor.org/wp-content/uploads/2023/11/Al-asasif--1024x535.png', 4.6);
INSERT INTO Places (Name, Government_name, VisitingHours, Location, Description, Photo, GoogleRate) VALUES ('Baba Tomb', 'Luxor', '6 AM - 5 PM', 'https://www.google.com/maps/search/?api=1&query=Baba+Tomb', 'A tomb in the El-Khokha area of Luxor.', 'https://dynamic-media-cdn.tripadvisor.com/media/photo-o/0a/0f/db/be/img-20160109-wa0015-largejpg.jpg?w=1200&h=1200&s=1', 4.1);
INSERT INTO Places (Name, Government_name, VisitingHours, Location, Description, Photo, GoogleRate) VALUES ('El-Khokha Tombs', 'Luxor', '6 AM - 5 PM', 'https://www.google.com/maps/search/?api=1&query=El-Khokha+Tombs', 'A group of nobles’ tombs near Luxor.', 'https://dynamic-media-cdn.tripadvisor.com/media/photo-o/1a/8d/a1/9d/caption.jpg?w=1200&h=-1&s=1', 4.4);
INSERT INTO Places (Name, Government_name, VisitingHours, Location, Description, Photo, GoogleRate) VALUES ('Sheikh Abd El-Qurna North Tombs', 'Luxor', '6 AM - 5 PM', 'https://www.google.com/maps/search/?api=1&query=Sheikh+Abd+El-Qurna+North+Tombs', 'Northern section of a nobles’ necropolis.', 'https://lhtt.philhist.unibas.ch/wp-content/uploads/2017/03/TT-Overview-MKNK.jpg', 4.5);
INSERT INTO Places (Name, Government_name, VisitingHours, Location, Description, Photo, GoogleRate) VALUES ('Sheikh Abd El-Qurna South Tombs', 'Luxor', '6 AM - 5 PM', 'https://www.google.com/maps/search/?api=1&query=Sheikh+Abd+El-Qurna+South+Tombs', 'Southern section of a nobles’ necropolis.', 'https://hurghadalovers.com/wp-content/uploads/2022/01/%D9%85%D9%82%D8%A7%D8%A8%D8%B1-%D8%A7%D9%84%D8%B4%D9%8A%D8%AE-%D8%B9%D8%A8%D8%AF-%D8%A7%D9%84%D9%82%D8%B1%D9%86%D9%87-%D8%A7%D9%84%D9%81%D8%B1%D8%B9%D9%88%D9%86%D9%8A%D8%A9-%D9%81%D9%8A-%D8%AC%D8%A8%D8%A7%D9%86%D8%A9-%D8%B7%D9%8A%D8%A8%D8%A9-%D8%A7%D9%84%D8%A7%D9%94%D9%82%D8%B5%D8%B1-%D9%85%D8%B5%D8%B1-%D8%AA%D8%A7%D8%B1%D9%8A%D8%AE-%D8%A8%D9%86%D8%A7%D8%A1-%D8%A7%D9%94%D9%83%D8%A8%D8%B1-%D9%88%D8%A7%D9%94%D9%87%D9%85-%D9%85%D9%82%D8%A7%D8%A8%D8%B1-%D8%A7%D9%84%D8%A7%D8%B4%D8%B1%D8%A7%D9%81-%D9%88%D8%A7%D9%84%D9%86%D8%A8%D9%84%D8%A7%D8%A1-%D9%81%D9%8A-%D8%AD%D8%B6%D8%A7%D8%B1%D8%A9-%D9%85%D8%B5%D8%B1-%D8%A7%D9%84%D9%82%D8%AF%D9%8A%D9%85%D8%A9.jpg', 4.3);
INSERT INTO Places (Name, Government_name, VisitingHours, Location, Description, Photo, GoogleRate) VALUES ('Isis Temple (Deir Shalwit)', 'Luxor', '6 AM - 5 PM', 'https://www.google.com/maps/search/?api=1&query=Isis+Temple+Deir+Shalwit', 'A Roman-era temple dedicated to Isis.', 'https://encrypted-tbn0.gstatic.com/images?q=tbn:ANd9GcQYl23WKbxdPWE_njVAObwJXzgw1xXoNAbMfg&s', 3.6);
INSERT INTO Places (Name, Government_name, VisitingHours, Location, Description, Photo, GoogleRate) VALUES ('Qurna Merai Necropolis', 'Luxor', '6 AM - 5 PM', 'https://www.google.com/maps/search/?api=1&query=Qurna+Merai+Necropolis', 'An ancient burial site near Luxor.', 'https://upload.wikimedia.org/wikipedia/commons/3/36/Gournah.jpg', 4.8);
INSERT INTO Places (Name, Government_name, VisitingHours, Location, Description, Photo, GoogleRate) VALUES ('Merenptah Temple', 'Luxor', '6 AM - 5 PM', 'https://www.google.com/maps/search/?api=1&query=Merenptah+Temple', 'The mortuary temple of Pharaoh Merenptah.', 'https://egyptsites.wordpress.com/files/2009/02/merenptah-1.jpg?w=640', 4);
INSERT INTO Places (Name, Government_name, VisitingHours, Location, Description, Photo, GoogleRate) VALUES ('Colossi of Memnon', 'Luxor', '6 AM - 5 PM', 'https://www.google.com/maps/search/?api=1&query=Colossi+of+Memnon', 'Two massive statues of Amenhotep III.', 'https://www.traveltoegypt.net/front/images/blog/Colossi-of-Memnon.jpg', 3.8);
INSERT INTO Places (Name, Government_name, VisitingHours, Location, Description, Photo, GoogleRate) VALUES ('Mummification Museum', 'Luxor', '9 AM - 5 PM', 'https://www.google.com/maps/search/?api=1&query=Mummification+Museum', 'A museum explaining ancient Egyptian mummification.', 'https://media.tacdn.com/media/attractions-splice-spp-674x446/0b/39/9b/c7.jpg', 3.6);
INSERT INTO Places (Name, Government_name, VisitingHours, Location, Description, Photo, GoogleRate) VALUES ('Luxor Museum', 'Luxor', '9 AM - 9 PM', 'https://www.google.com/maps/search/?api=1&query=Luxor+Museum', 'A museum with artifacts from Luxor and Thebes.', 'https://www.sis.gov.eg/Content/Upload/slider/112023642717671.jpg', 4.4);
INSERT INTO Places (Name, Government_name, VisitingHours, Location, Description, Photo, GoogleRate) VALUES ('Audio Guide - Luxor Museum', 'Luxor', '9 AM - 9 PM', 'https://www.google.com/maps/search/?api=1&query=Luxor+Museum', 'Audio guide service for the Luxor Museum.', 'https://www.pelago.com/img/products/EG-Egypt/private-guided-luxor-museum-with-karnak-sound-and-light-show/ef6e169e-61f6-49b5-b197-95cba14ba00a_private-guided-luxor-museum-with-karnak-sound-and-light-show.jpg', 4.5);
INSERT INTO Places (Name, Government_name, VisitingHours, Location, Description, Photo, GoogleRate) VALUES ('Anba Samaan Monastery', 'Luxor', '9 AM - 5 PM', 'https://www.google.com/maps/search/?api=1&query=Anba+Samaan+Monastery', 'A Coptic monastery near Luxor.', 'https://upload.wikimedia.org/wikipedia/commons/thumb/a/af/Samaan_Monastery.jpg/1200px-Samaan_Monastery.jpg', 3.5);
INSERT INTO Places (Name, Government_name, VisitingHours, Location, Description, Photo, GoogleRate) VALUES ('Abu Simbel Temples', 'Aswan', '5 AM - 6 PM', 'https://www.google.com/maps/search/?api=1&query=Abu+Simbel+Temples', 'Repeated entry for Ramses II’s rock temples.', 'https://www.traveltoegypt.net/front/images/blog/AbuSimbel2.jpg', 4.3);
INSERT INTO Places (Name, Government_name, VisitingHours, Location, Description, Photo, GoogleRate) VALUES ('Sun Festival (Abu Simbel Temples October 22 & February 22)', 'Aswan', '5 AM - 6 PM', 'https://www.google.com/maps/search/?api=1&query=Abu+Simbel+Temples', 'Special event ticket for the Sun Festival.', 'https://images.memphistours.com/thumbs1/1461727390_1.jpg', 3.8);
INSERT INTO Places (Name, Government_name, VisitingHours, Location, Description, Photo, GoogleRate) VALUES ('Vehicle Tickets for Abu Simbel Temples', 'Aswan', '5 AM - 6 PM', 'https://www.google.com/maps/search/?api=1&query=Abu+Simbel+Temples', 'Vehicle access ticket for Abu Simbel.', 'https://media.tacdn.com/media/attractions-splice-spp-674x446/06/6a/ee/8f.jpg', 4.5);
INSERT INTO Places (Name, Government_name, VisitingHours, Location, Description, Photo, GoogleRate) VALUES ('Philae Temples', 'Aswan', '7 AM - 5 PM', 'https://www.google.com/maps/search/?api=1&query=Philae+Temples', 'Repeated entry for the Isis temple complex.', 'https://www.luxorandaswan.com/images/1658714824003.jpg', 3.8);
INSERT INTO Places (Name, Government_name, VisitingHours, Location, Description, Photo, GoogleRate) VALUES ('Philae Temples Panorama', 'Aswan', '7 AM - 5 PM', 'https://www.google.com/maps/search/?api=1&query=Philae+Temples', 'Panoramic view access for Philae Temples.', 'https://www.planetware.com/photos-large/EGY/egypt-philae-temple-of-isis-forecourt.jpg', 4.5);
INSERT INTO Places (Name, Government_name, VisitingHours, Location, Description, Photo, GoogleRate) VALUES ('Edfu Temple', 'Aswan', '7 AM - 5 PM', 'https://www.google.com/maps/search/?api=1&query=Edfu+Temple', 'A well-preserved Ptolemaic temple dedicated to Horus.', 'https://d3rr2gvhjw0wwy.cloudfront.net/uploads/activity_galleries/40450/900x600-1-50-28df7fedbf6018ac5e4679b93ff61a44.jpg', 4.1);
INSERT INTO Places (Name, Government_name, VisitingHours, Location, Description, Photo, GoogleRate) VALUES ('Kom Ombo Temple', 'Aswan', '7 AM - 5 PM', 'https://www.google.com/maps/search/?api=1&query=Kom+Ombo+Temple', 'A double temple for Sobek and Horus.', 'https://i0.wp.com/egypttimetravel.com/wp-content/uploads/2020/09/Temple-of-Kom-Ombo.jpg?resize=700%2C500&ssl=1', 4.9);
INSERT INTO Places (Name, Government_name, VisitingHours, Location, Description, Photo, GoogleRate) VALUES ('Vehicle Tickets for Kom Ombo Temple', 'Aswan', '7 AM - 5 PM', 'https://www.google.com/maps/search/?api=1&query=Kom+Ombo+Temple', 'Vehicle access ticket for Kom Ombo.', 'https://media.tacdn.com/media/attractions-splice-spp-674x446/0b/9d/46/d9.jpg', 3.7);
INSERT INTO Places (Name, Government_name, VisitingHours, Location, Description, Photo, GoogleRate) VALUES ('Qubbet El-Hawa', 'Aswan', '7 AM - 5 PM', 'https://www.google.com/maps/search/?api=1&query=Qubbet+El-Hawa', 'Rock-cut tombs of nobles on the west bank of the Nile.', 'https://madainproject.com/content/media/collect/qubbet_hawa_55901.jpg', 4);
INSERT INTO Places (Name, Government_name, VisitingHours, Location, Description, Photo, GoogleRate) VALUES ('Elephantine Island', 'Aswan', '7 AM - 5 PM', 'https://www.google.com/maps/search/?api=1&query=Elephantine+Island', 'An island with ancient ruins and a Nilometer.', 'https://encrypted-tbn0.gstatic.com/images?q=tbn:ANd9GcR0iH1jUAW2eA5KFRnuski0zOAGS4Wxoya2YQ&s', 3.7);
INSERT INTO Places (Name, Government_name, VisitingHours, Location, Description, Photo, GoogleRate) VALUES ('Unfinished Obelisk', 'Aswan', '7 AM - 5 PM', 'https://www.google.com/maps/search/?api=1&query=Unfinished+Obelisk', 'An abandoned obelisk in an ancient quarry.', 'https://www.inside-egypt.com/img/thumbs/w1200h800q85/news/5d689cd165e5287599c4.jpeg', 4.9);
INSERT INTO Places (Name, Government_name, VisitingHours, Location, Description, Photo, GoogleRate) VALUES ('Kalabsha Temples', 'Aswan', '7 AM - 5 PM', 'https://www.google.com/maps/search/?api=1&query=Kalabsha+Temples', 'A Nubian temple relocated due to the Aswan Dam.', 'https://encrypted-tbn0.gstatic.com/images?q=tbn:ANd9GcT7aKosMFLKvmhSMRxB7d226ERFzdCFGWCDkHmL0Xpa1tBA63uYn9xX1ue7yHM_Ia1zG_o&usqp=CAU', 4.8);
INSERT INTO Places (Name, Government_name, VisitingHours, Location, Description, Photo, GoogleRate) VALUES ('El-Kab', 'Aswan', '7 AM - 5 PM', 'https://www.google.com/maps/search/?api=1&query=El-Kab', 'Ancient tombs and ruins from the Early Dynastic period.', 'https://www.cairotoptours.com/storage/2799/conversions/Temple%20of%20Luxor%20%7C%20Egypt-webp.webp', 3.9);
INSERT INTO Places (Name, Government_name, VisitingHours, Location, Description, Photo, GoogleRate) VALUES ('Amada Temples', 'Aswan', '7 AM - 5 PM', 'https://www.google.com/maps/search/?api=1&query=Amada+Temples', 'An 18th Dynasty temple relocated from Nubia.', 'https://images.memphistours.com/large/1355541545_derr.jpg', 4.5);
INSERT INTO Places (Name, Government_name, VisitingHours, Location, Description, Photo, GoogleRate) VALUES ('Wadi El-Seboua Temples', 'Aswan', '7 AM - 5 PM', 'https://www.google.com/maps/search/?api=1&query=Wadi+El-Seboua+Temples', 'Rock-cut temples from the New Kingdom.', 'https://mlrhpz8jmuut.i.optimole.com/cb:lD8R.5019e/w:auto/h:auto/q:mauto/f:best/ig:avif/id:73419087388a8440ed989bcc1c41c950/https://www.egypttoursplus.com/Temple-of-Sebua-at-Wadi-El-Sebua.jpg', 4.7);
INSERT INTO Places (Name, Government_name, VisitingHours, Location, Description, Photo, GoogleRate) VALUES ('Seheil Island', 'Aswan', '7 AM - 5 PM', 'https://www.google.com/maps/search/?api=1&query=Seheil+Island', 'An island with ancient rock inscriptions.', 'https://upload.wikimedia.org/wikipedia/commons/thumb/e/ef/Seheil_Island%2C_Aswan%2C_AG%2C_EGY_%2848025429186%29.jpg/1200px-Seheil_Island%2C_Aswan%2C_AG%2C_EGY_%2848025429186%29.jpg', 4.3);
INSERT INTO Places (Name, Government_name, VisitingHours, Location, Description, Photo, GoogleRate) VALUES ('Gebel Silsila', 'Aswan', '7 AM - 5 PM', 'https://www.google.com/maps/search/?api=1&query=Gebel+Silsila', 'An ancient quarry and shrine site.', 'https://encrypted-tbn0.gstatic.com/images?q=tbn:ANd9GcTHHyxR5HF2WRAX3eFh3iLB_-2G_kr1ojshaw&s', 4.3);
INSERT INTO Places (Name, Government_name, VisitingHours, Location, Description, Photo, GoogleRate) VALUES ('Isis Temple', 'Aswan', '7 AM - 5 PM', 'https://www.google.com/maps/search/?api=1&query=Isis+Temple', 'Repeated entry for a temple dedicated to Isis.', 'https://encrypted-tbn0.gstatic.com/images?q=tbn:ANd9GcQ40yQNoBENdMGeGv-kpBvvbgb1Mq4nBVNiCg&s', 3.9);
INSERT INTO Places (Name, Government_name, VisitingHours, Location, Description, Photo, GoogleRate) VALUES ('Nubian Museum', 'Aswan', '9 AM - 5 PM', 'https://www.google.com/maps/search/?api=1&query=Nubian+Museum', 'A museum showcasing Nubian history and culture.', 'https://momaa.org/wp-content/uploads/2019/10/nubian-museum-1024x568.png', 3.6);
INSERT INTO Places (Name, Government_name, VisitingHours, Location, Description, Photo, GoogleRate) VALUES ('Crocodile Museum (Kom Ombo)', 'Aswan', '7 AM - 5 PM', 'https://www.google.com/maps/search/?api=1&query=Crocodile+Museum', 'A museum near Kom Ombo with mummified crocodiles.', 'https://www.egypttoday.com/siteimages/Larg/202211230323252325.jpg', 4.8);
INSERT INTO Places (Name, Government_name, VisitingHours, Location, Description, Photo, GoogleRate) VALUES ('El-Quseir Citadel', 'Red Sea', '9 AM - 5 PM', 'https://www.google.com/maps/search/?api=1&query=El-Quseir+Citadel', 'An Ottoman fortress on the Red Sea coast.', 'https://encrypted-tbn0.gstatic.com/images?q=tbn:ANd9GcS49GgM7XPw1AfShO_Ek8bMuJXKu4ohaVWq4Q&s', 4.9);
INSERT INTO Places (Name, Government_name, VisitingHours, Location, Description, Photo, GoogleRate) VALUES ('Anba Paula Monastery', 'Red Sea', '9 AM - 5 PM', 'https://www.google.com/maps/search/?api=1&query=Anba+Paula+Monastery', 'One of the oldest Coptic monasteries in Egypt.', 'https://watanimg.elwatannews.com/image_archive/original_lower_quality/18292132711623587288.jpg', 4.4);
INSERT INTO Places (Name, Government_name, VisitingHours, Location, Description, Photo, GoogleRate) VALUES ('Anba Antonius Monastery', 'Red Sea', '9 AM - 5 PM', 'https://www.google.com/maps/search/?api=1&query=Anba+Antonius+Monastery', 'The oldest monastic site founded by St. Anthony.', 'https://encrypted-tbn0.gstatic.com/images?q=tbn:ANd9GcTqlRtxXUAOCLCiXsapCwkJASDXLmBJbur0mA&s', 4);
INSERT INTO Places (Name, Government_name, VisitingHours, Location, Description, Photo, GoogleRate) VALUES ('Hurghada Museum', 'Red Sea', '9 AM - 5 PM', 'https://www.google.com/maps/search/?api=1&query=Hurghada+Museum', 'A museum with artifacts from the Red Sea region.', 'https://i0.wp.com/landioustravel.com/wp-content/uploads/2022/01/Hurghada-Museum-e1641727191256.jpg?fit=1170%2C658&ssl=1', 4);
INSERT INTO Places (Name, Government_name, VisitingHours, Location, Description, Photo, GoogleRate) VALUES ('Salah El-Din Citadel (Taba)', 'Sinai', '9 AM - 5 PM', 'https://www.google.com/maps/search/?api=1&query=Salah+El-Din+Citadel+Taba', 'A fortress built by Salah El-Din on Pharaoh’s Island.', 'https://c8.alamy.com/zooms/9/3a254ee9aa974bb18021dd6ef3c5b4fe/rhd0pc.jpg', 4.6);
INSERT INTO Places (Name, Government_name, VisitingHours, Location, Description, Photo, GoogleRate) VALUES ('St. Catherine''s Monastery', 'Sinai', '9 AM - 12 PM', 'https://www.google.com/maps/search/?api=1&query=St+Catherine+Monastery', 'A historic monastery at the foot of Mount Sinai.', 'https://encrypted-tbn0.gstatic.com/images?q=tbn:ANd9GcTeUJLqXAo1JMq0cbFbAeq84yXm90MDpa_m_w&s', 4.8);
INSERT INTO Places (Name, Government_name, VisitingHours, Location, Description, Photo, GoogleRate) VALUES ('Sharm El-Sheikh Museum', 'Sinai', '9 AM - 5 PM', 'https://www.google.com/maps/search/?api=1&query=Sharm+El-Sheikh+Museum', 'A museum showcasing Sinai’s history and marine life.', 'https://www.happyegypt.com/storage/17135/conversions/Sharm-El-Sheikh-Museum-webp.webp', 4.8);


INSERT INTO Places (Name, Government_name, VisitingHours, Location, Description, Photo, GoogleRate) 
VALUES ('Temple of Hathor (Dendera Crypts)', 'Sinai', '9 AM - 5 PM', 'https://www.google.com/maps/search/?api=1&query=Sharm+El-Sheikh+Museum', 'A museum showcasing Sinai’s history and marine life.', 'https://www.happyegypt.com/storage/17135/conversions/Sharm-El-Sheikh-Museum-webp.webp', 4.8);
INSERT INTO Places 
(Name, Government_name, VisitingHours, Location, Description, Photo, GoogleRate)
VALUES 
(
    'Sultan Hassan Mosque', 
    'Cairo', 
    '08:00 AM - 05:00 PM', 
    'https://www.google.com/maps/place/Mosque-Madrassa+of+Sultan+Hassan/@30.0293836,31.2615795,17z', 
    'The Sultan Hassan Mosque is one of the most remarkable examples of Islamic architecture in the world. Built between 1356 and 1363 during the Mamluk period, it combines both a mosque and a madrasa. It is located opposite the Citadel of Saladin and is known for its grand scale, intricate stonework, and historical importance.', 
    'https://lh3.googleusercontent.com/gps-cs-s/AB5caB9yM7lhuTSb9DvvEK3bu8fp_uK-1AqNCG_8IRgoAoDNY6DMHczzP67tKe7rFczb1BINayh_rfoHmN4Y8LfZTRqgLyauuEg0qsy9a24gKZn0HNgs6-BF416_MEuwrl3wsPNI8PQ=w270-h312-n-k-no', 
    4.7
);
INSERT INTO Places 
(Name, Government_name, VisitingHours, Location, Description, Photo, GoogleRate)
VALUES 
(
    'Al-Rifa’i Mosque', 
    'Cairo', 
    '08:00 AM - 05:00 PM', 
    'https://www.google.com/maps/place/Al-Rifa%27i+Mosque/@30.0296413,31.2616319,17z', 
    'Al-Rifa’i Mosque is a grand royal mosque located in Cairo, Egypt, directly adjacent to the Sultan Hassan Mosque. Built in the 19th and early 20th centuries, the mosque serves as the royal mausoleum for Egypt’s royal family and other notable figures, including the last Shah of Iran. The mosque’s architecture blends traditional Mamluk style with more modern influences.', 
    'https://lh3.googleusercontent.com/gps-cs-s/AB5caB8bhJ96e35RqxJBDR7gc0f-_688x_iH_JsHabUQoW0QvuBUM9FShLnNEgmKxs7YMbK9rvac-GYJGrG4ziv3kV8gb5aURWC8HrPKqk0w9fJYZ38n42x4FxVHh2NPbkSqj_66pK6o=w270-h156-n-k-no', 
    4.6
);
INSERT INTO Places 
(Name, Government_name, VisitingHours, Location, Description, Photo, GoogleRate)
VALUES 
(
    'Al-Asasif Necropolis', 
    'Luxor', 
    '06:00 AM - 05:00 PM', 
    'https://www.google.com/maps/place/Asasif+Tombs/@25.7371728,32.6027426,17z', 
    'Al-Asasif Necropolis is an ancient burial site located on the west bank of the Nile near Luxor, Egypt. It dates back to the Late Period, the 18th Dynasty, and even earlier. The necropolis contains tombs of high-ranking officials and priests, including well-preserved tombs with beautifully painted walls and complex underground structures. It lies between the Valley of the Kings and the Valley of the Queens.', 
    'data:image/jpeg;base64,/9j/4AAQSkZJRgABAQAAAQABAAD/2wCEAAkGBxITEhUSEhIVFhUVFRcWGBcXFxcXGBYYGBUXFhUYFRYYHSggGBolHRUVIjEhJSkrLi4uGB8zODMtNygtLisBCgoKDg0OFxAQGi0fHR0tLS0tLS0tKy0tLS0tLS0tLS0tLS0tLS0tLS0tLS0tLS0tLS0tLS0tLS0tLSstNzctN//AABEIAKIBNwMBIgACEQEDEQH/xAAbAAACAwEBAQAAAAAAAAAAAAACBAADBQEGB//EAD8QAAEDAgQDBgUCAwcDBQAAAAEAAhEDIQQSMUFRYYEFEyJxkaEyscHR8AZCFFLhFUNTYnKS8SNjghZEoqOy/8QAGAEBAQEBAQAAAAAAAAAAAAAAAAECAwT/xAAfEQEBAQACAgMBAQAAAAAAAAAAARECEhMhAzFRYUH/2gAMAwEAAhEDEQA/ANrIuZVYpC9OvPivKuwUZaoGqaY4J4IgxS65JRRhoGqjy1VwugKYujYwI3Ugqsq6AUsJRDDqylTgqCouGos+2phkFcc9L5iuZCs9WtDVdKXcEx3JXTh5W5ZGLLSRauimmThyF1tIq9k6qWUyrXUbJinSKYDAsXm6TizBRXRSK0+6CE0lnudCIbyRd1yTncqd0nZepLuV3u02aSA0SnYwo+kg7opw0Sh7lXsdSL6RQdyVpCku5Ve6dGe2mQrWPKasq3MU7adcHTerQUqAUcuWbGpTMqSlQXKwErPVdW5kJKAuUzpho8yiEFRTFKZVMqsUC9WvNgF3PyVoAKIUws2rIpEIgrxRBXDh1O0a61VlXRCJ1EoTSKAgGo2tCpDCplKYau7oK6lSG6TEqZjxKll/VnKHxTCKAs8OPNF3pWetXtDwaF3KEgK5RDElTpV7Q4WrgphK/wASVP4lOtXtDgYhKV79C6rKnWnaHApKR7wqCuVelO0PqJMVzwRiuVnrV7Qyoqe942VGK7QYxuYmeAF5P5us301PZwqqvXY2MzgJ0nfyXl8f23XFwcvABoPrN1hv7TqmS65O5m65+T8b8f69bju24MUw08S6fYBX9ndqMqWdDX8CRB/0nfy1Xh/7RP8AKPVdGOBHwrM58tavDjj6QKaHul4PDdtlsAPeBPEx6StnB/qtulQTzAg9Rouk+Ri/G9H3amRK4HtejWtTeCf5SCD6FOresYDKuZUaiaK8qmVGVxNAQojhcTQtlXMqshSF6NcMA1WhyGFIUvsgu8hEK6ABTIpka2jOIU71CGLuRTIbUNTkuZkWREKaej2qCINVndroamrjjWrvdBEF1Z1rAdwEBw/BMSoFO1Mhb+G5rjqMJtCWynanWFm0pRCgeKu7pdyninYxQaHNVFhTd1l4ztxjTlaMxvfa2vmpfk6/azhv0ZHNUV8a1uh6mw/qsTEdo1XiSY4DSLeaQxNNziD3hAGq4cvnt+vTtx+GT7bOIxt7unfW3Qb9Vn1ajHGYAHG4PW4CWNEHQdSTKao0ABNvP33XC3/a7yfhau9sEyTETyB011SrII8MnkD+BazKTagLSAWmJn81WViezWsLiMzYEtvJ1sT6qyxLKLuG2cAJ30+YUfRYTYCf9I+yBxdre9vh2OkztZMUmPn4TfyQVvoNfqFQ7BiRr9UzXY5pJgAczbjoCgdjmnK0Fp43AB6EzKaYHA0slQPa4tLTxF73GmnELfb+qBclstH8pvrE36+iyGlhs0wLzbnx/JRmjTa3JsY5T+D5qz5LEvCVvN/UtDKH+KDyEieUocf+oqbMuWXSRta5HGLrz7hSMC0QG8hGgHBBjG0yW34xuDF9vvsteWs+KN6n+qqJLgWvGXeAQfdMN7fpk/C/SdB99V4oARUeZhobNtZkhPOrHQD9hffgHOn6Jfl5Hj4vV/27R4u/2/ZRePcXAwI+AG+zi68xyJHoup5eR4uL3+RQsXh8N206nEVDB2dcba8Ndl6Ts7txlTwu8LuE2PkfovTw+aX+PPy+Kxp5VMqLMuZl1c/SZF3KuSpmUFrWhFkVQqFEKil1qWDyclA1cFVEHrPtfTuVdhczLuZRUhdyqZlMyCQpC4SqKuJY27ntHUKBiFIWTX7ZYB4QXew9Ss7EdvVD8IDfc+9vZYvPjP8AW5w5V6ZzgBJMBZeM7cY0wzxnrHyuvP1ar3wXvJHM/IKMIGluf3JXPl8v46cfi/TeL7SrPFyGDgPkd1mVC+8xdR+LAMA30FuGsEoHVjJAbG2YxfyHRcrbft1kk+lIeTr4YPDX8CtoeK+2wUZUgAQTNth/wriwxbU76AeRTQWhj2CsFS1/IAXSriAJmfz+iX/jmlhIE5YEm2ukEX2UxTzHMAkZneLQWg8+SKt2vTDQQZExEXndZA7V8BYW2M6GCPK1kXZlGkDJlx1EiY5gCRPNM/U1ficQYkNAnz4E7eSrFS+YtGvD0/Oa0nmn8TyLaSbjoq2d043vE2Am4vqTCmqTxIJdAH7dBO54BL/wtaR5GJiwJueRWg3HgPNMZs0xczxv7KmpjiWvLTBa4CdyC0n5hWaiyngz0JEmdQNh6lcxFEF0ue0efPzjYADyQOxQc0FztWtGu+a8DyWVUDQ5oeZJEgbRmcRfyOiSaVpYvDgMJEZQOG+3LVZrqkNbnvBJ5NIIJ89V3HYklgbtNuUEgR6JRjwWRJ/cT9PotSJa2KtUdyWgS2STzgxp0VBr5S9xJg08sxpIMwOimEcDRAk3uefimEvWoudmHE6xP7SfuoGqdUPcSdbxBOk/0UWf2Z4ntFwADMcifqolmLK0jRJIc8NJ4QqO+aCTIMnZvICApUrPF8rmjexjqVUMW50AE9LT1GgVxlt4L9SOp+FxzAAWdYgcnfdbuF/UVB+pLTzEj1C8aGlcNIakD88l04/LyjHL45X0lrgRIII4jRC6q0auaOoXzoAjRxHuPQq7vXfyg+Vj6H7rp5/4x4f690/HUhrUZ6j6Kv8AtWj/AIg9/svFjFxqCPMW9RZWCqHaR5ghZ8/L8Xwx7NnaVE6VG9THzVzcSyCQ9pA1IIMei8HWoxp9knVqVAczJkWg2+eqT57+Hhn693iO3abDuRpPE8ADqrWdt0tJIO4LTI+i8Rh+16gIFSRPEcN/VN4avmc4yBOkRPop5eS+OPVVe3mD4WuPn4R9/ZIYj9RPiYa0cTc+6yMU490XB1z5SBmN7b291m9o1TkaDM7zed/qs9+Va6cY2H9sZ/jrEjgLDrCSNRuac4PBs2WMHfnVaVGgyBIvvdSxqNOpP7nRoN99Fxhb+x0nW4PtbTS6UxWIlwJ0DgZ8hInnoqHVyS45dWx0m/y9ljGj1SvTDoJl3l7e6CnWpQAbgz7Ak78is+g6fEdfroPRKUzY3/Cr1TWy51JwEN1sNbXI42uEb6DQDUe4nKcgb0Gk6pbBPAp3iwkecvPTULNdWJiTomGt/DBpaHiYgwCRMCxn0XasF7WEzMnL5aTw2SWHxUtaz/KG+se+qbou8BgSYcBaN9RvwWK0T7RqC446dOEbQsx8ho5/TT5+6u7QJGXiGwVfgey31ACbN9z9hbVbnqMs1xWh2SfC87ggeq7XdRpyBTzEbuJ18gV3APBkhgA5E3Iv7XS30f65jnuLngDUNs2/EAc9fZXYPDvEudDQb3PX7qyrjMoMjLwAsXcZ5D6pbEYuR4haAY3vx5KbVDVaGPNQOJiZjfjfqqsMCWkjxTtIGmxSlevqWggyDrPn80zgHtzOJkWtF/wrWekL16dR0EtMAcDEfm60cDgBmD7kAgeIajSLpcYp7XHxatvMkTvHRP1+0Q9ktcbC8zxA1ndLamGMV2Qx37iG62vbhJPFBW7MY2m5rZykTJN52toksJ2m4wxx1IgnbjK1SXOkghjBEF1jw35BY9xr0ymYF7KjAwFzWggui28+6twlB5z5g6BmvEAyIET5lG97GwO/uBl8Pi14myrd2qwN8ILsogFx345Qnuivs/sl7ahcIa24vMmb2Hmol39r1SfiiRt/RcVstT0eq4ggcygpUyQ4ZW6TmgT5EKxlIcyZ1+g5K/8AhQddOBiPRBgValRjiD0MbKmn2gTNzYx6L0jMGwGxieG6rr4NhkkRtaOuyvaJjGwmMJOU34dPJadRwawGDcjXafLy90JwLAA4EiNNPsmGUpb8Q0mSJm+/qlsWMjEYx0y028vuhpdoGZgWgki3knqnZgnVoJBtlMdZKKl2d8UZNLkBXYnsNHHCpvF4/LK4U6maCPDsZBnolqPZJF2lgveJGidwuCqTZwI8zHy8lm4sK13jNleBB0P0VrKEDKJjh9k5Vog+F+U+sfJCxhBiBl8yPTimrinI8jKHNB/zAj6IqnZD3QXPaPKT7WV9RogSdb/my4XEcfp0TsYrp9kNaQQ+TPKPmpisGADkLiRfl5wU0MREDL+bQVTWxUPDBoQTa53i6baZCZD3AHLOn2KrxGdocHADlPJOuxQBjSLm3PdKdq1Q5jXAkFxFo2EyfYKyoTpVDsh4ocG2S+48N4O4PPZOYfDtjNUJA2DYkla1HAP+mOYn0sknOv8A8puvWaQctoEAG/qUiHFQP4bEsjxO0kxpMc9ynG41/wAFNgECMw1015SsWTO0L0P6dxbcrqZa3MPFpdzefGDPlIWauho4Quh5YXEWA29Tbqgx9SsbZgNoD2j1vcrWxFdxtFja6TrYembkNsL3P0Kmq8/iqLpk78wfkgY0iIMRpyWpUGHJgOI9fqrx2E4/uA84+hWtRnte5/idBI0tp5AKqq2Ta/1XpsL2K1giXOnUiAPmmKeGFKSxhc4/uJBPkOAWdVjdn/p8mHVrD+Xc/wCrgPda1egItYDQCyOm6oTdp85b9kWIdGqzbSMXE9n5uPrb0Sp7NiwPsPot2J2KB1MKymManhC24Yxx5h5jyExK5XpVXiCCf/LToVquokLrRxV0x5s4J4Pwnpf5KPwjwJLTzXo8v/P3XXt3TsY8k5nBRelq4dp1aD+cVFrtExVTDx+2I4ut1g2VGeqLd2DP/cGqx6GKzESTlF7NJF+N1R2yRqxrsrRJM314bK9WdemYCQJa5p0uf6Kx+Hn4jHLb1heLwb3hpFTNJMgO8pafdaOF7RcS3MXF3OTc63UvFZW7WLQQCTERCJ9RgsHC43n8CrpNFQEVaZjScpB6FI1+yPF4XvAO5bmjzI0HRRWiCw6ubJtYlWUmMObxa76Qs+p2BVP940nbUX+yKh2Dif5mD/d9gmT9NaNM0zYPFpOvqVmdq9qOY4hjoaNxvYb9fZXs/T9Rpl1Rtr2mR1hZFZ5cZmUkhqxnar80zPIix9luYTH0arZdDIJEOIB5RxC89J5eyoxIIjz2TNNxuY/tGi05WukgCYuBylKs7aAiBYjQ6ceiJvYDy0mfFGke0ykO7HDaPkkw9tNvbVMi4jjeR8lG9pNzhgB8RgX49Vld2NI9+aFzsrmuGocCPn9Fchr0jsOQCNBvOizO0yczQQLARHDQfJbTw1wu0cRImOqwO0DNR3iFiBpwF1IVXh4bVbwdLTPGJb7gLXbgaj4DWEAbmepkrIYGyJvGnnxC0f7Sqf4rupKtIr7Vw3dlrAdBJsN+f5qs0tO0eiurV8xJJm+p34KmoTBtskSr8H2e+qCWwGgxmJgTwEAkoKlF1NwLXh2W8ibEcyAt79PuDqLCG3ALZk7axwnXqru2ixtEtIHiEDUmbFTfa4qwvbTHMlzS07iRHQrBxWJLiSSYk25KqiOR34c12BpfqFckTVfGQCr6WPc2Mri3yJEdEDWDzQO8p6aFUeswGPfUGYPMixaTaeQ4FOMxLtyeYFyPMbLy3Yr8tYA6PBa4TrYke4C9Gcm5HvPyWLFX/wAaRaZPD+qTxuMdIiRJiSNokkTylWCAbXH+r6K0xptw2UCNbtNzSGtpEzABMNzHjF/dT+PqHWkQBcnMOuyc/haY/Yw7zlFj0RUIbo0Ry+xCuwymcO4EC2t1TiKwktIjgVVjK4gRaOSOjVBBzEeZ19FBzD1IPijkduvBHXp2lKYqBcC2l7dQFjt7bLHR8TfNXrv0dmywg8j/AFjRRZ4xtJ0Pzw6I5xwPFdTrTtCtXCPggObeBdohZ47NeDJAMcCfSIWq7FDn+cUDsQeXuFvWGQ/BPAvl89/WEdLDj98azYA+p1K1A5zjYDXQ78OSNuAqb6chJ+iujQpYlwaHB5ceESAOYOhVlHtJ518J5aeyWw1AD9j/ADJj2Asnu8aBoOcbfdYqjp4tx1M+p+qL+LtdKtxhOgAHMFF/GbEBTFHXxPhJBsAfkvFmoQNvReuY2k7WlTM/5QPcLv8AZWEOtKDyc77qzC68eX8Qqa5JFgZXtT+nsP8Atb7mfmqf/T9Mfsd6lXYhf+PsfEJvbNB9F57OOa18XhcM0lrqhaZuNfWyTr0GDR7svHK2B7yUkXSk8kNV1tPZWOqtbzvaRA9FytiZBkCNrfkKo9RgsSXMb8Q8I4XsF5zFOBe4zq4m6tw/bjw1rAYgAC97J0YbBu/vDPHxfZTMXWXb0R5vJX1qOGaSAajhxEQfcIYw3/e6ZfuqKAQhcQQfJMFmGP8Aj+rPquU6GGJgOr//AF/JBsfpaoRQHwxmdrM7cEH6kqEhkgfuIgz/ACqdh4Om5pbTfUhpMucABfUSLJ+p2Q1xHePLg2YBgDbgAToFm/ZryjA3r0VrZOi9fSotbZrGtHJo+avD43TsPEd2+/hI6H7IS0jivZ1TOtwdjp6I6cAfh6AJ2HjsIPGHfy3+w6p51d5mCZm1l6YVJ0nr9lY2oeJU7LjABOUODXOP8rWuJB4G1ku7F1x/7Wr/ALXfZeoBO8jmVC9NRk4Gk+o0OLHM1s4EEQrzgn8R7/ZaBq2/LruboeahrObg3fzfNFTo3gOmP8pj/dx8k5UqBwhwnkbjlPFC1wjQ+qGqX4YOEG4PJZ/9hUdmxxkH6rUInWfKfmN0bqZjUweLiL7AX9lZox63YlEkS6+3hvHl1UWs2hBkkg8jPH4p8/yF1Xanp5KiCbxPRQ0/+FS3FuOvz+64yq6bH82Whe53mjw+Oc0iJjSDoqHVBNwVzXRQa9LGtdqSOSsgayTyWMymRomsPUe37G4TA+53BE1qGni3b5QeIAg+t1w1ah/vB5CVFMtpu4HrZc7m93D1n5LOxNc0xJl3kJQdm9oB8uAdM5fER56C2+qYmtxhY0SST7eqrHaD3GKbIH8zpHpuk+8zIu+Gm3mgZqvmcxJt0HDwg3WDW7HpCXHSZPxEi5gQHRIkBaFTFgNO1uPrEXSNWo0GPFfe9tNHRZWClmEovN2OEb+LTWwJPvCsqdk0eBvpqYjXe6N1XINZkmGyC4856jkqGBziKjoEAhoiQJvLtb6XJvCexbR7MpERMTpIEnXcknfbgtCh2dQY2AyZ3cZiOEQl8EzLLnQTqLAHkJ1RY2tba9ve08U2ijuaQJy0xzLiQBGwPHkELsNSy/ABuYc6wF73UbhzoIjybpIkuzQNNlczD5oBtP7W6RtMaBRQ0eyqThmGYSLQ92h56rQw/ZLIhwkcNPUi59VfSZEDdXg+Q801HGBrBDWho2a0R7BCHzeI8xB/ojDWA3N7wrO8A0CgBrrICTztwvbmmDWQmrwlDVDGGdCrMp2B+QHVEKx/NUPe9fYeRTF1A02JgDcb+yMVY+5n8CrL511+Vvmul3HrP1TE0feA7H8+SE7+L8mbhVOrAkAG8SIm/Xhuu98T/TpKC5rRHH84Ktx579OCC+oBjjx4IqbDyHGT1te9uHBAbTJyiZ2GpIn5Ii2DBnpc+qFro0NhuI4fm6lMTLiRYaTr5W1VwWVaviGUAQfPb+qGpiQCA4iYJgE2i++iDOJEgGN9d0jimFz4NovaJGh121FuaIbrYuqR/wBJ7QNzqegi6ioquAjxTOxmZ9IXVR5h1IoQ0jn6JgyiD1oLsY7h1VzaZ4BXNhdzDcKCUqXOYRwBt66fNAyG6AAboKtYRBAPumKvNTKb78Ige6N9eBZvz+mqQdiTsB6j6lZ2PxbxqPdXqmre1caXeGT9Puk8Hju7JEGCNJj3S2ablVPN1rEewZjAWAg6hVnEOjrcj2HyvZY2Brw2AdNZneRx009U0MQZERNp5ROus6/dZxTWIrOJytsTy0AHiOYT7810NdEAkiwmHSTvFoHBVUnBwB4zc31G+x2V/eiPikiOHOwERzjYKK61sQ4N3vmaJGhE31XaYgiJA34c4Hrtuha9zyQAdYsBHIuiI5aaJmngXugPdlHAHMfU+Q9FB17yZGwNtQPe89FwUXOPhadT4jOXlAOvny3WhTpAGeP8xLj6k2UGIbx67W5qCingXH43AjcajrNhtsU9SY1ugGv0SzsSRtpM/wBD94Xf4qddT+WH3QMmodrfnshk7na52HPX8lUNc7fTbWeto3Poutt8Q3naeiC5x8RvYC8C0667nyRyecX++6obUG0x7+9yqjF5cY4Hnta+/HZAz3lxrBG2nOSjZUHKfybpctvNiCNtD9Ttuhe4AQ0eGYGnxRvwARDBjnr+W6qPqWiQANf6pdma0NImS67b2PM7q6mI3PHimDlZwaMztBfio3KfbXnPWbFCKAOv/wArk840twC7UqeGCSTNrR0smK7Tc6SCAI0E3JJ4cNFGGPiO+gGg5W/LoalYtnKMzjsLEzvmjQDdcq1i3KXAX4SYjQcT5+yYLnVyDA4dOAsZ6oXyG5nm3OAEVHFggSQANBP9Ej26KlUNDHAt3G08yOiqHg6OAm/KOSgfJk/nksGhTr035DLmERYiJN/DPP5LVpHQHXomBitWO23L7dUvUq3vr59OtoQ1niYzfLRLuknyI4fXQXVB1qhNwZMAGeWl9vIKKjENy3JdreSNdyCogT29PkrdlFFaFq5/6Tjv/wApidPziuKIJXNki4lcUViKQPF0+qz8X8R/N1FFoVITqooiCa4gOgx4T8wtnDOPhv8AtH/6UUU5LFlF57yJPwzrzTdBozC37vo1RRYaboG2y5WNm9VFFEUAzr+WCsb91xRANQX6fVA8X/8AIfVRRRTO56/IIDqPJRRVHK3xDyUm3QqKILKx224dVc8eL85riiBalo383Klc2/OBUUQHU16D5IML8TuiiiCxnxdPqfsEnWce8jbuwY55jdRRCCn4fL6rmNsGRuB8lFFRjh57wiTq7dalA+I8j9lFEouqaLsXCiiI72T8Z8j81FFFqJX/2Q==', 
    4.5
);
INSERT INTO Places 
(Name, Government_name, VisitingHours, Location, Description, Photo, GoogleRate)
VALUES 
(
    'Qasr El-Miqyass (Qasr El-Ghueita)', 
    'New Valley', 
    '08:00 AM - 04:00 PM', 
    'https://www.google.com/maps/place/Temple+of+Qasr+el-Ghueita/@25.5429941,29.0130548,17z', 
    'Qasr El-Ghueita is one of the best-preserved temples in the Kharga Oasis, located in Egypt’s Western Desert. It dates back to the Persian period (around the 6th century BCE) and was dedicated to Amun, Mut, and Khonsu. The temple is built on a small hill offering a great view of the desert and palm groves surrounding it.', 
    'data:image/jpeg;base64,/9j/4AAQSkZJRgABAQAAAQABAAD/2wCEAAkGBwgHBgkIBwgKCgkLDRYPDQwMDRsUFRAWIB0iIiAdHx8kKDQsJCYxJx8fLT0tMTU3Ojo6Iys/RD84QzQ5OjcBCgoKDQwNGg8PGjclHyU3Nzc3Nzc3Nzc3Nzc3Nzc3Nzc3Nzc3Nzc3Nzc3Nzc3Nzc3Nzc3Nzc3Nzc3Nzc3Nzc3N//AABEIAMAAzAMBIgACEQEDEQH/xAAbAAAABwEAAAAAAAAAAAAAAAAAAQIDBAUGB//EAEUQAAIBAgUBBQQHBQYDCQAAAAECAwARBAUSITFBBhMiUWEycYGRBxQVQqGxwSNSctHhM2JjkpPwNDXxJERTc4KDorLC/8QAGQEAAwEBAQAAAAAAAAAAAAAAAAECAwUE/8QAJBEAAgICAQUAAwEBAAAAAAAAAAECEQMSIQQUMUFREyJhgTL/2gAMAwEAAhEDEQA/AOgfdFC1H90UOK7Ho5rfIVFUHO8zXKoI5Cmtnayi9ULdr5gikYaPrfUfyrGfUQg6kbQwTmriayhWVTtYTGzNDGpAvpBJv+FVc3aHNJG8GKEYIv4Qot6VlLrMaNI9JkZvqKsAmb5rIARmHJtvp/lSkz3OF0x/XEOq+5RSNvhU9/D4yuxn9RvaFc8nz7OVRAMY2zchQOaTHnWbvb/tzg0u/h8YdjP6jotCufx5tm7TOv11hbe5peIzXOFXWMeTb3Ud/D4w7Gf1G9pQrncPaDN3YqMYSeLaB/KpUOcZ3Im+IsN99K72+FHfw+MOxn9Ru6FYc5vmiAasaOL2KqbfhVn2YzmXF4yWHFYpXbSNAay736bCnHrYSkkiZdHOMW2acUYFHp/6UdrV67PMJtRgUd6STQAGFIIo70L0wEEULUdCmISRQ00qiNMBVDe+3NKJCi7HbzOwquznOMLlUatKC7sLoi9ayc1FWylBylSMz20zWGWUZekLmSF9RkttxwPnWWLyEeybeoqRiJu+nkkN7yOz79Lm9qYnl7qPWBfeuRlls9mdfHBRjSEjvifZNvd/WjAf7ysB7v60hMSXGwtQaZ7VhujbUcIA5DH4f1orsOFYD4fzqsxOYYhXtCmtugC3q3wmDx8uFEkiKCouwuNqpOyXwMlnOy3ufOnmmlNgL2AsLAUiKOR76dzwaYzCSfCYctEmpgRfrVNUSpWSu8lI+98hRaT7Xiv7v61BwuMlk2kUjrxVgh1Cs3NLya6sb2Q+w4J6inFcjgP8aVakyPoFyKN4j1YRBJ1FWIFNd3M7ko3h/vX29RaoeIzcQfd1ehqwyotjhAYl1SSDZAetNNPkmq4On5BLJNk+FeaRpJNJDM3J3NWBqmyk4nA5cmHxMUfeR3H9sovck+frVhhsT3wKyRNHIORyPga6+LNBpK+TkZcMk264JBpNHYjY0Rr0nnCNChRGmIKhR2oUwCoUdCkMw+cZ0uKmN2VHKi6hyyHa9UM07zW7xyxtsCb2Hl6UzsOeaPauG22+TtJJLgOkTW0G/FKFiRfzpMoXpa+9S/6Ujddn+y+XvlOGlxeG1TSJqJDVZDsvk4/7oP8AMaf7NtryLAt5xCrKw6104Yseq4OXPNk2dM5X2iw7ZXmU8KwiIXvEV4Kniq6OaR1Rn5/M1v8At9gxNkv1gAF8O4N7b6Tt+orARkAuG45X3Vzeox6To6XT5N42GrspV/373HluaS85s1kW9979KPw6I9uv60TMoMlvSsaNrLLIxh2zPDLPEsiyMFZJON66B9h5ZvfBp+NUXYvJMM+FGY4iLXIZCI9R2sP63+Va/T5V0+mxLX90c3qcz2/Rlb9hZZ0wiD4mmcRkuUxQvJNhl0KpJsTxVxakvGsiMri6EWIPWvRLFBrwjzrNO/LOSZk2Ead3GESOP7iWv+NRMPLIr2hTQq77bWrUdtcjXB9xNglZY5CVYMb2NZs2KgDa/Nuprk5IuMqZ1sclKOyLCHEiUa5mJPzvUmLNJ8Awnwsj6QfGpPT3VVRHTG9iTpF6XDGbEs2oafZ91ZLzdmt36OgZV2ihx84geMpIxIVr7Xq63PPyqo7LZfFBlGHmMSd841MbXtvsKurX3rs4HLT9ji59dmoCLULU4FoFa9FmNDdqIilkURFOwEWoUu1ERRYjkDLc6ulGbXF6STQBrhncYrw9NqbkvqG23nTl9uBRSG/yoBHVOz66cjwQ/wAIVYVFyZNOU4Qf4S/lUy1daD/VHGn/ANMiZjhfruAxGG/8SMgX87bVx0rLFM0LxsjLdGVuQa7cFvtXJu0Hjz/HuSf+Ifj5V5esimkz19HJptFYrvZNhuL/AI/1pUCvPiIo449UkjCwAvc0ZQKo8R8NWHZVli7S5eSbjvQvz2rxxhckj2yk1Fs6jl2DXA4GDDKP7KMIfUjk/O9SNNGDelcV1lwqOO+XYjTQC0uhanYqKXtPlf2llbhXZXiBdADybda5OJdJPOzX3FdytuNuTbeuMZtGpzPGhSoBlbgeprw9VBWpHv6SbpxGA+lZh/vr/KrPKMI+NzKHCpe7SgMQOAOagNDrDHVzf9f51ouw47vtDFvfvFk/EE/pXlhC5pM9cptQbR0GNEjiSOJNCqNhSqXp4pQS9dhUkcZptjJv0oAHrT/d0NFqNgpjBW9Fpp8ik2p2KhrTREU8RRWp2I4xpuKIqOlFq0i4vRiw681xTthjijAubedAUtbdOlDGjd9lc+jmiaDFzxxiFQFZyFHuq+OZ5cOcfh/9Va46sxseLg0XeFtjb5V6I9S4qjzT6WM3Z2P7Vy7pj8P/AKgrlmakSZvjnR1ZDO5BHXxGoAPpQ12qMmf8iorFgWO2B9f7pI9BR4R54MVFNGGV43DK1uCKCPIRs1K1SedYbP4b6WuTSRZ/j3iJfMZlYE7Wpp+0eZi4TFztbqDVFG0lrE+4edFMZldvCRfpY0/yS+sNIL0Xa9pM3Iv9ek9xNEe1GcX/AOMc2rOnvDvob/KacwoeSTS+yAXNNyl9YlGL9I0kHajNdzJjH0+gvWZnad53cqxLMSSFO+9KMzOxC7FdiKLv5uLmp/K35tj/ABr0hcbSDYq3yrQ9kJFjz7CvKyooLXLGwHhNUETvfxGn4WOk38jvTjOnYOFqrOvjGYU8YmD/AFBSji8MvOIhH/uCuPBrgeJjbilBmPLt8TXr7rjweXs/6dijxEM39lLG9udDA0rmuWZHjGwma4aXTcawreLax2rqduLcVvhyqaPPnxvG0C1FajtRWrUwoFqFqFqAFMRxEEW5obedNFr8C1KU34rjs7IrUeKdg5f3UzxT2GdVka7KPD1NJjXkgry3vNOJ7VNKp1Nsb38qWqtfYGlYySthuabci+3NBQetNs5J3Qj1IpoTHIrkEKLm/nanGR77r/8AI01A2nc39rpUnXcmyt8qBiEVwRbY+pp4tPbpekJ4m3Vh8bUpkTVs0l/46l19KQRM5UXtSVRi1xsaUUW3tP8A5/6U1oCt7T7+t/0pUvo7GWTQ5vux3NjQtfkfjTjIbknikA+YNUiWGjeLi1ScO3hb3Go1/ENiKdiewtfmmINWp1TtTKqw+6flT8ak7EH5UDHYG0SI/kwNdhgOuGNupQH8K45e3HFdfylu9yzDODe8YvY7DbrXq6Z02eTq42kP2oWtz1qszHtBl+AIV3eZgd1hHHxvUOPtjlZkKvHikXzZFI/A16HlivZ5fwzfhF/aitVXl3aPKsyn+rwzOJtBciZCNgbc8dRVxsdyw38jtVKafslwa4o4GQSCLH12pQhsuysQfSrOfA4fDvFFi8VKjOCXH1fdbc8tenDl+TpgvrJzWbuwD+z+r+In3aq5eyOrRUKlmHhI99IZ9M58tPSriKHJp76c1khNvCZ8LYH4hjSJOzWLeVpcLicHiogu/dTj8jbei0woq933V/xFODZd2+JtSDh9EhiKtqU20svH4UCigW8IPutTELVlvs6n3GkyG6i3nSUsQRrB9LU0TtbYbD9aQD8PH/qqWORUDC3A3/eqYDzTQxxetvOgVb90/KkqCV2oafVr+6ofktAIPkaLUPfSWS/3iKKJRpbnmkMDHY702DtTrLtTZS/WqRLEObFfjRI5AFhyaSb6xc+f5UekkLboT+VMkkJJfjf3in0l0qwMatcbXBqDEot4rHi1PBFFvAvyoAcWVGvrgHO1tX6GnExyQvEFw8IJPJjOr53piQA20qq/CosvhkjNx7XlanYNF0+MMmoPGgF9tyTUaTM8Xh5UXDiRFYENIkQNh62FBSBz1pTEHjg0iiQmLjlaR8UkckrjSS+GBNtvSoU8sDsNcQYKLLqwt9v8hpxR4dRohIp6g07aFSL3F4XJs2w0mJxGFbCYlSLPhWsZBt903v7ifjWLziL6rI8KYgypsUkK2LfKtBg8PgMPCkOZZrLDjtALqIvCm3F777GpUvZ/IMwA+rZ4jS6CDqFxfpt0rFqyvBjYZS4AVkC23FuKscGseHs+ExD6fZdZVtz7jvTsvZrE4SZmOJE2EQ3eTDbm3XY8Uxj4MLDMhy6SZ4yN+9K/pQkLySJEkde9gmDyIdLBeVHTnkVG77RMUZkJB3Yrtek5c+IiTENDIVi1aZG62+FSExGXlNJxM12JveEE28+a1UkS4jSmMSeKdATvccUhyl93Vjta3Ub08JctjIInkbw3JaBbg9OtOxvl2IQK+OmhCkFv2APn+7fzo2QtWRYHGgEix173+NSlYFrX9aEX2bExvip3QtfUsQ3+Zv1qzxOTzIO8wzx4iJ7MpDLqt02/TpRaHXBBS/dm1uetHpk9PgKVjcNi8NlmJnkheEKCQ5XjasAM6zO2+Nlv7l/lQo7DctTeEMPaoRi6tbzqJlEjz5Zh5Zm1OyAljyanQ8N76hmi5G5NlNqj6jawqc6eFvdUBtIAPp0qkRMbuS+/r+RoOSFW3mfyNAu10tbc/pS5QbIT1J/WmSCJPALMOB+VLBsdzSIiFj6cD8qlhIhGrtdw3kaAGtQ86hYlvGn8dWYSw1otx+7bpUDGC7gkWs3lQBMJO3uoxc8UabqDa4pY42FIob0sTyfdR923l8qW4KKCQQTxcWvSkmUL4jvQx0UMl3UmQlm8ydzS8IZu9WOEBDf2ifxpiQ3sKXGzJusmn1rIbLWWYjFCCGcGN9g5Jtf/AK1TPHiI4pFkk0yoxXiw2qUAw0vq1aTsag42TvcSyyONQ3JNUSO4SYx4VkVm1SAagOvvolU95qJfYc7U2rgXfiPSADwDS9agb23oZQ4C227AehFNwlkd1LSFeRuNqEbA3BAHle9ELxhiBqI5tSEPRM48LMW8XDEeX9DRkqCzBbkf3+KYQ+E6CDcm4K8UpA+nVDpZTvq07k0APjELJhJiHc/s22J24rEoLge6toz/APZZiQQTGxIK2ttWMjVSoJbe3FbYzLIb/Iv+T4P/AMsVZYawYqxsb8VUZFNH9kYZARqEdqn96VB07sazl5NovgnzAd21jfY1Saidqs1kexXUCD1pjJpxhcaJEJ70Gy+FW55O+1OIplf3gWRQeL1N+z8e7CIQPyvlsDexrQscJiXLldMgN2xTxIHB4so45qsjSM5lDCc1R8LKTqlaCzJbgW9R+VPYmiFFgJ0kEcjRrtfW7gL86krhcOkMj4jFIAB+zCb629fIetSc1yufCuhwWKhnwzAszOiqBv09DWdzPNMRiyjYh0kZfCqhbWHwqXIaRYpi50vLPOsyA2SBJLgDre3IpvNc+kxPdphcPHgcNezoPHf1NxeqSQNISvhjW177804rylrFkIH9yi2OibNmbRlY4ZUNxuEGn86k4HFRShziZoY2W9kYHfbzH5VSgFQxAJZuhTb30mRWcrqY2HPgFFiLls/xsptPFh8QpXwCRyQnu39eKk4KKfGwd9D9SjBNivdtsfnVA7arqEGkceAeVW2RnN8JlsUWFwbvFuwZk5uSTTBFUTdvMUFUFxv13vSVLEUpIu8cvcACsymTFJBJDXC8Gq2Z2XFTa1LAkEbcmrFRZdF7nzPWoGImBOld2DdeK0RKHYo2xEWkoOC1ibDaiUkqr6Sb/wB6nsnZosYGlYGw1AG1iL7i1aHOcEM5w/2jkmWLFBGP2jqLa7ckDralIZmiGRgX1bm19V6Cu6sVT2z5Ha1ILaWBDJoO+6nagZNydUYP8BqRjkEhOyt947BunWlBUsqxySKguLa7VBgWTDxEoVmLG48J2qw+zswkTQ6wRA735NOhFz2JwcGaZ1BgpvDcn9oQGNhv1rpzdjcs1byxggdcMlcoy3JpZMZGJcaYS5C94gtpv7t62y/RnmQP/PmsfMuf1rSPgiZc4nsDk+IVRJjmSx2EQRKw3azK8HkmbnB4aZpUEasGZgTvWib6M8Tou+fsPcGH/wCqbf6Lnk3TOVc23JjJP/2ptJiToxceIXvEUMLFgKil9OIKjq1r+VbtvovMEffvmoYx+PSsRubb+dYBCrY2RSLAMb1GpW1ikJbGEhlHiB44qQc4xqB2WWOzbWKC1tqr8Q3dSBQwUXG9ulqTiAxVy7kKDxpFZl0OTztiGYMQkjfumw24pkL4/ALsDuS+9qWH3Ug3Q9dIoahqudPNhdadhQksCu19juC9F4fFfrx4uKN0H3GuT0tQsAAArhuuwosBP3VUuhI5NzvSbJr1XA423pWqza2BI9BQKyM4SFHMjkaVG5PuoAODDvPIkcJVnlbSp3sL9T6DmtQ+PynLNODnlxQliUK3dzkKT57efNRsFkcuXYdMbjYpoje4S3sL5n33tb31ms0kXGYx5UKqvA9R0NVEYqJgbAm1Pqt2ZUfdhyKhxkleRT8Ju4BeQD0NQU0SlURo2+ke+q+d74nurAB12arBwhQhDew3JJqtxADzwSAEKBY3q4mfgkRIExEWlix4Bv0q5jxk8CJ3busd9VgbLVPgVgGYKGB7q4W4bz61Z4nDyYbGwRYhWRCw3J5W/NqU0CK7ESOyt3aFSWB52+FJYyFAzsTvcEHe9Sc0yyTL8XLG+pVbxRmSMgsvQ1H2FlRlZh0sdqSGGrsli2sJwoUjk1I+uTRRr3plG9gSBvUNkMdtTq9vIetOLsAWGq7E88UAXOR5tBBmWHxGOSabDRuGdRbe1dVyvtrlGdYjuPFhWKkq8xGnauS9n8HDj8bBhJQQkp3CizAH1NbRPo5wMh0R43HKQNzqQD43WtINETTNxFneTAlZMxgBH3iVW9AdpMjNtOZYXTe3tAVjo/oyw77yY6fSvILJb8qUfo0yxRdsbiHBO471LfgKp6kUXHabtrlWXYZlhlXGGRWUiGQArcbH3Vw/6y6415mT9mSS5W50i/J8ua68n0e5IlmeCWS3UysR+BqTL2UyWHLsRBhsvgUOPEukMZLbgb87/nUuSSpFJM5Jje6YxSqFOpQGYt7R8/lam59KJ4wrWAvZuL1PzHKJoM8+ycJExkeS8MLsBoB3IJ4t+l6YzJZIsViQy6ZEkYEC2kG5uPgRWbNKIoIIFgBboDREoSvUg7C9JknjdgSDbVt4gKewaHFSNEsioeS7ubAfAXPupARyrd6bkG5532oM62trW6ne29auPDdncHCFxMn1mVTeRiXW7dQBttUuLPcvGHWHBzYWOLkpJEQosfKxv76quBoyUeBxpRWTBTXf2R3Di/xtV5l+SPl+ITGZpIxKbiLDbsNupsats27VYzD4PVl+a4WYG5aMgkj+HbishJm+Y4uUySYuTfyOkUlRVEzNc5jlxbPFJiZE3KqZbAC3FutUjQgm5kB2G4p2OPQQ3hZj5+VARqxJK23PsrtQ2BFBYexz7qWjSFgCzgX8tqYVW6ttTsUYZwpJ39aYXwTlbu/2qjwKtiAOd6hyOuLJI9hRc1JjlhgLLIbX6AVGjwwgkkd2IDHjpvVRMxzCyI1vCdC9OpqXjsxxWL+r4nEX0kaI307C3S9Vqq6uoHtEAj0qdhZ5MNF3d1MZa9nNgGH57UUNsdx2OkdY1nllkaMWBvtpO9hf/e9VyyOLu2oMfStRB2ebHqJpJmVZWus4gZhaw6X9auU+jXEzIHhzfDSRMupXELbjy5/WklH2TbMD9ZItZmLX9m3I99F3tm8BYi51b/761uMT9GWbKQ0WJwk21ramU2+It+NRZPo5zwKbQYdjbbTOP6U9YitlZ2VzCOPOsCzpciQA+Lz612iLEOG8XPD7Hke+uX4L6Pc6GIjvDFFpIJkaZTb8/wAq6lFh9ESRsxkVVs2o8nz4tRSQXZNjmMgDBjGAdwQN6AKCRnUAm/lTIjUNpCLxtY05a43AAHlSsKHe/GkhI0UnmwpnSh30D1BpMkiRozSMqKouWY2qtnz/ACyB2D4oHSbNoUsB8eKTGk/QM7ynCZlFpMSiUn+1CDUBYjn41x7POzebxZq8YynF3IYBkiaQML7G4H+71089tcqadosOs8zKbbLYe+9OxdssoJIxDzQn/EU2PyoK1kcsi7JZ/iW/Z5XiN7bOgW3+a1XOGwmE7P4RjjcueXGR31MtyEbkDULiukPnODlwwMU0eqXZUD3J3t03pmGZBGAkOm9wikBePebVWxOr9nLMyxeSY7VNIsUMsq6XsCSh/eB8+lQI1yWLEBBK27mza2sNuP611lp8PNihg58K5Dj+0bDkqP4ja3yNWSJEqjujD3anSO79n5DijYNTjTx5XPCW70ApGQHYtctc89L8U5DgcsncnDuZUCqbs7AD2t7geg523rsuKwsrxGN4O9VhpZSRuD53Ncx7UdiMVhC2LyrAyywX8eGjHeMn8Nt2Hp0oHx9KDFfZkUTtAxlcR+Fe8Km9wL+/nb0oA4ZsNhShw6t3K94GMQOvrfVC351UYgyxymPFYeSCRBukqFWB9Q24pkYgD20BP8Io/wADj6f/2Q==', 
    4.4
);


INSERT INTO Places (Name, Government_name, VisitingHours, Location, Description, Photo, GoogleRate) 
VALUES ('Al-Rifa''i Mosque', 'Cairo', '9 AM - 4 PM', 'https://www.google.com/maps/place/Al-Rifa''i+Mosque', 'A historic mosque in Cairo located opposite the Cairo Citadel, known for its beautiful architecture and royal mausoleums.', 'data:image/jpeg;base64,/9j/4AAQSkZJRgABAQAAAQABAAD/2wCEAAkGBxISEhUSExMWFRUWFxcYGBgYFRgXFRYWGBoYFhcZFxgYHiggGBolHRkZITEhJSkrLi4uGCAzODMsNygtLisBCgoKDg0OGxAQGi0mHyUvLS0tLS0tLS8tLS0tLy0tLS0tLS0tLS0tLS0tLS0tLS0tLS0tLS0tLS0tLS0tLS0tLf/AABEIAKgBLAMBIgACEQEDEQH/xAAbAAAABwEAAAAAAAAAAAAAAAAAAQIDBAUGB//EAEYQAAIBAgQDBgIGBgkDBAMAAAECEQADBBIhMQVBUQYTImFxgTKRI0KhscHwBxRScrLRM0NTYnOCkqLhJLPxFWPC0jRkg//EABkBAAMBAQEAAAAAAAAAAAAAAAACAwEEBf/EACsRAAICAgIBAwMDBQEAAAAAAAABAhEDIRIxQQQTIjJRcWHR8BSBkcHhM//aAAwDAQACEQMRAD8A6EKWKQKUK5rOkcBoxHPb8KQDWc/SHfu28E1y05QpctMSJkqXCRI28TKf8tD60Bc8CtlcPbB3y6+pJJ+s2vuasAayfYLGX7tt2ukEDKF3mdS249PnWrFJjk5RuXY0kk6QuaMGkUc04oqjFJmjoAUKVNImgDRYCxSgabBpU1lgLmjmkA0c0WAqaE0maE1tgLmhNJmhWAKmhNJmhQAqaKaKaKgBU0JpM0JoAVNJmiJoprAFTRTSZopoAUTRTSZopoNFTRE0U0kmgBRakk0maImiwDJpM0U0U0WAyKWKbBpYrQFzXPf0jcXv27yWYU2HRXysoKs6M05pVpg5GjbRfU9AJrBfpIS1ebC+JSoY5irD4Gu4dTqNhGYz/dNY68gJ7I9oL73LdgRBYyMhUBQGY692BoB1HLXWuiCufdh7VxcWxZmyd1cMsRlzM1jnt+3A5axW/RgdQQRyIMip4kkqRTJtjk0c0iaOqExU0JpNCaAFzRg0iaE0AOA0qabBo5oAXNHNIBowaAFTRzSJo5oMFzUJMQxxDW58K2kaI5uzrv5d2f8AUNo1kk1lOD8eFziOItG2Vdfo51MraLMp2gA52aZ+sB0rHKjVGzXTQmkTQmtMIXDrs3sSJJy3LawSCF+htvoOUlz8h0qwmsP2E7QXcRev27toI4JNyABldTkhucwAo8k8q2s0qlfg1xoXNETSZoTTAKmimkk0RNYAomimkTRE1lmipoTSCaKaLAVNFNJmimiwFE0kmiJpJNBtBk0maBpNYAmlA03QuvlUnnGnrypxRV+2GVlOzKVPuCPxrgGVrfgdYZCUcADRkIUj5rXd8PiidCOUzy8xXJO1Sg4/Ff4o0Hmifzob0zUtji4496R3bErLxknMACZjKdNvzt1vg1g27FtSIIUEjoT4iNhsTFZXguHU3tp8OnPQukgeR2rbGuD0eSORuSVVo6fUJxpNh0KTRzXccwc0JpM0RNADWMvlQIG/4U3YxLNyOm+/lHKkYg+L2FL4f8Tc9OvpWMETg1HNIO9HNADk0c02DRzWgLmhNImiDiSOYifeY+40GBYq8VRmAzFVZgP2iASB7xHvXPOy3atLuIa6VtK9/KJGfMRottZ15BRoNSK6LmiuZdluGJbxNoj+0eZAgDNiiOWkCzY1/wDtSTVrsaLp9HT5qt7RcSbDYa7fVQ5tgGCYEZgCT5AEn2qwmoXGbYbD3lOxtXAfQo004piuxfabNdynus15wWyq4ZnaSTq56n0rooNc97IcESzesOsyUYmQJJFm2x5SPFeuH5DYCt8DU4Rq9jyd0OTRE0ktRE04gomkzRTRTQaKmkzRE0U1hoc0JpM0U0GhzQmkzRTQAomkzQpM0AGTSZoE0VAEVcX4c0cqb70sp+dEifRxy0B0E/ONqbVgNPEPXnTpi0RuNrcOEvi0SLndOUKmHkQQFI1zGI965C3FM7Z2JYsQWJ1LGVM7a/DHpXaUbXQxvy3O4HlJFcbx6AX70AAC/dgRyFxvlRryZey/wnaS2HEXGGon93MCeWmwro3Z3GZ7CtLMGBYFiSSswDJ5cx61lOD8Jsm7JtodDHg9OnlW1swNgBAAEbADYD7K4fTKHN8E0dWblxXIlq+k0g3xUTvSR0/HyFAEncaDQnz6ac67TmH72LAEiTy060q3eJJESYGw61Vm6puLlYEabEfdU5HCsSeZj/b51jZqCxMhiCCDpSLV0gmOcU3ddgdvT08qTZugnXn5fZQBYQ+XQ+euvrvTdvFMelJC3bYuG6pVWbwEg/D3dscpy+LMYMc4phbo5EmfUfeKxAWNu9NOhqrFYnnAoPIUwdDGh860CwuXgPes32Z4xiLuKxVm6qRacjMoI8JM2hrvKEGplzGraR7l0kIoljBaBIXQDXmNqouy3HLdy7fbI6d86kH4gWC5AAAJWEVZJ3J9qWbSqzYq+jVcewZv4a9ZU5S9tlUnYNHhJ8piuZdimxl1kyZckiSQsqpjMYjUxyro2O4lbspN11QGVBYwJIJA28j8qwv6NnFsLnOWBrI02iJGhMkaDWkzfT15GxrZ0/vBWZ/SJbZsC7Wz4rZW5E7qsq/+1mPtV85QhYJkjpM8wdYjSsh2046gs4nDrq/dsHM6KSPh8zG/T1kCtonTKHsZi8Rdu20FlWUsMzMJAVdSd94n3A611RzpXP8A9HuJypJaVjWIkTpMdBv7Gtv387VHDVy15KZLpEtNhRG4OVQ2vdOdGCTrr+fOrCEktQzVGN8KPF7aTRo5+eoGh3rAJBpOao3ezznlSDfUaE+1AErvB1oF9fWofeL1p4NFBo8xiiDUwr0C8UAOG5QQ6U2raHSgGoAdmimo7X4JEaAfkUpbs9flQAwgfT4hPWft0qZhbbagg/Mb6zuD5VmrfG7jZFJUGdSB7azM7n5D3lcQ4lc7oydGIGkhh9boDoR9tElIxNFxi7xUzsDA1y6jpy2muH8R1xF0/wD7V7/uPXZeF8VhF06DUZtpEyTpMdK4zcSLrhjJW6yz1KNkzTzJiZ5zWx1Zj7N1gLg72+QBItifUFhJ6nRdfTpW54iiwANJJ6gR7kjmOlYfsglxrri7aYHLDMYi5EiRG3I+9af9ZZUUNsh2JILwCJ9CdNt59a5MOptfg6Mu4pibGiZ2GkE5tY0OpHXlTPFOIZFGXRpUDUag84O32U0t8XLaodMobLGwJLAmDqeXt61XWgxYCTGaD0LAsADHkPsrsX6nP+CZaUZ8/hDE/EdhJnXUxrzFWC8TWQXIXMwhYLHaZ8I5AHXyqhHE7U6lv9I086QmKtteDlwFTOqyubMsGSVJEDxRrypafke0XN2/euPlCkL4Tm1EIRJMxr6b8orV8E4fbQZ5Lk7FjqPQRpWO7O4nOSTGhgctOWnI1ssHdMRNcE/UNy4+CssPxtF4yBgVYAgiCDqCKzXF+BFJuWtVEkruw5+HTUfM+tX+HuHnUjPXTjyJrZxbiznl3EwociRAMDbWOvqaT/6krEKAfF5CQfq6T1+7arDthgu7+AAJcMxtDbn2O9UOGwbI6NIaSp8JDbHaraZZOyb2hH/R4kOgK/q97bMdO7Y7r4dx9lZHsFwy2ctwg5lYkamJGWDA00Jq17ecZKYYKoXJdL2bmZdVzIZCnKAGILajoelUvZHiK2gjd8gDSMrMIU55z9ToNqllvjZWCXI0vbXBtdwlwfDct/TLzkW5zSY5qWHrB2rGdmsPjXy93kyZiczA6FYJ2OsaGttxzEC5hcUQVlcNdmJ/Zcgzl+yst2LxTBra5jqXkTuO8trt6Fh7U2RtwFilyN9hr4JWSPDG+sgekgHT0riVzGMSbjSS7MzQTqzHMZHPWa67imS34naFUks0TA1k7GN/ztXI7aEKCAIkD4hMSOUzvVYvQkls0XZ/jYDIgtOWMBo2cZvDmObUAtz2k10jDSyg6ZY+7aPKsz2SxI7q3byDVBrIGjXGJkk8gh9farzGY7ulAETA5yJMaBogiTvtXJjd5XSovNfBWTcaSqT+zGmuuoHtvUQ4hvA4B10gGNCDzHSqjG8ZKplIidAJDBmBXn8tulP4fGl8ojKqZTM7jYyYGmprq8EV2W2KMAnlz+cetNC5mUBdxOwgwY3pPEsSq+AvGYTGkTsJJiKi4V/EIgwJLSMsDeDuOe4jQwaxdA1sfu3jaBaJgA5cwEyQo1Og3peIuAk5CDABkba+fM0eC7vEwxMp05GDInykA+1SMXws2WV11TQSfiBmQGJ3B2n29ZLPGUuK7GeNxVsReHhzAwSNv/NNPeuBcxnXqBH59Kh8R4iLdxZUtoOZHxEACdTvGs04+NtRMw/JDm1XTUSIzEnn0PSrbEZPs4tTroII3IoXsWAYg/MHfX7qrbdqc399WPkPhHXUy4jT3p84lQQsQx66zpJjTT3pb2bQ+mOjddPXf50+9+NQNJA6a1FwkMZYRy2AggjXfcUWPvWw6DU+MydwwCPIBO7aii9m0SPFBI1PQa89jrSkvEAZlM+Sk02uOt21CgmHJghgYjuyZnnrHzpT8RtsZBY7CYPTypXJ/YZJfczQsBGBbPI5ZYgz1E1JZs6wPCoIYaEkzoAZP2/ZUTG4++rsIATMQCUBGXkdNS22o/GljG3khAM75WDQGOrbEeJYIHQRPpNUtk6RZW8O6BVAzaNzA+HUnUwd2jqBPOuf8E4fbxRe5mYTcZjERlY5gdfWtV2h4otl+7cXLd/IpziCnxagpvrlaR/e1nWc72BT+kX9zT/Vzqcm+DY8UuSRu8DcRbisw8J0JG4B5+386WOJ4a29xLjklGukk2wVRVkxMkxpy8tqjog2j7aavYUuM2VtfD8JiP6KejblteU9NeLFJRuzpyRb6Yp79i5cF5MRag/CuYh4yifD4YPlI56zVCvEWa6barkdiSjuVyoTmcM2rSIkakzIHnU3D9nSjd4ubMJiE1WWYGPZo9BNKu8DJ1cZo0JZATALKdcvOZ2G3LeupeoitWQ9psq8CLpa4t06s6qrm0e7Gsu/iWFEDc+EzpuKn4LBYdrosXXPey4Y2z4VyW5dfEBOW5z2OXTfSdjiUtE3MotplaYOXwuSSBl1zZgAOYAjzwXDeK4jMzJNxu7gkWg5VVlDqozLpoTz0mjm8kXxMcVFqzpXZ63b7sMrGRcZCCN4AaZB6Har3EcTt2MneNGdgogEkk+Q1gVzyzxBkj9XuWjahXAZ2Dd4VVbogurRmGzT5aUi7xK69213iq2RhrbOdEUSTnh2I1H5iuJ4G5WdHNcaOo3+MpbuW7TOc1yYgTAECTHIkgfPpUm9xJVvJYLHM6lhoesAff8AKsEeLd9iLefKtwSEhXUwRm2YkHYESOfnVmcTdNxbrPL2gQNFgAwTIA12096W3HTF9m9ovuJ3LWJt3Ubey4nwBjpuRnEaqT86wd8qrMsIdSJ7u2J3G2hG1bGxirea4wOl3+k8LkEhQkActOn41neLcOdgXyKsvCknIDoTqCPiJkzpt710+ny/KmSnjpaM92scNhyCqGXtmY8Q3G/pPzpzsjg8ObdpntBj9IdVBkAkR9oHvUbtUctpFJXMbiyA0lYDHUdOh2M6VI7LORbAn+jsu23PM7EzsRC/MGrZ746DF2aPtTgsuCvupKq9okqMxac0jMxAyjqvMEjmTVB2HwDF+8dlC5X8OUZlhgxIbofQb71T8T7ZXcVY7m4whh4jJBEZSAATAPhg9Qx2p7D9scpBNpo0Eq4JI22gbimlGfGkhYuKdtk/t9jSthVDL421AYEwup22ElfnVJeJODTQ5TcAJB2KsjnSP76D3p3jvc4tUNklAoYMLoytPgiCAVPwnc8/WpDW8mFt2G1a5fSQpDRbJHjESCCcnuRTSelryCW2WnYxiPFmYC2toLmQquZmcaN9YFmGkn4Y51quO2zf7pghlTlZRroGRl8UaaE8vupjBYBVtCxrAyZTABlLi3BOmxy1Y961oqVA8RykzsCDB138WUf5q855mslo6fauOzMY/hF98sK3hndWmCFMaDfSINTMNgnUkMCA2h8G8E6D1+40xxvt7cs3XsFIKxLIFc+JQw+Mrybp1om7XpcKh7eMI8MAWrIOaBJzZ9Qcy6V188jS+xCopkjCWS7AgjxAlpK5jq2yl9/DG3MVVdp7+SzcCmDCrG2haCIA6E/OtLw/gyuiXVZ1MKdUthllVMNlmDvIzH4j5Vlv0kYAWLSXFfV7hUyFg5Vd4iNYMf6RTxzRlLijHBpWM9lOLFYWeXQ10KxjM9thqZUwIO8SPtrjGG4reS21xO7BULvaTn6DrW0wnE8WO7+lTI91EgWlDBHD6SQQWBG8AabdObJgalyTLRyco1Q7iiLt+yHUiRJ1/q05zEjxMntNSGsfSC1qCWKAlVIkaT4SCI39qznbA3LeNtC1eZc1nxFTlzAM2hK+n21Lv8VxVm5mKq5lDndWOaBIOhE7xXSptu0+0R41o1FkC26i5IUSpIliTrvl22HP5xUO7h37wXFILpBZYM8tVzKNBz3jSqNu1jEDPaLREeMjy2bN6/Kl3e01plIi4hbSRrGomZK8h9prU2ma0mh7E4x1dlDKVIAY5Q2hgmDEj2qTcxmHBB1MmBIYZY568hIqnvY+xcMh8kgeEq2mkaRmJP8AOk3LYI0dDAP1sv8AHFV+L8klaNALgYZ2gxBLZiTlMCSuUZdDI35ipFrBJH0OICLzUqrw3OCRMbVS4IMsMqh8quZDZmBbKIAEg/IbHepljF29SQbRJ+Eh52AklSM3qQNvSld+BtVshJ3fetZ/WEJR2GRrwW69sqxAlmE7r7iYFacdmu8Oe21pc1sKwViDBGoOUSd+Z8965L2puLdxV52TLLDQjaESfbnUGy7oMtu9cQfsh2y/6Zj7KJY3JJ3QqnWqN9237MmyRiLuIRUyraAIuOxYBmCiE0EDnp6VTdisRbs94bros5Il06E9azfEuIYq8qJevvcUNK5nJAMRIBOhiajW0ug6anlqab2rhxkzFkalaR1mxj7Lai7bO+mdQfkTpuKeTiwUBczCdSc0KNpBggzpyEaisTwbhWPeAuZZ594w+4zVhieCY+40EjwwBLsTy2JGms/bXFLFBOrOpZJNdGmfjSqCRcExp4mB0Og35CareKdtkssAD3hJbQXHUhREEmdzJ+VZvHcExttS7lQBucx5mIAC9YrJ4nvGaSdfenxenxy3diZM0l4OhcY4+MZhXtKLisxX4nLqIZWM5STy5iqXs1g8RauPD5SyXFGW6FJJkqDJB3j0istFxTMe/wD4qbw3jLJcXvCzJqrKxzKVIgytwEH/AIroWHjBxj0S9y5JyLzi3Z7GMixauMxOYkQdPEBMHmdBUjhuHx+HP0SXkJRQSBzMiD5SDPQmnB2y+rmcbCM6DYmAIt6D7vKjXtkAIEnbd0LCNoJt6xO5qD9yqoquF3ZtLLOTYd2lhbhyd5EiDA5be4qp7O2bqYrEtdtlEYkq5ae88WY6DaNd+RqhHa+DttoNbfmR/VdSaB7ak/VPt3Ymf/5e9c/sz3rsr7kNG/4ZxBg98XrhCG7cNsNIGQbEeWvPrUDHWXuYZLQdwylCO7uhHEJmaSNSTqIHUVjx2vb9gmZ/s/f+q5kT5xQbtg5HwT1+HUHf+r19K1YZp2ZzjVFlfsZtLrFgpLxcyEwryZcDOQLTRqYJg+dXWGsW7a92oGTxowAOgaVeJ2Os1k27YuZBXTnJMHkQYj7a03ZvHm9bJdTmJMREepJaZO9blU6tmwcW6Ryu4NNYJ2kjWjRVMCNQBMEjei4hhzauXLUglLjKTtJVis/ZTdttX/dX20r1KtHBex/u42Zh6ifuiljEOAdEMiJPkZ0Hr1mkIXB1YEekGiMFdt833xStGllh+MYm1GVrgG4yswHyQgfZVtge2l/MqXLhKkrPeKrZYIIIlJkaHUnUVQq6zlkginF10DZvkanKEX2iib8MvT2wtNdLvh7FwZh4nw9nvCAV3bLPwiAeU/K1wfa+y4Ae3bBA3S2EMi2gGqwQO8Ut5AgaxWKw9reRHiO8eVW+A4aCrMFRiBpAUmfQNv7UklFIZWy0xnHEu4oWbd65btnvS8HJmIEWQT8TEKAGmdoG1LfC29RaNuJMFsrs+py5wyMJ6xO59KoOD4L/AK20hQfXBDLoIVhqK3y8Gtc7Vnl9XyyjTN02qWSSg0kPji5LZRG2CpU28MQYHwKM2+WQqAEHwcvrP1pZx4tgBoeSDoouMWylMzAidtZnygRV0OB4cgFbVgjTULIEbbNULDYe3ZxDIBkAsofoxlzFnuDXrovM86RTUrHcKMledHxyMgKqwLnMuUZnZ2MQSIk71eX+J2c7eF7gYIQcrMkQCpQFtJnkBMdaxWIJt4m4txnzK7AGSWgzkIIPMMp3rofAL1trQKBwmoWJUEco12AhR6VXL8XyJ4/kqKVsRaGqW7iETBCMxEQNmYhhqRHOY6VFxV4QWZLxAGrZAo5jTwkaddzAncztnK9X+Z/nXP8AtTjwW7tZ0Mt4yZOog/fWYpc3VDTjxV2QU488EZYWdBlVtJmPEpFScPxe05CtbRZ0kKQQSRBJBA/2n0qksmJqw4bZzXrYMHxpuAR8QrqlGKXRzRbNAuFtn+sHubhgehSByp4242xBUdBmA/7dX9jhltVLEWMoUkkosBdzJzbaTvUpeE228QWzr/7Sk+5zVwvMkdftnK+L3M1y40RJOmcvHg/bOretMAa+/wD8/wDml42MxA2M8tPh1HlQy6+4/jmvROEbInuz5D8atOFr4vYn7qrUH9F6LVrwz4vY/hSS6Hj2dL4ANBr+z9sn2qZcQjO2Y65j9WNy2un59qg8BbQHT6v8JqRxTEi3bZjyDRPMkmB715Ml8j0E9GB7V9ozd+jXvAmubMoEkHQ7SBEHbnWScnPuY0M6b8xt6fOpl7MWZidSJPSdSY57mq9wO8brl6V6uKCiqRw5JOTtlhbLRuCPP860uxbDOgK7uo5Ebga03ZYAKJ3/AD60/wAIzF0nnct/awrHpAts6NY4Ph9u6HT4eXlprUy3wnDiPowf8h16bD7KXbDAnp6H+XX7qiYo4hg4RFICqUaSczRJBAAgb66/fXktt+TvpJdE+3wnDg/0QnfVT7aR5UG4XhyQQgjzU+2/tTWAxbtmzJ41fIQDpBGZTJj6rKT5zUwM4gZSfMsI6kGkfJOrGVUJ/UrP7H2a/f706mCtROT/AM/OmsVcuZTkWGBgydPFkLGQDrB+dQXa/YuKWym3ccKQBDA5WJIjSJTbzoSb8g2i2XCJyt+m386zHY+co/eb71/PvWvVdtIrHdjm8PmS38Q/lTQ+lmP6kc77Rt/1WI/x7v8AGarlOr+g/GpfG2nE4j/Hvf8AcNRbZ1b0H417sfpR5UvqHLV4liOXL8aFsAj3P3mkYb4vnTljb89aGCJVu748vkx/3R91OYLLnEDxQsnrmJ/l9tM2Y7w/un+Kl4H+lPolI0OmPWplv3j+FaHgd7bf89fOs+bcg6SMx06ineHubdxCumZlGmgKkgGR7+1SnHkikZUy3wjBuJAhp+PX0Ug/PWtLxDG3lK92VjWcwM7rtHlm9wKzfC2niJJP9p+NXPaVX7likq0CDlJgcyMo3032rnmvml+hWD+LBY4rfBthjaCswXwA75SdPcRPl51KNycS/wDg2uWvx3ulZHs5ibji1nJOW8VzH6w7pmEn9oT67VqbX/5V3/CsxPTNeonBRb/H+zYy5Izd61m4lBAMd2NZI1BO1aV8VZfEPaLeNcsqHddMqnRZ+GI2rO4fXidzya3/AAD+dM9tcKyX2vqSCMrq0aBlVJE9NvnTcVKaT+xl8Y3+psAACQJjTmTrqdzNcr4rf+muf4j/AMRrbcU4mcigaFgjHeV0VgPWfurC2QDdUETL6+cMBFV9PDjbZLPK6SN32D7GJdy3sTJGhW1yI5G5z/y6efMVueO9iLV90xFhVt3Uy5kAC27qrECBAV40B25HkRk+z/Hu6bIwJn8610DA8YBiAR7VxTzZPct9FnhXFcezC4hLsgLcCASGVreY5gRpB1mJ08qou0PHcRYuKovAymae7XmzCN+QAFX/AOlQlUdkJXOylspg6rJ2MgEgE+dYftACxsM2rNh7RYncsQSSfeujHC0mLKXgg4yw1sm24AZSQYMicp2PMQZoLv7/APzouI4zvma7r4yTqZbaNT1pCPr7j+Ou6tHGLH9X6LVlgfi9j+FVpPwei/jVlgvi9jSS6KR7Oh8C5abkfwtNU3a3HZvo1Ogkk/3gXBH5+3lZcMvBFznZRJ/0NA9zpWMxF3OCx3aWM9W1NcMIXNs6pyqNGZskd9cPIhoPWdqMa3W9N/lT1u6CxAJkb9NabDeNhPIen51FegcdEjDpm7tucVP7ODNdtx/a2h8itN4MDKo6AU92bGS4jMYHeoZ6fCPvqU3plI9o61YQ/mKi8R4natModwMoDv8ASBclvVRcI+sMxC6c28qscNblQRqCAfXp9lZPtd2cxN+9ce1aLKbCKCColswJAkjXSeleViSc/kd821HRf4ADvL5Exn69LSD7hFI7vEfrObOO4A26nLG28hufQe1SOE2CucEQQ0Rtsqj5aVZrbAM86SUqbNStEK7dREuvckKureUIummpOnL76pLuPS93agy630LQzsAr2rr2zLgbqVJ00JI5Vb8ZwTXsPiLaLDMABmICsfAZBnQctY1B9aoeHcBuWWUtkOZ7XwsGgJavAkxsJYD3p4KPFt9iSb5I1qtoJrFdjGORdtjv+/HyrXYzFC1ba4QTljbc6gVkexDLlABBIiR/mJpYfQ2NJ/JHM+Kn/qL5/wDfvf8AcaoSbn93+VSceQb14n+2un/exqKNz6fyr310eS+x2yY/3fhT1g6UgIozeMEeOCA3iI2EEAiZ3Io7J0rGMiRYcZz+6f4qewhOdo/ufdUXD/GfRvvWnuGKS59FP+5h+ApGhkyzwnnzY/hUnA24LAgf09sr5At/xUXCnb1NP8KxJc6jKe+tDnqJMH0qTsomScHfy4/Nln+kG+0zr8hWk45iXW07IJZbZjSd2Cnz2ms0oH6+Y28X2/8AJq87QXmS1dYAR3ZXeDLSNNdYFQmrlErF/FlP2ZwrrkzIwHfu2qkad0yg68pI1q3wd4nF3miFCW1U8mym40+ejbVgUxt21rbdgf3iOfl561b4Ltfirf11YdHto3TXVZ+35VWeNu2hIzS0TOFsTxByf21nXooq77UWM1u+sxqhEmQqhFZuRIGk6VS8JxZu403nZfGy5gnhWQFWQuaNcvXma2XGsQXtm3mfunBUrlgEfWAa3cUwZ3bNzqMtZEOtw0YS2iuJOLwpMKAO8ZdAsfWTyqmxvDrllgLgAnUazOu48vOtLcxGAwbjLhbhaH3vNsyshG2kgnY1n+0nHnxl1rxXKIVVUEnKijTXcmdf81dMHJvXRGaS77J/CMNccSo+F7evexIGVtPDzyxv1rb8Kw91Sy5mJttrNxoMrkyzl6rmnzrO9h/pQ1qJh7bk/wB0Kw3/AHgunnWl7Q4o23VQslj3kjLoQVRT4gwkEz/lHXTlytufBHRBJR5Ff+kywy4ZCDm+kGYyTobTZZkCZ6dRVBxLD5+68rNob/3QfxrecUwyYjDMt2MrorESZUiLgg9Z8P8AmNZS3icIujXXJgDwwQAAFA11BEbUYcnxqnozJGnbMLaPgA8j9gNOWjr11H8RpVjCkrptlOhEHUDnz96jIpUiZGo38jO/OvTOFEzknotW3DVl9ehqmF0eAE8h86vcCkHN5N76CPWajPorHsveN4rLb7sRrEjoAJH58qzl25Ce34VL4g8y58p+X/FU5vgrtyqUI6KSlshrbCuzTqd/zFKW0AS0mTM/ZUcMO8c+tA3jM+Rq9MhaRdWF8I9PzFP8PSWtz9a7b+WcUzgj9Gkf2a+euUT6b07wJ5a3tpeQe0qfxqUl2Vj4Ox4JPCgA+qo9NBUXH4MmSGC5YJOUMIPNp1KiZMEaA61PwbeBdvhX7hWL/SBxBSow83QVTOcrKEeRoHBGYxHUb15MIOU6O6cqiazhxDW1YQJMeEyoI3g8xIOtTbaEmuediLhw1h79wBRcCFRl1UeNwN/CknIBGh3NbrC40XLfeW5MiQDprEifs+YpckOMmkEJ2t9h2nzM6kExESuknTSd96hLKOlskkMWIB3HhJGUxJXWIOxXTQ6OcW4mcPh3vwpZUBykypJKjcctTrzqn4Fxh8VfTMqqbRu2xlnUBV1MnfWtUHxcjHL5UTO0WNUYa8SYUCAxIhjE6GfUdZFZb9HmCUhrsQS5jLKgqpIExuNJjbWtF2stj9VvjKuiNlWBAIzQwFVX6Po/V1J6kTvsz7mqR/8AJ/kxq8iv7HK8WZuPzl3/AIiaXbCjuzIMzpG3iywZ3OgOnUecPvYR2GTxksQUIYNrPIQTEedOXLKFR4mXJIC7gH/MZ+rEeXlXsOSSPNaImJTmAAMziB5ZaFrLl5zH26f81Y/+lXHA7qbniuN4EcwJUa5QYgjb0qIth7bBWtkMB9YdBJkNzgHcVikmtAhqwfGfQ/eKkcK+Jv3V/jamVUBiZjl9s1L4TYILk6CFQHQQwYMRrpMN99Enqxl2PpfypmiYJO/nUzAY4X7ltSLmbOpLM0yMwG++n2VV3LBAK6sTsFlyRO8Lv/xVnwzhF7Nphr4dRoSpSSD1aABEbE786jOUVGx4vdE1UjiDL0keuoFVPaDjjXrrW1aED6fskAZdOs+Wm0VrcD2Qx7XjfNnJIPxXUkmZX4c2XYTvTGG/RbinIa/etqQZ8FtrnPzK6+gqccmNO2zZqTVL7mAxFwCd/Dr686OR4h0+6NK61hf0TYVic9/EN1CottemmdWPLkaurX6L+HLJ7l3J0Oa9cHl9RlFO/UQrVi8XZxjgWDZ3GW73exmJ19K6ThsJ3dpbec3jMhiykkEaaESI2EevOt1wzsrg8PHd4eynmUDtpH1mk8hqTyqen6uhID2lO5gqh6co6fZXNmm8j0WhNQXRwnjfZ3GX77GzhLrAEAEW8oMAAnM0A+s0eF/RlxNomytvX691B88hauw47tlw+zAN9LhJAhGN5hPMhZIGh+VMW+3mFIJS3iGMkQMNcAJ2+JgFE+Zp1mlFVoRqUndGU7Nfo9v2Wdrj2JZYAUs0GZkytaDhnZO6n9I/fT0RLcdYlT+ftbxnbq8MxTBgbR3t5VJ5/DbzkaU2naPHvs+GTQmBZuXDEwBLOo06xXLkzQ7lP/H8ZaMMvSRd2OzdoEsbdwk6wXSATyhI29TtSG7GYIkk4XUkkkZtSdSfi13rMY3F4rx58ZfgESqi1aHLRctvMP8AV1qqbCZyWFy7qdziMSSffOPuqa9ThXl/z/A/9NlfZEfs/aYfREoWBVQxDWzqYymdTA231mBVFjOA3bejWz0lZdDyAI3oUK9ZTadHM4Jqypu8PjK0cpBXUe4qXhMQgEkH6w38l/4+VChVmrRFOmN38QrCMxJ/PT86VGVNPT+6f5UKFFUa2Orw6448Nu6wP7NtiD8qFvs9fJ0w2IPOBZuT6xl25TQoVB5WnRrRaWeA4omEsXicqgqbZkEIuYRGhEiR51M4V2YxyMo/Vbohw+YgCCI5H0oUKlLM+qGWjeW72OUBf1dxAUb2R97+R+VY3tbhrzO9y6UQRkguubRZgBZk89KKhU8SXLRWU20Z3GYi9cuW0WSAqqs5VT4czADaCdfeDWzW/ibNhhcuhUQ6jvEGclQYDfWJnRfLQUKFUmk2lQmO6bIWC4jfxou4ZmFsSUkzlDkhwpIkE+EbHWRU3HYB8FmZLys7946iWT4iBrqDEc9hzIoqFI+2l1/waLfGxHCMK+LtsblwIcrgyzsdQVnQHMNQSQYkgamaV2R4P3mGS6L5GbOQuVx4hcMyRrG4660KFCfwf5/caO6v7FDe7N3Bfa2jtdUMc2Syzskk/VJBbTnAmjTsVfcsEsYgnxkMbLWVYLIXMbmzMIMDrBIoUKpLM4og0rNfY7C3hAsqEzJfVzfKXG+kNsoFXMRplOsbSI10lL+jW+zM1y9hwpzeEWmceK0bUhcyqsAkjQwY1jShQqccknsWb3RecQ/R/hL4tC4Y7oRFpUthzpq8Ak7bTGpqTwvsTgsO2ZLAc9XPeekBwcvoNKFChW12a20XoKJoCqSdtFk9NOdRMfxnCWdL+JsJ5PcQH7TNChSY0pzcWOo9Fa3a/h6jNbuG7y+htXLv221IpF3tkCJtYPEOI3YJZAjeRcbN9lChXD6z1bwScYpHXj9LGW22Vr9q8czhEsWLYLQM913aNDBVUA+3nScbxLiQkG+qSdBaw405RmuM/TpzoUK5H63NKt1/b97L/wBNji6orcZwu/fVQ+JxLx1uhATpoe6VdI96j4fsXh17w3EDnkbn0rD3ffr70KFRXrMzdciixwTpItb3DALdnKSMoOigKDMiSBt/zUz9UHd/DqVA15Hr9lFQrE+U3f2Geor8jF3ChkGg1OvPQTG9IOFB8OkEgbaAidvnR0KxxVFE9DtzDKcwKyJOh9aLC2lVYC8zzH40KFbRiej/2Q==', 4.7);

INSERT INTO Places (Name, Government_name, VisitingHours, Location, Description, Photo, GoogleRate) 
VALUES ('Anba Samaan Monastery', 'Aswan', '8 AM - 5 PM',
'https://www.google.com/maps/place/Anba+Samaan+Monastery', 'A historic Coptic monastery carved into the mountain, offering stunning views of Aswan and the Nile. It is dedicated to Saint Simon the Tanner.', 'data:image/jpeg;base64,/9j/4AAQSkZJRgABAQAAAQABAAD/2wCEAAkGBxMTEhUTExMWFhUXGBoYGBcYGBgaGRoXGBoXGBgeGhoYHSggGBolHRgYITEiJSorLi4uGB8zODMtNygtLisBCgoKDg0OGxAQGy8mHyYtLS0tLS0yLS0tLTAtLS0tLS0tLS0vLS0tLS8tLS0tLS0tLS0tLS0tLS0tLS0tLS0tLf/AABEIALcBFAMBIgACEQEDEQH/xAAbAAACAwEBAQAAAAAAAAAAAAAEBQIDBgABB//EAEkQAAIBAgQDBQUEBgcHAwUAAAECEQMhAAQSMQVBURMiYXGBBjKRobEjQlLBFHKS0eHwM2KCg7LC0hVDc5Oi0/FEU2MHhKOz4v/EABoBAAIDAQEAAAAAAAAAAAAAAAIDAAEEBQb/xAAvEQACAQMDAgUCBgMBAAAAAAAAAQIDESEEEjEFQRMiYXGRUfAUMoGhweEjYtFS/9oADAMBAAIRAxEAPwD5xxGuGNJlqB20jV0DNYnlAHdt0nG39l0qVVKsNmhWi4mdQi0i6Hw1HGAUorly0lgD2emTyJE2tNh540XCvaVqSkoHIYsGVmAOokFirKBAEAXBAMm+EuNlYYmbgqlABaQLMzqgEgBzYQDMbkEmflMm8amm9NaZ1Hsqp5QAEPfFgWcvov5+OMjwvPHNZykzEmkhNRVUNcqDUWNN47qiek4Wcb449V6pHdVpDGILKNQUA7lADETeT4QqTsg0rl3sJUX9KCuQAKbggzuy8+hifpzu5yeUNbJV8stnpOQN5VdQaIP3iyRcbnwxn+AVVpOuYYq7rUUsnNUHe9DP1HrouAcUWpnj2YZaOY+zYmxLbho5CwFvxE4zyT7DkzLZfhy5dnAUhGAdSTIgiBB53Bi0/DBXA6n6TUSIWmCYZ9Isgnfz029MO/bTJFXphQEpgGmFAjToPdnzVgf7MdMZ7JUCUVQTZmJ/W+9A5DBJ7o3fJTVnbsNvZHMAZh6dR9TVQ2ltvQdBpJMdUHPDj/6g8LEipaWEs1zC6UcWiWIZyBbnEYQZOkqV6SqwtVQl4Me97t45R8Mbr2joGolObS5pk2IALNTBI59xqdvLAvm4S4sfPv0MNUvyKztaZieQhZk3+eA/avLEilVF10lSZFoqVAojfb+dsaDJ5TTUkgyzAEn+qCGY+oFv6oxdncotbJuqIA6sRMFi/vsVVR0hb3u9t8RStJMjjgQcCymtaeWI98tVqQe8qBYVZ2BJE3/q23GCeI+yZQgiqAsXkQVBNjqmbkEWHI9bV+zSvRJfQ2nSdeyteI0gtYe6bi/KcNczx0ZtnCiwWJgDUTIAsT3dx4zPmTbTuikk1ZncI4SsFZkkJqeBJIHeiZgFhJ5SDyxfm+FpTBaGMkgSbXgnby/LbDnI8PApqFYawxLKPSAPL8zhhn6Aq0ABAIM/+cd7SaWmoRdWN2+b9jhazU1ZSkqUrJcW7mMpGNo2YERaGBBEdL4BpcKpozEAjV7wtdCZKi3dU7GOWNBmMkULqRHTF3DcpqXvDnpB/nljf+C0iTags+5y1rNbKSi5vHov3FFasX1QSGb7w3AtAHgIt0wqPCQZ7zSeux88aitwk0j3uojB9fhypTZ4E6ZxX4TSLCjz7jFqtc3dz49EYk0XpiDTkTci8j6H5HEUoUqlvrqkGx3EFTy5jzw3pBiCYti7M5ZDDFRIEd2AY5mY54xVuktP/HL5Nun61GS/yxt6rj7+TLZjg+kmCp6ISFffoTc72F/jgdJpsGEjrPzEcx542HYMgiovaU+TE98KQfSZiAZFsC5zhC1LjQwInuhkdAOem6kcjbrtjj1Iyg9s0dunKM47oMXtXRgHdIBMMsSDAEMu8R03GKMxwhZBkhW9xhMNHiLA/wAfU7LURSGiopemxJDpZgw3IJggjePnF8Ry/EVYFaTq4IgCqNzfTPKeUzz8sKTfYY0u4ooUjSfUGMQ2zHobyvMb7jzxrM3mqmbodnrQ1FiCTDusq4AWAQBIUkjoeuFOe4RrXtApVh76NYgjeJEn+dhgKipDIKbFXDSupReBMC9v4+mJLzZXJFjD4FHE68OCWvzO3nI5HFayFExcD53xpfaX2WLU3zIcaWZXVTuRUInSebai1oAIxiaOZZBoe68rXF5Pzm3jjTBqccGeacXkaZVTKnnyNt7mL+F7eO+2FdQ3Y7Gf4bYcL/RkSIsR0mzT4b/IYX8MpFqyJNmYCDBETz5RbBJ8sFrsfRaB7PJFwQdIXQZkglYIIOwuDHjhz7F6zl3RyuqlUDaUOow0Ek3svT18MJuN0yKCUgCdbSY3CiL25hk26HE/Z6jpp1KklWLKiOLOSCBGkgxvfcX2tjCnk1NYNCauhmjvAmQVANgqpBm4I0wQemPMe5jI5bMt2lQQw7phon71wDv3oPljsHkHB8tzFAISxAmAonu2PNvwKLHz3wvy+XNRkVaZIvCAE2FgQu9yd/A+jFcpVzTdnepUJ1kAhbtJIkghRvO+0WNsMmFbL0uyoGS5g11A74WBoSCSAIEljqM8gMaHLahSjdjCpWTLZVqSsv6RVMVPxJS5oxHulrEj+tEWwupZfUCGU6dBMmwItEbEdR69MWZP2fZKdOtWZArt7gLazDwQbWEggmdicTz1fvSg+/YH8IUgHx94xHNh0xnb3O45KwG1JVIVQFSLKOu5wXwrWuqqJ1hhbkiqRyGw1QD4Yhn+6QecwOo5/uxXTqaaguYbSDHnIHnIn0HniuSG+9rMstaitdR7wSsoAvBgVNVumgX/AA4yqKFuZAMuQN+Zb9puvU72naZWmTwyAe9prU5HUOzRbwHLqcY4IZFWBD2A8x+UD4DC1h2GP6ivL8PqvVAUEtIawsuw1GLASdt5MY+k+0HEaaZSo8atTgDTuzALqYX5DQfTEOxo9jTWlpFPs9WYqbd5RpiwlyCXgcoXGN9oc9Wr1VAULQpkikq3gDZvMiJNtji3lldgqnWBzJqKy6WfadoYaZ5qOs8sMeG0mpOJmUnULc6kG3MwzH08MYziFB5ZtJDiAaelgSWJ5tAj3jh1wjN1af8ATltUaVUCY0C8z3meIEmwuOZOKlHFy1LJreJ5qHBA1RBCi51VORW9pZRt1MWw3o8AQaTUpqHi7AC97Cw5WjpGEnBqhVzUYEJsmrcyAJg3sJv4+GNVSzqn73nfp0x0NFp3GPiNc8GLVV03sT9xTxLgq0xqSTa/ODvOM3+ntTB1XHhvH7+ePorVUIjCDifAUqbDTvtzGOxRr9pnI1GnbzTAjR/SKSsILr0+8nQjrivg+TYG4BQ+8PEfQ4N4Rww0jAa4+74EfPDevlPvJAP3hyP7j44KVW14rgGFDdab5BquR1RqgxscefoYdSDERB/npgqnTYixt0PLGfzmZejUMmFJuI5YXC8sJjZ7Yq7WCeV4IAGQgi8g8jgHN8HKrMXFvS2H+Sqhk1Tueu38MUcZzeldQsBf+BwyNSe6wmVKnsuLmyKurK4sy6SJIJHOI2M7HGR9oMtm1qKaYcIghWX703JYLEHwi2m2NfR41RqnSRpaLGbHwvtjwV6lQEKJIuOsDrhVfTeL+bDH6fVKmvJlGAOfqWUgBgbk7MIMhvifjy3x7xPgUU+2pNIIBZLHQZII7v3ZG8CxHjGuzVJKhmrSDHrcWHipE47L8NouFVfs3JgQTBDW0t0U+W+OdU6fWprcsr0N9PqFGb2u6fqZPhPE3qKabkggb3kQLFSNj0MjBNbM0XdiykabgoNDWuCRMEzj18t2VdtOrTqZS2mDHJpABKyCfhvcYV5urDkML+BtM9RYg+EemMFrm+5rchSo1aAoIWGvWL2ghldO6LWbTYRIDb4yi8NCZg0MwisrkhbCQ3PSeUrtfePHBvstxHs8xT1z2TEhhpBHusqkkHUNJYGfPD32v4evb0C50w0yPvQQRttuf2uWm4J7Xgtq6MlxL2WVVq9jVAKH3GMBlYgKymbzIkbjxwm9nslpzSpVXYEx8rMp8fK2NXks6K6VqZAkroJgDfvU2HSCIMfh8cA+zNZqIFSp9pTpv2bUmUFtRDn7NiRBGkePdtONG9uLEOK3Ie8Z4Ya+YpU0iKdNSosCX1FB/ZEA2w2yR10zTYz2ckB7kQdJDGZ3AM8jIwh4f7X0zU1mnqSy1FHdbunUsqxs45EFRc9LbHiulabVJuyhQ3WbrUMcwJY8rGcIUWuRjafBjs62apuypSFRdTaXtJGpt+8L7+e+OwUOJvTLKjroDd0OrEhSAQO6NvnfHYuxVwng/BaeRpmdL1XGlie8HjT9mptAM3PWPLF1DM5XK0kqrRVXrWQLEiD7076RHrIGGnFsitSh2hZn1MG1KILLqA0jYgRCgblhsZsp9rEQ5cCVTsiAnl/7YHwP9jEqyyFTjgr9scuqLTenPZgFdRIJcGao5XJlj5seuMtmSaZVgCDU70HcKYje4G1uU4fZHMfpOQakffoElAekyB89P9sYX8aYmjTqC7EBp8lA3/a+WKi7ojQLUT7MMR3o2I84Jvcxf1OKEqo+gzsbt4i8CPJviMLKmdY0nRJZi0jnOqzeQmPj8N3/APTzgAMVXUEUYgHY1zeeh0/XywTVslJ3HuVU5WgUqmWau7UlClQEC735XMnmWA8kARq5q6QFp0mLfhAEwAPxMxMADcsMP/azPilUc/fSn2VITJHJ3E7EwIJ/DPLAvAMvdC0RrDF9RYPUQkoiLbUie8xJ38SBhEVltjG8WC+JZdVNLLFgFCd6mb6HBBVyBNzNiRaNxvjIvliupqdVjBMqu7AGIgmxJNr/AJyfxXiep6lQjQzWct+FGbRtuCpCmb/AwHwqtrQdmp7RmtrgDu/eA3IG4mLknBqLk8EbSWSNPiGsFc3TeSR2ZIKsjTpj3RYWnVaRzwVkuEVDL1SFYkwT3mCmQJ5TBgztGHlGnokgy5954gn9w8PrgfMVcdvTdLja9T4OJqeqNO1P5HXDOHDQNyqi0mT6+pwQvDwSSp5SPPF/s3XU09PPnh+mTC3AGHTnse0CEPEW59zKinVBF+Ri/ScHUnYqJYjDCtTCnVAmcB5uvpuFJPLp/wCcXu3di9m3uW5SgLXJI/n+fPBrU7X364W0c+WgaWBG0fzfC3jXFqiLHXa0HFKnKUrEdSMI3G9WpFp35fmDgDO5YVFKkydgd/mMZk8TZnDMJA33j5Y0nDV7ZpVtIjbkDhzpunkRGsquEC5X2fqUvtEfa5U7ERf1wyTJK4CmyuDv16YL/SlTu1IgeRvz/nxws4nxSIFJSecjlvgN05v+Q9lOmv4Mz7Q8Bak0qLbDBXAsjVpkMWEEQRN4wZX4iXtURptebGOuPOKZoBRpUlm2Cm+NW+biosxeFSjN1F8BFMBmKEqpOwMT6H92AK/DRSk/emJ59bYz2c7YtLKy+B3viNTMVkkNNxF72OHRotcMRPVRfMf1NfQztBwEEO0DuPAkg7TB088Y/wBpuAMjs9NS1KTcAkpzhpERfe+Gfsm4196I3BJEz642fEKTdmatK7i5WZUjcwJgmw/KDjh9Q0ahPdT/AFO703WurT858c4foFVO0sgIJawceNuUxaOvmNtxymM3kgyKNdAiAtwyixW/vSrbeHxZ532boVgXRlDRPdjcgEWG4/6r74X8JyLUtYbUCQI5paSdJ5Ax8RG4xxm2pHYVmj59n6rUqorp7gOkxu1O2pfOII8QN74O4xRADusOrqrmBYgA6Wt/VY+nlhhnOHgdpSi7EmCbaxOkz4gyfBjhX7MZpR2dKtaGKqW5022VuhBJHkR0w9YFPIr4MGq1kpSD2jQHYSRPMm23nj6PQZK+UQqGVA2jkAirCjSNyGMlbfi22xmvZbIFeIsmhdCa5c20KBpU7b3BHh4TimjUq0GZNUJ+EyVMAGYG5ggyOowNR5JFYGeW/SCo7IgLcEdmKgBBIs17bWNxzx2FdbLBD75ANxLkWPlyx2B3F7T6FlKWqiqwJ7MBZMEQzA3A3iG54w3tbSZ9LqTFIaTT3IBgliOv88ox9KpUezSXeAqhUMXggSf1iYPl0xgOKq+oKG0sZVnK2cCRded5INok2vgais0HHIh4Dnexro093V35Nip3HnHxw99p8iVQ6FHYuYpsCYKvqmIuN5nkB6YByvsy1WYC0mgEITq1q0hSltjFzy6bYemjVTImlmKZLatNICLAEklzy70wevpiocklwZbgWQVq0KoLEMpESBIAkjntAPj44+vBaeWpqCYpioFm9xT0ktHMllY23LeOMH7McLZSFoCKjEN2hghVTckHYa7+MDDbjPEgdFKm5qNTLjWb94kEmRY3k/wAk5tJXYMVfBL2qyymt2jXkArTtJb72sjkIgx+qNmOM7W9oCjvfW4TQumIVmsqIosp322Ek4Cr1KuYqlKbnSCO0qAwWNwApF+R26HkL6fh3AqdNAGXb7smB1Jjcnxv6k4Ohp51pYX36g1q0aMbt/foJctwln1awZsDOwAuL7lrm1tzth3l8utMd0XgAnnb6DwGGFZQAIAgWgC0ctsC1BGPQaTSQpZeX98HA1esnVwsL75KalXAtWpghhgetSx0FY5cr9i7hue7NpBxu8vxXUqmbQDj5k9Ii+DcjxUoCD5DC6+nU8oZpdY6flkb3OcSQGZwnre0QPd0jz/nbGWqcTJnngFqxwNPRruHV6l/5NjR4hG5jy/jhnmFWvTgrJ3BIg/HY4w9OuoHeaT0GGXDOO6HESQORj6jfFT075iHT1kXiXDPcxRfL1Bp9V6jxHlhpwvMTURqYgHccrYuo8Rp1HIZe9ykciMEqqgECFH5/HC5ydrSWR1OCTvF4BM3UHaHWQCbTI2xVmc0iLGoAnbA9bhutpEtvf8A87YX5jIMvvC/IDfBRhF2yBOpNXwU5usp91pP89cab2UyK6ATJYDnO2EmT4YzDU7JSFtyBb64ZfpFOhDK5YeDAj0E4Kr5o7YgUFtl4k0MuJ8IDXCEsZM3+uM9X9n67Xay9APrzwXW9swAQEJnx54S57jzvsSPj8oOLo06yK1FfTS73CcpwrsmWSCx2kgAeeNZwlSPeMiIAAMTOPmozT6tWoz54bJ7Q1hB1XAthtbTzmuRGn1lKn2aNy3DkqTUpsFqo2uRzlSBq89MT/CFa52nXV1do7uqSO8rCbAHqJBG8jywu4Lx5u2AY92pCQdpLKdX+L44s9seBIrjM0ToLNuLTG8nYGevWMeX6hp5UKj9cnqNBqYainddsGd40o1Bx7zKRfqhAWPO4wj4XwwZir3g3e1ktYhSsWgfzfDTiBJVJspkEzu5ZSJ6SAL/ANXHvs+xTNU095KjQ0RYsCGnpaT5jyxlhPdC6Nco2kS4TVKsMtTMv2rGq0g6UTuhSwuQN48QMH8QfLM7UdImioZXm5/EB66CZ5sRywbW4ZCOaGgVnd1lzGpg9QoW3kle8ORK3gG3zds89HMd9G1K0ODvDe9Mm5MmOVxfng1HcC5WH2dyDkiDTICgDUYIHSOmPce0kgd1RVU3V4kEeFpWLjSbgg49wuxdzW5riSVB+j03FXswocKdWkCBPnMTz7vjjO5ihXNRmpqtZRvT2tfvK26kSLXuR5YQmscoyZim3ZmrS06SPdZCQSb3MEb+NrRjXZLj9M0SazU6NYAAnYVVYaiNMzr1XgXuDi5K7CTwWcPza6lrUz2iKIDNc03gEq46k7HYzzMHBfHKlRdKd0iszVIYqYBCnTcArbV5T6YyvtLnFo1Fr5VwBUMPzQlbkMNmO/u23640HtBxM1IZUnRTFhYm02DGATEeQO+KStknJoeH5ULTC6iajgEMqkc2K+9cJAgCBN9pIx864mHRXpiRWJAMG8FgGI8DO/jjaoQAzUh7rIbEKO1YwZPmT0jwAxdwrIqK0uytWIljAi6CYBuCo5H5YkYeJNElLZFsC9luDLSpKRBYyZtzsYjlA/mLtHonDNkXYYqdRj0FFKnHajh1m6krsUMNNothZmgQYxp2yGu2FOb4cduYxqp1FcxVaUrYEuPCxxdVy7LuMUkY1JpmNpoqZsVtTGCCox6EGCvYW435A6eWJaOuPM5lihIbef5/LBqSpkYCzSkmTfBxk2xNSCjDjIIceYnGPAs2w0zIIydeGWSYkT5Y03Famk09BlSAfjjKCkQRbxwdna5Kp4CLeGEVIbpJo2UKrhCSfoa/I56VKhSTEd3b44S8VzjU092GJ32EX9ScR4Xxc0aZNtoB6/zscLK9WtmHBdmZZMdB5AYz06NpNvg2VtTeCUfzMAzGZZj3jPhiqpVLbnE61MgkHliAXG9JdjlOT7ngxMY4JiRXBJANkdOJLjoxIDBAthqoNIgyfpjecEpB8sKVRpR1a+2ltnUmbwCWE/PHz7KjvDGgyGbZSBfTILAHcfSYxyupaXxoY5X3Y7PSdWqM88PH9gnDKeXqLUpVLNIiSqd3r3p7wsRG8YV8NoHL5pEqBQBVkvBmFRiOUgbnrti2hlqzVNakaiYCGzQdgCBEDrIiDhrmMg7qajMofLw5ZWLQix3ZAMsADaceNjupy2NWPaNxmtyYZmmFWiKlM9yoAVgC01G7NhFpiPicJKVOnmw+XrACsNn2mCACrRyBJ9IPPD6lQbsSlK1iV1cp1G9tpYDaeeMj7T51adRa9wolF0DdkgkTM+sbg7EDD4u7wKaMnWzlTLvUpCoRpcgxqEkWmBsbY8xLiPF6GZqvWdQCx2MTYAXvjsavdCb+pKrSNetRQHUoExy3kxPLl6Yf08mlc0mkkVCx1AqoREe+lySDIgC02Fjvgb2azNNqdZ8yXC0mMaBAftCV0g/PwscWcSz1Oki1ctRRlR4FMM5Cq4IMqTvteNzjLJ+azNCWLh1bNZV8zRpoFqBDCqdbU0CIxMkHvOI37wnzM7D2UC1hUmnCiVloOphIMEG3duPI4+Z+w/DGLtWbVTWmZXVIBqMCFF7kXE+GPrWTyfZ5YAGJGo94TqJdN9vdYx4jFNWwWKchW7JBcAB2MkXkLAI5SCzR0PpB3s1ly7drUkFbLMbkFWkxMxvyljzFlC0HqVUo69WmxcQQLmVEWIub7kIeWNmmQCqEU2Agfx8TjTpad3d9jNqJ2VkUZqmR4jAq5kbHBjU6gtuMB5nJHeP3460WuGcuSfYLy+YU88TzlG0i+ETal2kYOymeJENi3C2UCp3wynMgcxhfVyyHDasoPl4YCzOT6HDoSsJqRv2FlXI9MDNlTg9gy4j25xoUmZJQj7C5qZGKtJ6YZ73jEHUdMMUhTgJqlGMVAQQcOGQRihqWGqp9TNLT5umGZfLBx4xIwLnctCn0w84GQB5H5YMzWVHegWN/TGXxds7HQ/DqdO5jVJ0U+7qjUYjy/n1ww4Sj6SC2gfA+gF8HDKBRCECZnladtsW5bJkTNpGDlUTQmnQlGSv94M5msoJOks3iRvgMpGNK7BZ8MKM1mNR2xopTbMWopRhm4GFx2nF2nHujDrmXaygJiSpgpKWLBTxNwSptkMqkYYUni+BlTFgwuWTTT8qsW6hO1uhuMX0HEMsAB7MFAEjpttgWMSTCalCnUVpxTNVLUVKb8jaLxxHszUL6gmukiACR7hEz46b+Ixn/AG4yxqdm6FQCCR0ZgYefGNI6wI5DDfPUO0SJjl6HYjxDaT6Ec8JauS7agaRkVab3iRDAGCOvSfLwx5fVUPArOK47ex6rSV/HoqT57+5hcxw4BjqGk8wQTHqOWOwdmqmsyxhoAMTeLSehiB6Y8wO9jNiNRwnIIwam47lTZpA0su3mZgE+JnB3AODVZq0GWxAZW95NJ95rC7QEEcwx8MCZfLqKaMajgHfUpBkGTMWvbbpta2r9nQodQlQOIAA1QwAJ7T7Pe2qLgi+Mjjc0J2C+J+zsNl0pqOzV2dwQCTU0jSW31QT4/u8425CKqknT3bA3BJII/d4+GLM/7SKqVFdCGYkBplFkAFdh90bc7+OA040CQ7ilUiI7zUpgWI7QEE+APwxV4ouzGvAOGinrOkLc7XGszqg84GkT1LDBNaqyHnjqHG6egDsnAA3Uq4vcmVMmSSTbc48bjWWYQ1SPFlK7GOY646dCrSjG10c6vSqSd7FtPi/4hgpc6jXnCwLTc911YdVIb6HF9Ph6/j9Iv88anseUZlvWGFVaKMOWAauRAvB8xiz9H07YKpZcm0H0xE9vcjju7C8UFNsRGVYW1YYLlHU7YoZY3FvPbBKYDgL81lG5AYHy2TZmEqbXmJw6qUxE3+OBUzZBgEj1wyNR2wLlTV8ghyK6hIaBvPM/kMB8TYCwJ8oED4YY5pqhBGrCerTbnfD6bu7tmesklZIDg4pecOstWVFbugkiBOAalCRqxoU8mSdPGGecPrFcPMtV1qOot6Yz4SMEUKpU2OAqQvkZSqbcMYVapWTE4EbMEtOL3aRIN8COL4qCQU5MEzW0YAFLDWrSxFaI5jGmM7IwVKW9gK0sWrSsTGwn4YPWknQ4Z8HytCWapqYKBCwRLE2uvl4XIwuvqVTg5PsN0+k8Saiu4hFLHBcX5Sstao4UqBLFd40qYI25WxbXypG0HlIIicBp9ZTrQUk/kZX0NSjJxavb6ZBikR4/yfy+OOjDz2jzdJcuiUkAAKgwRqJOxMAyCdzPgRywmS4+I9QYOE6TqEK85QXKz7r+h2s6fKhGM+zx7P8AshGLFGPQmL6VLG9yMSizqdGbHAmXpkZkz96nBP8AWU6T8Aov5Ye5fKXAt13GFGazRVg0Ay1oHu6mny5fzz4PVZQlta5yj0XSoTgpJ8YZkuJcEpiq+piJYkQDsTI288djQ1s0zmSyL4MFJ3tNukY8xybnVsiGR4fIJYkgrTQDU2m0HugmR3oEc/gcCcJp1auZqIe6iAOSVOpWYtpQcojrfunF2QXOjuv2agbmtpQbSOh6fLGnGbpouqpmVNSB/Qknqb3Oob+8IviuA7FJpVNeiZ5QbiVBbc/d7siOo3wvzvsuFPaDtAm7rTUTFyNmED0O2CM57TGR2NMCAQGfvEyb2FhO1+pwvfjuZ37SPAaQOZ5r48jgnYijIVZri7XXLqtJebXNRv12Mkc7TGL8nxmuovf9UkeZIkj5YsqMXhnVBHPQs+f8THriQCt+QAgdNgN/EW+QCvdDLBGX4kGktSXqSUU32EECSbDb8sH5HiIWoGVNUjSEUvcnw1EA/HAuVyLVDoRdR6ASL8ySIxpRlqWSSbPXI/ZB6AbL4xfyxI3TusFSimrM9qcZ0aVqKVbcrKsQD7txpv8Au3xMcd7pKtB/rKQInqCbxhCtIMSzEkm5J/8AIA+WC6VJdP0vcnmfoJHTDPxVTgX+FhyOh7QmL6DH4X/J1X898V/7cpsY01J3/ozyEmCLGwwkq0e6ZHOSb8tp+fxwXwzJBaNSuxIkQhvICmSRBtJAHoeuLhqpoGemgG/7Rokxr3tBVgZ2G4vgOtUpkytRD5MMZ6m3eg1GHmBHmTj3MVg0tAid4iOYuMaIa2S7CJ6GL7mjpVgRvOLioO4OMnXzCy153vB/xRhnxlynZundVlEwq7wDMkc568sNWv8A9f3/AKFPp/8At+wWTTL6AJ7uotbSBaL4hUy3TCulxU6Z1c4MEc7j3dpg/s4s/wBrtpkDY6eQMcveM8j8MNh1G3KEz6ZfhoKfLEcsQFHE8tnK1VCUUSgYnVBDbEARs0Tabx4jAScUdoEJfbffxhsOXU4d0/2/6Z30qp2a+/0DFGJqk2icLE4m0xoQcr7T43xfR4zUSSERWHutEgG+6yZG3SMW+o07YuRdMq97BfZnWyMACIgSJIgXjlckemONHHcUrvScagrBgCGEw3cVDuLmAN/A88LcxxKqoBWCNjYGD4kgmOhjC6fUrLzr4GVOlNvyP5GXZYO4XThwY+8nzdV+jHGXHFa7AaSpiCRpvYyCO6JFvDpg/hvE3clDUNF4hIJCE9GDDUPRvpcNR1CNSm4JPIen6bOnNTclgMyHD9FQDRI7SpSg/hqLb/qUYoy/CK4JBRQnfhtSjb3JGrmcAZs5xCQ9Ro/WIUzNwZGoG+xnyjA+piD9u19xqY2/MeMH9/EkmzsKKQ/fhgVCWZCCAGXWDEMINjuZjbHlDKhjGumtyx1VFi8E7GT3i2wwu4dUpBlFdEqAEEEjS4820gNNjBF/XAGf4Hltf2HEKgVkZgn3gw0wsKQZMmwB90+GH6ac6M90Wvp8idRRhVhtmsc/A5YAGO0pkhoMMDI2JWL+O2J5nMUdJBqFZEAhHkHkZiBBjGF9oOFZhGRaNWo4ZdTGpYSYgLa596ReI3wJwj2aqszHMrMaSg74E3knuiY7uNlTV1pRtKa/QzU9HQg90YfJ9GXLV3aoWbSFchAB3WEalJExs4B52wIaadp2DvFRu9bV3lkGQxER4b/LFNTjNVVjvGAJjSAbE9J1AMBaNsCvxioad1MAw2prlWkAhtIKw2j48sZG3J3ZrVoqyGh4LQJJZZM7yb/PHYTUuJZgCFEDx7/za+OxMkwZnLZskgupB8Zv9Plhzl6vOCBe5kbchzB88F/7MQ3XKZhF6Iab+uxv5YGNXJnepWB6soPxgjB2T7FqTRxzlMR3vnAHqQZ9R+/Fq51TsR4WBHzOBKtPLTbNQTYSjj6EzjziGUWiIaqrtY9mPfhhINxAOxvywO0LcMBXE7qT4SSfL+TgmjF9QBvcaluPE3EfuwgTNC3dI/VQn4m5O2wMeGCP0lI3A85n4H+OBcLBb7m4pe0wp0uzoUBTPWQw8TFr+N8IalVixZjqJMzB1Fvn+WFKVJnS+odZH5AfP44KBqDYrHXYnyIMKNrYuz7lJrsHJVvvEbkHmPAx9cTfN1OpA6RaPME/TngHXUG629d/gZ+eOSu7MECd5iAAFAN/MDEsy7obcJq1KtZKaxLHmpELzI9PHGs9rcytKmlJQL7XJ7q7zz5jn1xVwOkmWpd6NYks89CR+zHjjHcT4watRnJMMe6IMBRYWg/ycRWB5ZZUzan7qR0kD6/u+OPEakVkofePukGIC7R+QwuGdn+MEj00gDEP0pTuo62HpzMXgfDE2osaVMnTYSGInqy/52B+WHWcyPaZancHSqkGfwjSY3G30xji6HdPnf44a5P2kanSFEKhpwRBDGzTPe1Acz8cVtISbKAWIB+fzIGKXoLEg+BtziPurOwmfPAVJUn3nt+En5nliYzCCYapcXBeT4Ed2/8A5xLEGPC8x2dVWFWFBMyGg26EG+14wVx7huqK9KTTYS2mAFPWOQPyIOM3mKvi3kdPzmMHcI9oUy6aQGJJMyRpMiPdj874uxRUGE3OrqC6X+N5xYQnN28wKZ8ebg/LEs1kBV+1yzakaTo1nUsQYgsORHTnhEldlB7QX1MIGprA2kM2+3ri9rKujVZTi9NVNN2Z0IMB0EK0EAyhLR5YAyuTrBGqNpqp+KmrLGn3tS6mJFx08sJkr0p2b9lZ+M48rZ0olQ0nqodQ91ikjuzJHriL6EeMjX9KTmBHSI+o3x1Squ1j+1Pw0R8JxHMcQoso0UiGG57WSfPUsk+M4GXNg2Cx4esdPyxVmEhrw7jxpSjKalMxKELA8QCfqBiLZijVP2TdmZP2dWwn+q0QZsL3vzwsetqG0331A/ETfFBC/wAgg/SPjiYJawRlnzLUwatIINRFgdFmie7OkXEyed8VZPMJUnT2MDeBUczafeKrYGd/TBmTrVKQimzAEe6JYRPMQQJPlhNwekVFakRpkuobQynQ4kFSIhgCRsQIwW2LuwbyTSHi8TYBlptUdSCI7JNPwLmb+GAaWczFHtKiVOzBu5UaRAJ2BEgb2AGDsnlsqqU6b06wjTqqKTf3tbFSNySCY3g9cenhGWPeXNQCoBp1SAG7QaKksdlWfgQeRxUUr8ltu3AZwvjucM99XGnWNSqdQ1KLRB5n4HB9P2uqq0VKNI9I1L688YHguSrViURAjdq9FERtyiqxgzcQ4g7GcTbIVFBJFSJIMqzCRMgkGA1piZiMH4cr8i98X2PqmV9q6DCTQrC9tK6hHmSsHwj1x5j5WFb8DH+yf3G3rjsFsf1K8oAEJ5Lbn3B87Yvpu3Ilh4N//eFlJaU3rBb79mT9CD6YirTE1aZ8PtR+X54ZYVuHC5hgLq/mQxj1IbE8zUYEGsGXUJDOlmG3NBqGF609iHQREBXI/wD2AwfWPDF9OrU8D/fJ9I/dirIK7DEeiVEEA3mVQjlERUEc+vLbBCZdCO66jbnUX/AGHwwDrfchj4DQ30a/wxKmx50qnmaUfMH8sC0FuHNWlqCKWEU1ISCwsTJk1EGo+OPOxA/3hE8u0o38gGBwlasFMe6Ta6uN/EAHDLh3CatVWI1KqoXJ1VI/CvdaCwLaRvcGcVsL32LaiMoYh5CgsTBIAFyTciMbDheS/R6YLQazDfkqyvIGxlTz6etmQyOXyiKtXSajqdU3MFivd1TC9xTB6+OKeI8SoqrPrHdEjuoWMCwEwSTHXCpfRBJ35KPabjAFIoDpZhC8p5xJsJiN+uMSQ7f7gG9yvZH6OSD6Yrz/ABV6jl9ToDsnZtAG24IJ63JuTiSZ1wJLjf71Jo+M4NQsit92XaG50n32Ba3wJx6tRrytSwneqTuBbUCT5Ygud3/oZ8ARHnY4u/TW5Cn6VWH+XELIHMpck1B+sgt+0uOOapjZ4PX7P9+J0c887AD/AI5Y/CRGLhmyQe7U/aB+rYqzXYl79wQOhhpVgdiUkyN4hoHpi8V1H8KbD8/yxMZon/dExybswPGIBx41Rbjsonl3PppxGWj3t1NufKxF+hkD898R/TOpb0qMPoMQpimSIpFWmQeyJ+EDeefywSMtRJPc9ApEHnbfEwTJRR4gabSl+oNRzI6GcN+H+zKLRNNlam+t3DEgk6oIVvLvC/hzwvpikpDKWDAgiRzBkSDyt0w0zPtUSCp7G8zcg8+snFSlJflRFFPLFHEeB1aBIqAESQGHun92/wA8Uq8QLR0M+XSNsaLJ+0tN6T0q7JOhgDqWQSrBdjcTpvFsVcR9k2L1BQZGQIaqFmMmmD1XexW/O+LZE+wkrMskQCATcAmQJiCfTEaZ8x4akHpeB9cV53KVaR+0XSCRuxAuCRG1jBI8BgbtALaliZPe9PH+RivQu4xpsbm233qiD5Kenpvgykki0TBJJIPgAIO/w8+qhHAFmB8yfyUYJQgnvCmBcyabNeLbkc8VkIM7SIgEE3Fqt+hGlIj1xLUYAJT11DmTeVk7nfC6rmgAA3Ywo0oOzMC/LvAjbEhWgXCg/wDBjcA86i4m36ETJ1a9NQe9TSN4FIk9TLMIHpjs1S0HS9RpIDCWWCDcERVAI8sR/TI++B/dt+TnEGzhmdbExzpMd941AgGNumCSBZ6tVAQwqPqGxDOCDG4IcwfHDbJcbqJABLIG7QIVlTUA0hiRTk2AkTfnhLWzrajo7QJNgZkDlJ7K/wAMVLxJhaGJsJAWT5nsxGCSYLsbrKcYSqalSf0cu5JRQ8EwoLGUFzHyGOxjqnESpg9pI/VPzCRjsFkGyFJdwO61XyFU/wCXFDV6u/Z1T+tpP1pYVLnqfNH/AOYv/bx5+mU/wOf7xf8At4dsZn3obB3iTTfy7OkfrTxcGaJNKpH/AAQf8OnCI8Rp/wDtN/zV/wC1jVZb2Ueq6U6ZCuy0yQ/3WqLr0yovCkGYG4wLVuQk78CvMZhF95Cv61Mr9Kt8Sy1HtqbOoGlWCmBUBkhiI+0M2F/MY1ud9lqlAUMpUdS9SqXbRJADdnTT3gNocm3PGg45w1FzFHLZenTUse0IgKpY/igfhpj0wDkuxdn3EvDPZTse3epUcHL00bSp7peoG0hpEndfUHGmzdb9HoVe0UA0zl8vpUzKpqq7rsxUg+ZwNxnihGTqVkHaNWzRJjmlKw2Bgal+eMVx7ja1HNauKtFna5BYLqNxH2RbZR8MDdsLgY8R44GmoatVbidTsEHICNQUDwjz3xmeKcYavCLUXT+AijUkgkagNZIt0E4X8U4w1Rii5hHpd21UOTPiWpjniulRU7jLkeBUfQgYONO2WA53wgyjlzB+ynx01AP8WL6eWqT/AESQOcVgf2iIwtXIryp0P+afzq3xfRyUXFBLc1cz/jMYtoJNjNy0gQTbbtCvw1gYgVPMP5GvTIjyiDgTsmiyZiOi1CQP2aePftBbTmh/eP8ATsx9cDtCuXmkL90HwVaTfQHFy5Qg6oYD/gIfmIwGus/fzA86YePUxOK3zGneqw/Wo0/oScSxExoMuTfS3/KYfIPi24+9A5Ahx/mwnTNLt20/3FAD6ziw8RZdq6R40/8ASIwO0vdYZNVaLun7Vb+OK9bc6kDr2tS0eGnAtDibt/6mna/9G/zOnFozdW4NSn8aoj4YlrfQm65cM6B/vRHIk1DP7SEYsOcPKoY/WUfVMCstSADUp7RE5nbz54lqNoNPxM1Z/wCrniYIr/Qsq1yTOon+8QfkMdT4vWp+5XKyIjtaJ7pmRDHa5tirW3LTHm23rE4g1Spv9mR5iMWiM2VD2sV0Za9JTNFUVw1MkskhSomAYN7jnHTHVuCZfM1Ka5ar3qqkOfe0VlUVHGlu7tI2+9jGjN22pH+0P34nl+L1abAo6UyCSNLlbkRNm6YvaVcIzPBq69oVLv2baXAWmCohu8TAESrcreOKadAgBiCJJv8AZiY33PXB2T9r81SWoqtRcVJ1moSxO/8A8gjc/HDH2W4/kTRqjN/o4q63NMhS+kMiAx72nvJ1wOxhKpYQsskyTba9G/8A1Y9p5dD1/ao/vwy4TwTLZyo1Kjmaa1S+tZQsWpBIdbwJDQ3xxNPZfss0tCo4Y1BVCQiDU9JSwBJUxNvn54raX4lxSiQSWMDoDQHl4emIVFOoAixMSTQAv1sYHjgytw7NU1mplQoNh/RnlOwnAldH7MOUCqSVBLZdQWF476dMFtK3lGYqQYgHxFWgPnpxfTzBnmP/ALin9AMBhFP3Vnn9plj9ExNqpYKhpqVFgJy56c1p39cFtQLmwtqj8j/+df8ATjsL6gv/AEQH/LP+XHYuxW5iannyxCrTSSQB725sN2xqOOcNWnXeiiAGiqI+5DVdOp270/iG1rHHY7DJ4Ewyb32Y9h6FTLUTWo0yzoGYwJ7/AHhdQCIBAseWKsrm2WvXrUaYZ0DvTQ2DMxFJAZIFlIG/3d8djsZ27tDUrIJyr1MxxNO0I1Uaa6iNtQpyYHTW5jyws4j7UU6XEatQoTo1U0P4SAaU/J/jjsdimWjGcRz9KihdHrsRA0kooMmDcLAMXsMIs/x6nWULVp1mAMj7dbenY+OOx2G0Ypq4uo3wD0amV/BWn9ZcMsuct/8AMPRD/mx5jsHIqB7Ur5abtX9Upj/C5OL6TZc3FWoD/wAMH6nHY7FOKsXGTvYH7LL/APvkDa9M8/1QcX0hRU2zK+Wip/px2OwNi1J2LP0Wkf8A1K/s1R/lxZQyzASuat/ej92Ox2L2k3ZCv0HMPcVdU9GYfCce/wCwc0diZ5faH9+Ox2L2k3HtTgGdEb3/APl/jiFDgefLFSzoAJ1dpqv0gPjsdi1EpyBsxw7OD/eSOraZ6bQcVilmR/vB6W+i47HYCbsyRZNaNeZLITz1Kh+ZQnEmoV2mOy8tFPfx+zx2OwtyYwiMrW200R5U6f8AoxXVylfbTSPTuU9v2MeY7E3MuxUMjmPw0v2Kf+kYkuSqgkGnS25JT3/Zx2OxN7K2otyFXN0JNE9l1NMUl8vu/wA3xKhxbOoQ5clkJYN9nIMXPu47HYLcwUje8D4nVzfDKlXMntClcaWIWdJ0Ae6BsWPwwH7K8Dp5inmMrmZZFrjMU9JKwGV0AkGYjlbHuOxUnZ4LWUB+1fsbRo6TQTSHB0jU3vLH4id5+WFHBuFZetkTmNJ1JW7N5LbMoZTYxzAtjsdi7uzKtlFJ4XQOyiPN/wDVj3HY7AbmFtR//9k=', 4.6);


INSERT INTO Type_of_Tourism (Name, Photo) VALUES ('Cultural', 'https://ykpublishers.co.in/wp-content/uploads/2024/10/CULTURAL-TOURISM-FRONT-WEBSITE.jpg');
INSERT INTO Type_of_Tourism (Name, Photo) VALUES ('Religious', 'https://media.licdn.com/dms/image/v2/C5612AQHeuLY6L0LPkA/article-cover_image-shrink_720_1280/article-cover_image-shrink_720_1280/0/1520179533706?e=2147483647&v=beta&t=Ew2l60cxiRTnYMs2VdKd_kTfIGye9aNesTBaV9gt1ks');
INSERT INTO Type_of_Tourism (Name, Photo) VALUES ('Environmental', 'https://media.istockphoto.com/id/1372488167/photo/a-lake-in-the-shape-of-an-airplane-in-the-middle-of-untouched-nature-a-concept-illustrating.jpg?s=1024x1024&w=is&k=20&c=x5OPzLpKoLWJd0uVE7zMYfBXijBy3h2RC7zOkG371u0=');
INSERT INTO Type_of_Tourism (Name, Photo) VALUES ('Recreational', 'https://www.odu.edu/sites/default/files/banner-images/prts-header.jpg');
INSERT INTO Type_of_Tourism (Name, Photo) VALUES ('Heritage', 'https://media.istockphoto.com/id/1028749698/photo/the-acropolis-of-athens-greece.jpg?s=1024x1024&w=is&k=20&c=aJO8qGbSPjDhzgxHQ8W8aRKw4bdZ-iRQSZMWP_JaNC0=');
INSERT INTO Type_of_Tourism (Name, Photo) VALUES ('Festivals', 'https://media.istockphoto.com/id/1484200613/photo/aerial-view-of-a-fleet-of-hot-air-balloons-in-cappadocia-turkey.jpg?s=1024x1024&w=is&k=20&c=plZxZ16cPGc4ucYbqm_Y4R-mnKpjc8szBwu75rUZ4Jo=');
INSERT INTO Type_of_Tourism (Name, Photo) VALUES ('Historical', 'https://cdn.thecollector.com/wp-content/uploads/2023/07/popular-sites-are-ruined-by-tourism.jpg');
INSERT INTO Type_of_Tourism (Name, Photo) VALUES ('Adventure', 'https://cdn.pixabay.com/photo/2016/11/18/14/16/mountaineer-1834841_960_720.jpg');
INSERT INTO Type_of_Tourism (Name, Photo) VALUES ('Marine', 'https://encrypted-tbn0.gstatic.com/images?q=tbn:ANd9GcSgWgqTekvNvQF1bgJw_GPXEyUj5QYXx19mvA&s');


INSERT INTO Type_of_Tourism_Places (Place_Name, Tourism_Name) VALUES
('Temple of Hathor (Dendera Crypts)', 'Cultural'),
('Sultan Hassan Mosque', 'Religious'),
('Al-Rifa’i Mosque', 'Religious'),
('Al-Asasif Necropolis', 'Cultural'),
('Qasr El-Miqyass (Qasr El-Ghueita)', 'Historical');




INSERT INTO Type_of_Tourism_Places (Place_Name, Tourism_Name) VALUES ('Sharm El-Sheikh Museum', 'Marine');

INSERT INTO Type_of_Tourism_Places (Place_Name, Tourism_Name) VALUES ('Al-Rifa''i Mosque', 'Religious');
INSERT INTO Type_of_Tourism_Places (Place_Name, Tourism_Name) VALUES ('Al-Rifa''i Mosque', 'Historical');

INSERT INTO Type_of_Tourism_Places (Place_Name, Tourism_Name) VALUES ('Salah El-Din Citadel', 'Cultural');
INSERT INTO Type_of_Tourism_Places (Place_Name, Tourism_Name) VALUES ('Salah El-Din Citadel', 'Historical');
INSERT INTO Type_of_Tourism_Places (Place_Name, Tourism_Name) VALUES ('Baron Palace', 'Recreational');
INSERT INTO Type_of_Tourism_Places (Place_Name, Tourism_Name) VALUES ('Islamic Art Museum', 'Cultural');
INSERT INTO Type_of_Tourism_Places (Place_Name, Tourism_Name) VALUES ('Islamic Art Museum', 'Historical');
INSERT INTO Type_of_Tourism_Places (Place_Name, Tourism_Name) VALUES ('Egyptian Museum', 'Cultural');
INSERT INTO Type_of_Tourism_Places (Place_Name, Tourism_Name) VALUES ('Egyptian Museum', 'Historical');
INSERT INTO Type_of_Tourism_Places (Place_Name, Tourism_Name) VALUES ('Giza Pyramids', 'Cultural');
INSERT INTO Type_of_Tourism_Places (Place_Name, Tourism_Name) VALUES ('Giza Pyramids', 'Historical');
INSERT INTO Type_of_Tourism_Places (Place_Name, Tourism_Name) VALUES ('Sphinx', 'Cultural');
INSERT INTO Type_of_Tourism_Places (Place_Name, Tourism_Name) VALUES ('Sphinx', 'Historical');
INSERT INTO Type_of_Tourism_Places (Place_Name, Tourism_Name) VALUES ('Karnak Temple', 'Cultural');
INSERT INTO Type_of_Tourism_Places (Place_Name, Tourism_Name) VALUES ('Karnak Temple', 'Historical');
INSERT INTO Type_of_Tourism_Places (Place_Name, Tourism_Name) VALUES ('Valley of the Kings', 'Cultural');
INSERT INTO Type_of_Tourism_Places (Place_Name, Tourism_Name) VALUES ('Valley of the Kings', 'Historical');
INSERT INTO Type_of_Tourism_Places (Place_Name, Tourism_Name) VALUES ('Abu Simbel Temple', 'Cultural');
INSERT INTO Type_of_Tourism_Places (Place_Name, Tourism_Name) VALUES ('Abu Simbel Temple', 'Historical');
INSERT INTO Type_of_Tourism_Places (Place_Name, Tourism_Name) VALUES ('Philae Temple', 'Cultural');
INSERT INTO Type_of_Tourism_Places (Place_Name, Tourism_Name) VALUES ('Philae Temple', 'Historical');
INSERT INTO Type_of_Tourism_Places (Place_Name, Tourism_Name) VALUES ('Roman Theater', 'Cultural');
INSERT INTO Type_of_Tourism_Places (Place_Name, Tourism_Name) VALUES ('Roman Theater', 'Historical');
INSERT INTO Type_of_Tourism_Places (Place_Name, Tourism_Name) VALUES ('Qaitbay Citadel', 'Cultural');
INSERT INTO Type_of_Tourism_Places (Place_Name, Tourism_Name) VALUES ('Qaitbay Citadel', 'Historical');
INSERT INTO Type_of_Tourism_Places (Place_Name, Tourism_Name) VALUES ('Al-Mawlawi Tekkiyeh', 'Heritage');
INSERT INTO Type_of_Tourism_Places (Place_Name, Tourism_Name) VALUES ('Al-Ghouri Complex (Dome Sabil and House)', 'Heritage');
INSERT INTO Type_of_Tourism_Places (Place_Name, Tourism_Name) VALUES ('Al-Ghouri Wekala', 'Heritage');
INSERT INTO Type_of_Tourism_Places (Place_Name, Tourism_Name) VALUES ('Gamal El-Din Al-Dhahabi House', 'Heritage');
INSERT INTO Type_of_Tourism_Places (Place_Name, Tourism_Name) VALUES ('Ali Labib House', 'Heritage');
INSERT INTO Type_of_Tourism_Places (Place_Name, Tourism_Name) VALUES ('Al-Harawi House', 'Heritage');
INSERT INTO Type_of_Tourism_Places (Place_Name, Tourism_Name) VALUES ('Qaytbay Sabil-Kuttab (Salah Al-Din Street)', 'Heritage');
INSERT INTO Type_of_Tourism_Places (Place_Name, Tourism_Name) VALUES ('Prince Taz Palace', 'Heritage');
INSERT INTO Type_of_Tourism_Places (Place_Name, Tourism_Name) VALUES ('Al-Sitt Wasila House', 'Heritage');
INSERT INTO Type_of_Tourism_Places (Place_Name, Tourism_Name) VALUES ('Ahmad Ibn Tulun Mosque', 'Religious');
INSERT INTO Type_of_Tourism_Places (Place_Name, Tourism_Name) VALUES ('Ahmad Ibn Tulun Mosque', 'Heritage');
INSERT INTO Type_of_Tourism_Places (Place_Name, Tourism_Name) VALUES ('Nileometer', 'Cultural');
INSERT INTO Type_of_Tourism_Places (Place_Name, Tourism_Name) VALUES ('Nileometer', 'Historical');
INSERT INTO Type_of_Tourism_Places (Place_Name, Tourism_Name) VALUES ('Manial Palace', 'Cultural');
INSERT INTO Type_of_Tourism_Places (Place_Name, Tourism_Name) VALUES ('Manial Palace', 'Historical');
INSERT INTO Type_of_Tourism_Places (Place_Name, Tourism_Name) VALUES ('Nafisa Al-Bayda Sabil-Kuttab', 'Heritage');
INSERT INTO Type_of_Tourism_Places (Place_Name, Tourism_Name) VALUES ('Royal Family Tombs', 'Cultural');
INSERT INTO Type_of_Tourism_Places (Place_Name, Tourism_Name) VALUES ('Royal Family Tombs', 'Historical');
INSERT INTO Type_of_Tourism_Places (Place_Name, Tourism_Name) VALUES ('Tree of the Virgin Mary', 'Religious');
INSERT INTO Type_of_Tourism_Places (Place_Name, Tourism_Name) VALUES ('Tree of the Virgin Mary', 'Heritage');
INSERT INTO Type_of_Tourism_Places (Place_Name, Tourism_Name) VALUES ('Al-Zahir Baybars Mosque', 'Religious');
INSERT INTO Type_of_Tourism_Places (Place_Name, Tourism_Name) VALUES ('Al-Zahir Baybars Mosque', 'Heritage');
INSERT INTO Type_of_Tourism_Places (Place_Name, Tourism_Name) VALUES ('The Hanging Church', 'Religious');
INSERT INTO Type_of_Tourism_Places (Place_Name, Tourism_Name) VALUES ('The Hanging Church', 'Heritage');
INSERT INTO Type_of_Tourism_Places (Place_Name, Tourism_Name) VALUES ('Church of Abu Serga', 'Religious');
INSERT INTO Type_of_Tourism_Places (Place_Name, Tourism_Name) VALUES ('Church of Abu Serga', 'Heritage');
INSERT INTO Type_of_Tourism_Places (Place_Name, Tourism_Name) VALUES ('Ben Ezra Synagogue', 'Religious');
INSERT INTO Type_of_Tourism_Places (Place_Name, Tourism_Name) VALUES ('Ben Ezra Synagogue', 'Heritage');
INSERT INTO Type_of_Tourism_Places (Place_Name, Tourism_Name) VALUES ('Amr Ibn Al-As Mosque', 'Religious');
INSERT INTO Type_of_Tourism_Places (Place_Name, Tourism_Name) VALUES ('Amr Ibn Al-As Mosque', 'Heritage');
INSERT INTO Type_of_Tourism_Places (Place_Name, Tourism_Name) VALUES ('Al-Darb Al-Ahmar Tourist Path', 'Heritage');
INSERT INTO Type_of_Tourism_Places (Place_Name, Tourism_Name) VALUES ('Senusret I Obelisk (Matareya)', 'Cultural');
INSERT INTO Type_of_Tourism_Places (Place_Name, Tourism_Name) VALUES ('Senusret I Obelisk (Matareya)', 'Historical');
INSERT INTO Type_of_Tourism_Places (Place_Name, Tourism_Name) VALUES ('The Egyptian Museum (Tahrir Square)', 'Cultural');
INSERT INTO Type_of_Tourism_Places (Place_Name, Tourism_Name) VALUES ('The Egyptian Museum (Tahrir Square)', 'Historical');
INSERT INTO Type_of_Tourism_Places (Place_Name, Tourism_Name) VALUES ('Audio Guide (for Groups) - The Egyptian Museum', 'Cultural');
INSERT INTO Type_of_Tourism_Places (Place_Name, Tourism_Name) VALUES ('Audio Guide (for Groups) - The Egyptian Museum', 'Historical');
INSERT INTO Type_of_Tourism_Places (Place_Name, Tourism_Name) VALUES ('Museum of Islamic Art', 'Cultural');
INSERT INTO Type_of_Tourism_Places (Place_Name, Tourism_Name) VALUES ('Museum of Islamic Art', 'Historical');
INSERT INTO Type_of_Tourism_Places (Place_Name, Tourism_Name) VALUES ('The Coptic Museum', 'Cultural');
INSERT INTO Type_of_Tourism_Places (Place_Name, Tourism_Name) VALUES ('The Coptic Museum', 'Historical');
INSERT INTO Type_of_Tourism_Places (Place_Name, Tourism_Name) VALUES ('Prince Mohammed Ali Palace (Al-Manial Palace Museum)', 'Cultural');
INSERT INTO Type_of_Tourism_Places (Place_Name, Tourism_Name) VALUES ('Prince Mohammed Ali Palace (Al-Manial Palace Museum)', 'Historical');
INSERT INTO Type_of_Tourism_Places (Place_Name, Tourism_Name) VALUES ('Cairo Airport Museum 2', 'Cultural');
INSERT INTO Type_of_Tourism_Places (Place_Name, Tourism_Name) VALUES ('Cairo Airport Museum 2', 'Historical');
INSERT INTO Type_of_Tourism_Places (Place_Name, Tourism_Name) VALUES ('Cairo Airport Museum 3', 'Cultural');
INSERT INTO Type_of_Tourism_Places (Place_Name, Tourism_Name) VALUES ('Cairo Airport Museum 3', 'Historical');
INSERT INTO Type_of_Tourism_Places (Place_Name, Tourism_Name) VALUES ('Royal Carriages Museum', 'Cultural');
INSERT INTO Type_of_Tourism_Places (Place_Name, Tourism_Name) VALUES ('Royal Carriages Museum', 'Historical');
INSERT INTO Type_of_Tourism_Places (Place_Name, Tourism_Name) VALUES ('Farouk Corner Museum', 'Cultural');
INSERT INTO Type_of_Tourism_Places (Place_Name, Tourism_Name) VALUES ('Farouk Corner Museum', 'Historical');
INSERT INTO Type_of_Tourism_Places (Place_Name, Tourism_Name) VALUES ('Gayer-Anderson Museum', 'Cultural');
INSERT INTO Type_of_Tourism_Places (Place_Name, Tourism_Name) VALUES ('Gayer-Anderson Museum', 'Historical');
INSERT INTO Type_of_Tourism_Places (Place_Name, Tourism_Name) VALUES ('National Museum of Egyptian Civilization', 'Cultural');
INSERT INTO Type_of_Tourism_Places (Place_Name, Tourism_Name) VALUES ('National Museum of Egyptian Civilization', 'Historical');
INSERT INTO Type_of_Tourism_Places (Place_Name, Tourism_Name) VALUES ('Giza Pyramids', 'Cultural');
INSERT INTO Type_of_Tourism_Places (Place_Name, Tourism_Name) VALUES ('Giza Pyramids', 'Historical');
INSERT INTO Type_of_Tourism_Places (Place_Name, Tourism_Name) VALUES ('Khufu Pyramid (Interior Visit)', 'Cultural');
INSERT INTO Type_of_Tourism_Places (Place_Name, Tourism_Name) VALUES ('Khufu Pyramid (Interior Visit)', 'Historical');
INSERT INTO Type_of_Tourism_Places (Place_Name, Tourism_Name) VALUES ('Menkaure Pyramid', 'Cultural');
INSERT INTO Type_of_Tourism_Places (Place_Name, Tourism_Name) VALUES ('Menkaure Pyramid', 'Historical');
INSERT INTO Type_of_Tourism_Places (Place_Name, Tourism_Name) VALUES ('The Great Sphinx', 'Cultural');
INSERT INTO Type_of_Tourism_Places (Place_Name, Tourism_Name) VALUES ('The Great Sphinx', 'Historical');
INSERT INTO Type_of_Tourism_Places (Place_Name, Tourism_Name) VALUES ('Meresankh III Tomb', 'Cultural');
INSERT INTO Type_of_Tourism_Places (Place_Name, Tourism_Name) VALUES ('Meresankh III Tomb', 'Historical');
INSERT INTO Type_of_Tourism_Places (Place_Name, Tourism_Name) VALUES ('Workers'' Tombs', 'Cultural');
INSERT INTO Type_of_Tourism_Places (Place_Name, Tourism_Name) VALUES ('Workers'' Tombs', 'Historical');
INSERT INTO Type_of_Tourism_Places (Place_Name, Tourism_Name) VALUES ('Saqqara Necropolis', 'Cultural');
INSERT INTO Type_of_Tourism_Places (Place_Name, Tourism_Name) VALUES ('Saqqara Necropolis', 'Historical');
INSERT INTO Type_of_Tourism_Places (Place_Name, Tourism_Name) VALUES ('Nobles'' Tombs and New Kingdom Tombs (Tombs of Horemheb and Bubastites)', 'Cultural');
INSERT INTO Type_of_Tourism_Places (Place_Name, Tourism_Name) VALUES ('Nobles'' Tombs and New Kingdom Tombs (Tombs of Horemheb and Bubastites)', 'Historical');
INSERT INTO Type_of_Tourism_Places (Place_Name, Tourism_Name) VALUES ('The Serapeum', 'Cultural');
INSERT INTO Type_of_Tourism_Places (Place_Name, Tourism_Name) VALUES ('The Serapeum', 'Historical');
INSERT INTO Type_of_Tourism_Places (Place_Name, Tourism_Name) VALUES ('Tomb of Mereruka', 'Cultural');
INSERT INTO Type_of_Tourism_Places (Place_Name, Tourism_Name) VALUES ('Tomb of Mereruka', 'Historical');
INSERT INTO Type_of_Tourism_Places (Place_Name, Tourism_Name) VALUES ('Comprehensive Ticket for All Saqqara Tombs', 'Cultural');
INSERT INTO Type_of_Tourism_Places (Place_Name, Tourism_Name) VALUES ('Comprehensive Ticket for All Saqqara Tombs', 'Historical');
INSERT INTO Type_of_Tourism_Places (Place_Name, Tourism_Name) VALUES ('Step Pyramid of Djoser (Southern Entrance)', 'Cultural');
INSERT INTO Type_of_Tourism_Places (Place_Name, Tourism_Name) VALUES ('Step Pyramid of Djoser (Southern Entrance)', 'Historical');
INSERT INTO Type_of_Tourism_Places (Place_Name, Tourism_Name) VALUES ('The Southern Tomb', 'Cultural');
INSERT INTO Type_of_Tourism_Places (Place_Name, Tourism_Name) VALUES ('The Southern Tomb', 'Historical');
INSERT INTO Type_of_Tourism_Places (Place_Name, Tourism_Name) VALUES ('Vehicle Tickets for Saqqara Archaeological Area', 'Cultural');
INSERT INTO Type_of_Tourism_Places (Place_Name, Tourism_Name) VALUES ('Vehicle Tickets for Saqqara Archaeological Area', 'Historical');
INSERT INTO Type_of_Tourism_Places (Place_Name, Tourism_Name) VALUES ('Dahshur Archaeological Area', 'Cultural');
INSERT INTO Type_of_Tourism_Places (Place_Name, Tourism_Name) VALUES ('Dahshur Archaeological Area', 'Historical');
INSERT INTO Type_of_Tourism_Places (Place_Name, Tourism_Name) VALUES ('Mit Rahina (Memphis) Archaeological Area', 'Cultural');
INSERT INTO Type_of_Tourism_Places (Place_Name, Tourism_Name) VALUES ('Mit Rahina (Memphis) Archaeological Area', 'Historical');
INSERT INTO Type_of_Tourism_Places (Place_Name, Tourism_Name) VALUES ('Vehicle Tickets for Mit Rahina Archaeological Area', 'Cultural');
INSERT INTO Type_of_Tourism_Places (Place_Name, Tourism_Name) VALUES ('Vehicle Tickets for Mit Rahina Archaeological Area', 'Historical');
INSERT INTO Type_of_Tourism_Places (Place_Name, Tourism_Name) VALUES ('Bahariya Oasis Archaeological Area', 'Environmental');
INSERT INTO Type_of_Tourism_Places (Place_Name, Tourism_Name) VALUES ('Bahariya Oasis Archaeological Area', 'Adventure');
INSERT INTO Type_of_Tourism_Places (Place_Name, Tourism_Name) VALUES ('Qaitbay Citadel (Alexandria)', 'Cultural');
INSERT INTO Type_of_Tourism_Places (Place_Name, Tourism_Name) VALUES ('Qaitbay Citadel (Alexandria)', 'Historical');
INSERT INTO Type_of_Tourism_Places (Place_Name, Tourism_Name) VALUES ('Abu Mena Archaeological Site', 'Cultural');
INSERT INTO Type_of_Tourism_Places (Place_Name, Tourism_Name) VALUES ('Abu Mena Archaeological Site', 'Historical');
INSERT INTO Type_of_Tourism_Places (Place_Name, Tourism_Name) VALUES ('Pompey''s Pillar', 'Cultural');
INSERT INTO Type_of_Tourism_Places (Place_Name, Tourism_Name) VALUES ('Pompey''s Pillar', 'Historical');
INSERT INTO Type_of_Tourism_Places (Place_Name, Tourism_Name) VALUES ('Kom El-Dikka (Roman Theatre)', 'Cultural');
INSERT INTO Type_of_Tourism_Places (Place_Name, Tourism_Name) VALUES ('Kom El-Dikka (Roman Theatre)', 'Historical');
INSERT INTO Type_of_Tourism_Places (Place_Name, Tourism_Name) VALUES ('Kom El-Shoqafa Catacombs', 'Cultural');
INSERT INTO Type_of_Tourism_Places (Place_Name, Tourism_Name) VALUES ('Kom El-Shoqafa Catacombs', 'Historical');
INSERT INTO Type_of_Tourism_Places (Place_Name, Tourism_Name) VALUES ('Mostafa Kamel Tombs', 'Cultural');
INSERT INTO Type_of_Tourism_Places (Place_Name, Tourism_Name) VALUES ('Mostafa Kamel Tombs', 'Historical');
INSERT INTO Type_of_Tourism_Places (Place_Name, Tourism_Name) VALUES ('Anfushi Tombs', 'Cultural');
INSERT INTO Type_of_Tourism_Places (Place_Name, Tourism_Name) VALUES ('Anfushi Tombs', 'Historical');
INSERT INTO Type_of_Tourism_Places (Place_Name, Tourism_Name) VALUES ('Al-Shatby Necropolis', 'Cultural');
INSERT INTO Type_of_Tourism_Places (Place_Name, Tourism_Name) VALUES ('Al-Shatby Necropolis', 'Historical');
INSERT INTO Type_of_Tourism_Places (Place_Name, Tourism_Name) VALUES ('Sunken Monuments of the Eastern Harbor', 'Marine');
INSERT INTO Type_of_Tourism_Places (Place_Name, Tourism_Name) VALUES ('Alexandria National Museum', 'Cultural');
INSERT INTO Type_of_Tourism_Places (Place_Name, Tourism_Name) VALUES ('Alexandria National Museum', 'Historical');
INSERT INTO Type_of_Tourism_Places (Place_Name, Tourism_Name) VALUES ('Royal Jewelry Museum', 'Recreational');
INSERT INTO Type_of_Tourism_Places (Place_Name, Tourism_Name) VALUES ('Greco-Roman Museum', 'Cultural');
INSERT INTO Type_of_Tourism_Places (Place_Name, Tourism_Name) VALUES ('Greco-Roman Museum', 'Historical');
INSERT INTO Type_of_Tourism_Places (Place_Name, Tourism_Name) VALUES ('Suez National Museum', 'Cultural');
INSERT INTO Type_of_Tourism_Places (Place_Name, Tourism_Name) VALUES ('Suez National Museum', 'Historical');
INSERT INTO Type_of_Tourism_Places (Place_Name, Tourism_Name) VALUES ('Ismailia Museum', 'Cultural');
INSERT INTO Type_of_Tourism_Places (Place_Name, Tourism_Name) VALUES ('Ismailia Museum', 'Historical');
INSERT INTO Type_of_Tourism_Places (Place_Name, Tourism_Name) VALUES ('Temple of the Oracle (Siwa)', 'Religious');
INSERT INTO Type_of_Tourism_Places (Place_Name, Tourism_Name) VALUES ('Temple of the Oracle (Siwa)', 'Environmental');
INSERT INTO Type_of_Tourism_Places (Place_Name, Tourism_Name) VALUES ('Mountain of the Dead Tombs (Siwa)', 'Cultural');
INSERT INTO Type_of_Tourism_Places (Place_Name, Tourism_Name) VALUES ('Mountain of the Dead Tombs (Siwa)', 'Historical');
INSERT INTO Type_of_Tourism_Places (Place_Name, Tourism_Name) VALUES ('Matrouh Museum', 'Cultural');
INSERT INTO Type_of_Tourism_Places (Place_Name, Tourism_Name) VALUES ('Matrouh Museum', 'Historical');
INSERT INTO Type_of_Tourism_Places (Place_Name, Tourism_Name) VALUES ('Cave of Rommel Museum', 'Cultural');
INSERT INTO Type_of_Tourism_Places (Place_Name, Tourism_Name) VALUES ('Cave of Rommel Museum', 'Historical');
INSERT INTO Type_of_Tourism_Places (Place_Name, Tourism_Name) VALUES ('Rashid (Rosetta) Monuments', 'Cultural');
INSERT INTO Type_of_Tourism_Places (Place_Name, Tourism_Name) VALUES ('Rashid (Rosetta) Monuments', 'Historical');
INSERT INTO Type_of_Tourism_Places (Place_Name, Tourism_Name) VALUES ('Qaitbay Citadel (Rosetta)', 'Cultural');
INSERT INTO Type_of_Tourism_Places (Place_Name, Tourism_Name) VALUES ('Qaitbay Citadel (Rosetta)', 'Historical');
INSERT INTO Type_of_Tourism_Places (Place_Name, Tourism_Name) VALUES ('Anba Bishoy Monastery', 'Religious');
INSERT INTO Type_of_Tourism_Places (Place_Name, Tourism_Name) VALUES ('Anba Bishoy Monastery', 'Heritage');
INSERT INTO Type_of_Tourism_Places (Place_Name, Tourism_Name) VALUES ('El-Suryan Monastery', 'Religious');
INSERT INTO Type_of_Tourism_Places (Place_Name, Tourism_Name) VALUES ('El-Suryan Monastery', 'Heritage');
INSERT INTO Type_of_Tourism_Places (Place_Name, Tourism_Name) VALUES ('Baramus Monastery', 'Religious');
INSERT INTO Type_of_Tourism_Places (Place_Name, Tourism_Name) VALUES ('Baramus Monastery', 'Heritage');
INSERT INTO Type_of_Tourism_Places (Place_Name, Tourism_Name) VALUES ('Anba Makarios Monastery', 'Religious');
INSERT INTO Type_of_Tourism_Places (Place_Name, Tourism_Name) VALUES ('Anba Makarios Monastery', 'Heritage');
INSERT INTO Type_of_Tourism_Places (Place_Name, Tourism_Name) VALUES ('Kafr El-Sheikh Museum', 'Cultural');
INSERT INTO Type_of_Tourism_Places (Place_Name, Tourism_Name) VALUES ('Kafr El-Sheikh Museum', 'Historical');
INSERT INTO Type_of_Tourism_Places (Place_Name, Tourism_Name) VALUES ('Tanta Museum', 'Cultural');
INSERT INTO Type_of_Tourism_Places (Place_Name, Tourism_Name) VALUES ('Tanta Museum', 'Historical');
INSERT INTO Type_of_Tourism_Places (Place_Name, Tourism_Name) VALUES ('Tell Basta Archaeological Site', 'Cultural');
INSERT INTO Type_of_Tourism_Places (Place_Name, Tourism_Name) VALUES ('Tell Basta Archaeological Site', 'Historical');
INSERT INTO Type_of_Tourism_Places (Place_Name, Tourism_Name) VALUES ('Vehicle Tickets for Tell Basta Archaeological Area', 'Cultural');
INSERT INTO Type_of_Tourism_Places (Place_Name, Tourism_Name) VALUES ('Vehicle Tickets for Tell Basta Archaeological Area', 'Historical');
INSERT INTO Type_of_Tourism_Places (Place_Name, Tourism_Name) VALUES ('San El-Hagar Archaeological Site', 'Cultural');
INSERT INTO Type_of_Tourism_Places (Place_Name, Tourism_Name) VALUES ('San El-Hagar Archaeological Site', 'Historical');
INSERT INTO Type_of_Tourism_Places (Place_Name, Tourism_Name) VALUES ('Tell Basta Museum', 'Cultural');
INSERT INTO Type_of_Tourism_Places (Place_Name, Tourism_Name) VALUES ('Tell Basta Museum', 'Historical');
INSERT INTO Type_of_Tourism_Places (Place_Name, Tourism_Name) VALUES ('Qarun Palace', 'Cultural');
INSERT INTO Type_of_Tourism_Places (Place_Name, Tourism_Name) VALUES ('Qarun Palace', 'Historical');
INSERT INTO Type_of_Tourism_Places (Place_Name, Tourism_Name) VALUES ('Hawara Pyramid', 'Cultural');
INSERT INTO Type_of_Tourism_Places (Place_Name, Tourism_Name) VALUES ('Hawara Pyramid', 'Historical');
INSERT INTO Type_of_Tourism_Places (Place_Name, Tourism_Name) VALUES ('Lahun Pyramid', 'Cultural');
INSERT INTO Type_of_Tourism_Places (Place_Name, Tourism_Name) VALUES ('Lahun Pyramid', 'Historical');
INSERT INTO Type_of_Tourism_Places (Place_Name, Tourism_Name) VALUES ('Karanis Archaeological Area', 'Cultural');
INSERT INTO Type_of_Tourism_Places (Place_Name, Tourism_Name) VALUES ('Karanis Archaeological Area', 'Historical');
INSERT INTO Type_of_Tourism_Places (Place_Name, Tourism_Name) VALUES ('Medinet Madi Temple', 'Cultural');
INSERT INTO Type_of_Tourism_Places (Place_Name, Tourism_Name) VALUES ('Medinet Madi Temple', 'Historical');
INSERT INTO Type_of_Tourism_Places (Place_Name, Tourism_Name) VALUES ('Kom Oshim Museum', 'Cultural');
INSERT INTO Type_of_Tourism_Places (Place_Name, Tourism_Name) VALUES ('Kom Oshim Museum', 'Historical');
INSERT INTO Type_of_Tourism_Places (Place_Name, Tourism_Name) VALUES ('Meidum Pyramid', 'Cultural');
INSERT INTO Type_of_Tourism_Places (Place_Name, Tourism_Name) VALUES ('Meidum Pyramid', 'Historical');
INSERT INTO Type_of_Tourism_Places (Place_Name, Tourism_Name) VALUES ('Sultan Zawiya', 'Heritage');
INSERT INTO Type_of_Tourism_Places (Place_Name, Tourism_Name) VALUES ('Virgin Mary Monastery', 'Religious');
INSERT INTO Type_of_Tourism_Places (Place_Name, Tourism_Name) VALUES ('Virgin Mary Monastery', 'Heritage');
INSERT INTO Type_of_Tourism_Places (Place_Name, Tourism_Name) VALUES ('Tuna El-Gebel', 'Cultural');
INSERT INTO Type_of_Tourism_Places (Place_Name, Tourism_Name) VALUES ('Tuna El-Gebel', 'Historical');
INSERT INTO Type_of_Tourism_Places (Place_Name, Tourism_Name) VALUES ('Vehicle Tickets for Tuna El-Gebel Archaeological Area', 'Cultural');
INSERT INTO Type_of_Tourism_Places (Place_Name, Tourism_Name) VALUES ('Vehicle Tickets for Tuna El-Gebel Archaeological Area', 'Historical');
INSERT INTO Type_of_Tourism_Places (Place_Name, Tourism_Name) VALUES ('Tell El-Amarna', 'Cultural');
INSERT INTO Type_of_Tourism_Places (Place_Name, Tourism_Name) VALUES ('Tell El-Amarna', 'Historical');
INSERT INTO Type_of_Tourism_Places (Place_Name, Tourism_Name) VALUES ('Royal Tomb of Akhenaten', 'Cultural');
INSERT INTO Type_of_Tourism_Places (Place_Name, Tourism_Name) VALUES ('Royal Tomb of Akhenaten', 'Historical');
INSERT INTO Type_of_Tourism_Places (Place_Name, Tourism_Name) VALUES ('Fraser Tombs', 'Cultural');
INSERT INTO Type_of_Tourism_Places (Place_Name, Tourism_Name) VALUES ('Fraser Tombs', 'Historical');
INSERT INTO Type_of_Tourism_Places (Place_Name, Tourism_Name) VALUES ('Beni Hassan Tombs', 'Cultural');
INSERT INTO Type_of_Tourism_Places (Place_Name, Tourism_Name) VALUES ('Beni Hassan Tombs', 'Historical');
INSERT INTO Type_of_Tourism_Places (Place_Name, Tourism_Name) VALUES ('Mallawi Museum', 'Cultural');
INSERT INTO Type_of_Tourism_Places (Place_Name, Tourism_Name) VALUES ('Mallawi Museum', 'Historical');
INSERT INTO Type_of_Tourism_Places (Place_Name, Tourism_Name) VALUES ('Mir Tombs', 'Cultural');
INSERT INTO Type_of_Tourism_Places (Place_Name, Tourism_Name) VALUES ('Mir Tombs', 'Historical');
INSERT INTO Type_of_Tourism_Places (Place_Name, Tourism_Name) VALUES ('El-Hammamiya Tombs', 'Cultural');
INSERT INTO Type_of_Tourism_Places (Place_Name, Tourism_Name) VALUES ('El-Hammamiya Tombs', 'Historical');
INSERT INTO Type_of_Tourism_Places (Place_Name, Tourism_Name) VALUES ('Al-Muharraq Monastery', 'Religious');
INSERT INTO Type_of_Tourism_Places (Place_Name, Tourism_Name) VALUES ('Al-Muharraq Monastery', 'Heritage');
INSERT INTO Type_of_Tourism_Places (Place_Name, Tourism_Name) VALUES ('Mizawqa Tombs', 'Cultural');
INSERT INTO Type_of_Tourism_Places (Place_Name, Tourism_Name) VALUES ('Mizawqa Tombs', 'Historical');
INSERT INTO Type_of_Tourism_Places (Place_Name, Tourism_Name) VALUES ('Al-Dabba and Ain Aseel Forts', 'Cultural');
INSERT INTO Type_of_Tourism_Places (Place_Name, Tourism_Name) VALUES ('Al-Dabba and Ain Aseel Forts', 'Historical');
INSERT INTO Type_of_Tourism_Places (Place_Name, Tourism_Name) VALUES ('Deir El-Hagar Temple', 'Cultural');
INSERT INTO Type_of_Tourism_Places (Place_Name, Tourism_Name) VALUES ('Deir El-Hagar Temple', 'Historical');
INSERT INTO Type_of_Tourism_Places (Place_Name, Tourism_Name) VALUES ('Azbet Bashandi Archaeological Area', 'Cultural');
INSERT INTO Type_of_Tourism_Places (Place_Name, Tourism_Name) VALUES ('Azbet Bashandi Archaeological Area', 'Historical');
INSERT INTO Type_of_Tourism_Places (Place_Name, Tourism_Name) VALUES ('Hibis Temple', 'Cultural');
INSERT INTO Type_of_Tourism_Places (Place_Name, Tourism_Name) VALUES ('Hibis Temple', 'Historical');
INSERT INTO Type_of_Tourism_Places (Place_Name, Tourism_Name) VALUES ('Al-Ghweita Temple', 'Cultural');
INSERT INTO Type_of_Tourism_Places (Place_Name, Tourism_Name) VALUES ('Al-Ghweita Temple', 'Historical');
INSERT INTO Type_of_Tourism_Places (Place_Name, Tourism_Name) VALUES ('Dush Temple', 'Cultural');
INSERT INTO Type_of_Tourism_Places (Place_Name, Tourism_Name) VALUES ('Dush Temple', 'Historical');
INSERT INTO Type_of_Tourism_Places (Place_Name, Tourism_Name) VALUES ('Al-Zayan Temple', 'Cultural');
INSERT INTO Type_of_Tourism_Places (Place_Name, Tourism_Name) VALUES ('Al-Zayan Temple', 'Historical');
INSERT INTO Type_of_Tourism_Places (Place_Name, Tourism_Name) VALUES ('Al-Bagawat Necropolis', 'Cultural');
INSERT INTO Type_of_Tourism_Places (Place_Name, Tourism_Name) VALUES ('Al-Bagawat Necropolis', 'Historical');
INSERT INTO Type_of_Tourism_Places (Place_Name, Tourism_Name) VALUES ('New Valley Museum', 'Cultural');
INSERT INTO Type_of_Tourism_Places (Place_Name, Tourism_Name) VALUES ('New Valley Museum', 'Historical');
INSERT INTO Type_of_Tourism_Places (Place_Name, Tourism_Name) VALUES ('Seti I Temple (Abydos)', 'Cultural');
INSERT INTO Type_of_Tourism_Places (Place_Name, Tourism_Name) VALUES ('Seti I Temple (Abydos)', 'Historical');
INSERT INTO Type_of_Tourism_Places (Place_Name, Tourism_Name) VALUES ('Merit Amun Temple', 'Cultural');
INSERT INTO Type_of_Tourism_Places (Place_Name, Tourism_Name) VALUES ('Merit Amun Temple', 'Historical');
INSERT INTO Type_of_Tourism_Places (Place_Name, Tourism_Name) VALUES ('Shunet El-Zebib and Kom El-Sultan', 'Cultural');
INSERT INTO Type_of_Tourism_Places (Place_Name, Tourism_Name) VALUES ('Shunet El-Zebib and Kom El-Sultan', 'Historical');
INSERT INTO Type_of_Tourism_Places (Place_Name, Tourism_Name) VALUES ('Sheikh Hamad Area', 'Cultural');
INSERT INTO Type_of_Tourism_Places (Place_Name, Tourism_Name) VALUES ('Sheikh Hamad Area', 'Historical');
INSERT INTO Type_of_Tourism_Places (Place_Name, Tourism_Name) VALUES ('Al-Hawawish Tombs', 'Cultural');
INSERT INTO Type_of_Tourism_Places (Place_Name, Tourism_Name) VALUES ('Al-Hawawish Tombs', 'Historical');
INSERT INTO Type_of_Tourism_Places (Place_Name, Tourism_Name) VALUES ('The White Monastery', 'Religious');
INSERT INTO Type_of_Tourism_Places (Place_Name, Tourism_Name) VALUES ('The White Monastery', 'Heritage');
INSERT INTO Type_of_Tourism_Places (Place_Name, Tourism_Name) VALUES ('The Red Monastery', 'Religious');
INSERT INTO Type_of_Tourism_Places (Place_Name, Tourism_Name) VALUES ('The Red Monastery', 'Heritage');
INSERT INTO Type_of_Tourism_Places (Place_Name, Tourism_Name) VALUES ('Sohag National Museum', 'Cultural');
INSERT INTO Type_of_Tourism_Places (Place_Name, Tourism_Name) VALUES ('Sohag National Museum', 'Historical');
INSERT INTO Type_of_Tourism_Places (Place_Name, Tourism_Name) VALUES ('Prince Youssef Kamal Palace', 'Cultural');
INSERT INTO Type_of_Tourism_Places (Place_Name, Tourism_Name) VALUES ('Prince Youssef Kamal Palace', 'Historical');
INSERT INTO Type_of_Tourism_Places (Place_Name, Tourism_Name) VALUES ('Dendera Temple', 'Cultural');
INSERT INTO Type_of_Tourism_Places (Place_Name, Tourism_Name) VALUES ('Dendera Temple', 'Historical');
INSERT INTO Type_of_Tourism_Places (Place_Name, Tourism_Name) VALUES ('Dendera Temple Panorama', 'Cultural');
INSERT INTO Type_of_Tourism_Places (Place_Name, Tourism_Name) VALUES ('Dendera Temple Panorama', 'Historical');
INSERT INTO Type_of_Tourism_Places (Place_Name, Tourism_Name) VALUES ('Dendera Temple Crypts', 'Cultural');
INSERT INTO Type_of_Tourism_Places (Place_Name, Tourism_Name) VALUES ('Dendera Temple Crypts', 'Historical');
INSERT INTO Type_of_Tourism_Places (Place_Name, Tourism_Name) VALUES ('Esna Temple', 'Cultural');
INSERT INTO Type_of_Tourism_Places (Place_Name, Tourism_Name) VALUES ('Esna Temple', 'Historical');
INSERT INTO Type_of_Tourism_Places (Place_Name, Tourism_Name) VALUES ('El-Tod Temple', 'Cultural');
INSERT INTO Type_of_Tourism_Places (Place_Name, Tourism_Name) VALUES ('El-Tod Temple', 'Historical');
INSERT INTO Type_of_Tourism_Places (Place_Name, Tourism_Name) VALUES ('Al-Ma''ala Tombs', 'Cultural');
INSERT INTO Type_of_Tourism_Places (Place_Name, Tourism_Name) VALUES ('Al-Ma''ala Tombs', 'Historical');
INSERT INTO Type_of_Tourism_Places (Place_Name, Tourism_Name) VALUES ('Al-Jadawi Wekala', 'Heritage');
INSERT INTO Type_of_Tourism_Places (Place_Name, Tourism_Name) VALUES ('Karnak Temples', 'Cultural');
INSERT INTO Type_of_Tourism_Places (Place_Name, Tourism_Name) VALUES ('Karnak Temples', 'Historical');
INSERT INTO Type_of_Tourism_Places (Place_Name, Tourism_Name) VALUES ('Mut Temple (Karnak Complex)', 'Cultural');
INSERT INTO Type_of_Tourism_Places (Place_Name, Tourism_Name) VALUES ('Mut Temple (Karnak Complex)', 'Historical');
INSERT INTO Type_of_Tourism_Places (Place_Name, Tourism_Name) VALUES ('Luxor Temple', 'Cultural');
INSERT INTO Type_of_Tourism_Places (Place_Name, Tourism_Name) VALUES ('Luxor Temple', 'Historical');
INSERT INTO Type_of_Tourism_Places (Place_Name, Tourism_Name) VALUES ('Valley of the Kings', 'Cultural');
INSERT INTO Type_of_Tourism_Places (Place_Name, Tourism_Name) VALUES ('Valley of the Kings', 'Historical');
INSERT INTO Type_of_Tourism_Places (Place_Name, Tourism_Name) VALUES ('Tutankhamun''s Tomb', 'Cultural');
INSERT INTO Type_of_Tourism_Places (Place_Name, Tourism_Name) VALUES ('Tutankhamun''s Tomb', 'Historical');
INSERT INTO Type_of_Tourism_Places (Place_Name, Tourism_Name) VALUES ('Ramses V & VI Tomb', 'Cultural');
INSERT INTO Type_of_Tourism_Places (Place_Name, Tourism_Name) VALUES ('Ramses V & VI Tomb', 'Historical');
INSERT INTO Type_of_Tourism_Places (Place_Name, Tourism_Name) VALUES ('Seti I Tomb', 'Cultural');
INSERT INTO Type_of_Tourism_Places (Place_Name, Tourism_Name) VALUES ('Seti I Tomb', 'Historical');
INSERT INTO Type_of_Tourism_Places (Place_Name, Tourism_Name) VALUES ('Ay Tomb', 'Cultural');
INSERT INTO Type_of_Tourism_Places (Place_Name, Tourism_Name) VALUES ('Ay Tomb', 'Historical');
INSERT INTO Type_of_Tourism_Places (Place_Name, Tourism_Name) VALUES ('Deir El-Bahari (Hatshepsut Temple)', 'Cultural');
INSERT INTO Type_of_Tourism_Places (Place_Name, Tourism_Name) VALUES ('Deir El-Bahari (Hatshepsut Temple)', 'Historical');
INSERT INTO Type_of_Tourism_Places (Place_Name, Tourism_Name) VALUES ('Deir El-Medina', 'Cultural');
INSERT INTO Type_of_Tourism_Places (Place_Name, Tourism_Name) VALUES ('Deir El-Medina', 'Historical');
INSERT INTO Type_of_Tourism_Places (Place_Name, Tourism_Name) VALUES ('Pashedu Tomb', 'Cultural');
INSERT INTO Type_of_Tourism_Places (Place_Name, Tourism_Name) VALUES ('Pashedu Tomb', 'Historical');
INSERT INTO Type_of_Tourism_Places (Place_Name, Tourism_Name) VALUES ('Medinet Habu Temple', 'Cultural');
INSERT INTO Type_of_Tourism_Places (Place_Name, Tourism_Name) VALUES ('Medinet Habu Temple', 'Historical');
INSERT INTO Type_of_Tourism_Places (Place_Name, Tourism_Name) VALUES ('Valley of the Queens', 'Cultural');
INSERT INTO Type_of_Tourism_Places (Place_Name, Tourism_Name) VALUES ('Valley of the Queens', 'Historical');
INSERT INTO Type_of_Tourism_Places (Place_Name, Tourism_Name) VALUES ('Nefertari Tomb', 'Cultural');
INSERT INTO Type_of_Tourism_Places (Place_Name, Tourism_Name) VALUES ('Nefertari Tomb', 'Historical');
INSERT INTO Type_of_Tourism_Places (Place_Name, Tourism_Name) VALUES ('Ramose Tomb', 'Cultural');
INSERT INTO Type_of_Tourism_Places (Place_Name, Tourism_Name) VALUES ('Ramose Tomb', 'Historical');
INSERT INTO Type_of_Tourism_Places (Place_Name, Tourism_Name) VALUES ('Ramesseum Temple', 'Cultural');
INSERT INTO Type_of_Tourism_Places (Place_Name, Tourism_Name) VALUES ('Ramesseum Temple', 'Historical');
INSERT INTO Type_of_Tourism_Places (Place_Name, Tourism_Name) VALUES ('Carter House & Tutankhamun''s Replica Tomb', 'Cultural');
INSERT INTO Type_of_Tourism_Places (Place_Name, Tourism_Name) VALUES ('Carter House & Tutankhamun''s Replica Tomb', 'Historical');
INSERT INTO Type_of_Tourism_Places (Place_Name, Tourism_Name) VALUES ('Menna & Nakht Tombs', 'Cultural');
INSERT INTO Type_of_Tourism_Places (Place_Name, Tourism_Name) VALUES ('Menna & Nakht Tombs', 'Historical');
INSERT INTO Type_of_Tourism_Places (Place_Name, Tourism_Name) VALUES ('Rekhmire & Sennefer Tombs', 'Cultural');
INSERT INTO Type_of_Tourism_Places (Place_Name, Tourism_Name) VALUES ('Rekhmire & Sennefer Tombs', 'Historical');
INSERT INTO Type_of_Tourism_Places (Place_Name, Tourism_Name) VALUES ('Seti I Temple', 'Cultural');
INSERT INTO Type_of_Tourism_Places (Place_Name, Tourism_Name) VALUES ('Seti I Temple', 'Historical');
INSERT INTO Type_of_Tourism_Places (Place_Name, Tourism_Name) VALUES ('Userhat & Khaemwaset Tombs', 'Cultural');
INSERT INTO Type_of_Tourism_Places (Place_Name, Tourism_Name) VALUES ('Userhat & Khaemwaset Tombs', 'Historical');
INSERT INTO Type_of_Tourism_Places (Place_Name, Tourism_Name) VALUES ('El-Asasif Necropolis', 'Cultural');
INSERT INTO Type_of_Tourism_Places (Place_Name, Tourism_Name) VALUES ('El-Asasif Necropolis', 'Historical');
INSERT INTO Type_of_Tourism_Places (Place_Name, Tourism_Name) VALUES ('Baba Tomb', 'Cultural');
INSERT INTO Type_of_Tourism_Places (Place_Name, Tourism_Name) VALUES ('Baba Tomb', 'Historical');
INSERT INTO Type_of_Tourism_Places (Place_Name, Tourism_Name) VALUES ('El-Khokha Tombs', 'Cultural');
INSERT INTO Type_of_Tourism_Places (Place_Name, Tourism_Name) VALUES ('El-Khokha Tombs', 'Historical');
INSERT INTO Type_of_Tourism_Places (Place_Name, Tourism_Name) VALUES ('Sheikh Abd El-Qurna North Tombs', 'Cultural');
INSERT INTO Type_of_Tourism_Places (Place_Name, Tourism_Name) VALUES ('Sheikh Abd El-Qurna North Tombs', 'Historical');
INSERT INTO Type_of_Tourism_Places (Place_Name, Tourism_Name) VALUES ('Sheikh Abd El-Qurna South Tombs', 'Cultural');
INSERT INTO Type_of_Tourism_Places (Place_Name, Tourism_Name) VALUES ('Sheikh Abd El-Qurna South Tombs', 'Historical');
INSERT INTO Type_of_Tourism_Places (Place_Name, Tourism_Name) VALUES ('Isis Temple (Deir Shalwit)', 'Cultural');
INSERT INTO Type_of_Tourism_Places (Place_Name, Tourism_Name) VALUES ('Isis Temple (Deir Shalwit)', 'Historical');
INSERT INTO Type_of_Tourism_Places (Place_Name, Tourism_Name) VALUES ('Qurna Merai Necropolis', 'Cultural');
INSERT INTO Type_of_Tourism_Places (Place_Name, Tourism_Name) VALUES ('Qurna Merai Necropolis', 'Historical');
INSERT INTO Type_of_Tourism_Places (Place_Name, Tourism_Name) VALUES ('Merenptah Temple', 'Cultural');
INSERT INTO Type_of_Tourism_Places (Place_Name, Tourism_Name) VALUES ('Merenptah Temple', 'Historical');
INSERT INTO Type_of_Tourism_Places (Place_Name, Tourism_Name) VALUES ('Colossi of Memnon', 'Cultural');
INSERT INTO Type_of_Tourism_Places (Place_Name, Tourism_Name) VALUES ('Colossi of Memnon', 'Historical');
INSERT INTO Type_of_Tourism_Places (Place_Name, Tourism_Name) VALUES ('Mummification Museum', 'Cultural');
INSERT INTO Type_of_Tourism_Places (Place_Name, Tourism_Name) VALUES ('Mummification Museum', 'Historical');
INSERT INTO Type_of_Tourism_Places (Place_Name, Tourism_Name) VALUES ('Luxor Museum', 'Cultural');
INSERT INTO Type_of_Tourism_Places (Place_Name, Tourism_Name) VALUES ('Luxor Museum', 'Historical');
INSERT INTO Type_of_Tourism_Places (Place_Name, Tourism_Name) VALUES ('Audio Guide - Luxor Museum', 'Cultural');
INSERT INTO Type_of_Tourism_Places (Place_Name, Tourism_Name) VALUES ('Audio Guide - Luxor Museum', 'Historical');
INSERT INTO Type_of_Tourism_Places (Place_Name, Tourism_Name) VALUES ('Anba Samaan Monastery', 'Religious');
INSERT INTO Type_of_Tourism_Places (Place_Name, Tourism_Name) VALUES ('Anba Samaan Monastery', 'Heritage');
INSERT INTO Type_of_Tourism_Places (Place_Name, Tourism_Name) VALUES ('Abu Simbel Temples', 'Cultural');
INSERT INTO Type_of_Tourism_Places (Place_Name, Tourism_Name) VALUES ('Abu Simbel Temples', 'Historical');
INSERT INTO Type_of_Tourism_Places (Place_Name, Tourism_Name) VALUES ('Sun Festival (Abu Simbel Temples October 22 & February 22)', 'Festivals');
INSERT INTO Type_of_Tourism_Places (Place_Name, Tourism_Name) VALUES ('Sun Festival (Abu Simbel Temples October 22 & February 22)', 'Cultural');
INSERT INTO Type_of_Tourism_Places (Place_Name, Tourism_Name) VALUES ('Vehicle Tickets for Abu Simbel Temples', 'Cultural');
INSERT INTO Type_of_Tourism_Places (Place_Name, Tourism_Name) VALUES ('Vehicle Tickets for Abu Simbel Temples', 'Historical');
INSERT INTO Type_of_Tourism_Places (Place_Name, Tourism_Name) VALUES ('Philae Temples', 'Cultural');
INSERT INTO Type_of_Tourism_Places (Place_Name, Tourism_Name) VALUES ('Philae Temples', 'Historical');
INSERT INTO Type_of_Tourism_Places (Place_Name, Tourism_Name) VALUES ('Philae Temples Panorama', 'Cultural');
INSERT INTO Type_of_Tourism_Places (Place_Name, Tourism_Name) VALUES ('Philae Temples Panorama', 'Historical');
INSERT INTO Type_of_Tourism_Places (Place_Name, Tourism_Name) VALUES ('Edfu Temple', 'Cultural');
INSERT INTO Type_of_Tourism_Places (Place_Name, Tourism_Name) VALUES ('Edfu Temple', 'Historical');
INSERT INTO Type_of_Tourism_Places (Place_Name, Tourism_Name) VALUES ('Kom Ombo Temple', 'Cultural');
INSERT INTO Type_of_Tourism_Places (Place_Name, Tourism_Name) VALUES ('Kom Ombo Temple', 'Historical');
INSERT INTO Type_of_Tourism_Places (Place_Name, Tourism_Name) VALUES ('Vehicle Tickets for Kom Ombo Temple', 'Cultural');
INSERT INTO Type_of_Tourism_Places (Place_Name, Tourism_Name) VALUES ('Vehicle Tickets for Kom Ombo Temple', 'Historical');
INSERT INTO Type_of_Tourism_Places (Place_Name, Tourism_Name) VALUES ('Qubbet El-Hawa', 'Environmental');
INSERT INTO Type_of_Tourism_Places (Place_Name, Tourism_Name) VALUES ('Qubbet El-Hawa', 'Adventure');
INSERT INTO Type_of_Tourism_Places (Place_Name, Tourism_Name) VALUES ('Elephantine Island', 'Environmental');
INSERT INTO Type_of_Tourism_Places (Place_Name, Tourism_Name) VALUES ('Elephantine Island', 'Adventure');
INSERT INTO Type_of_Tourism_Places (Place_Name, Tourism_Name) VALUES ('Unfinished Obelisk', 'Cultural');
INSERT INTO Type_of_Tourism_Places (Place_Name, Tourism_Name) VALUES ('Unfinished Obelisk', 'Historical');
INSERT INTO Type_of_Tourism_Places (Place_Name, Tourism_Name) VALUES ('Kalabsha Temples', 'Cultural');
INSERT INTO Type_of_Tourism_Places (Place_Name, Tourism_Name) VALUES ('Kalabsha Temples', 'Historical');
INSERT INTO Type_of_Tourism_Places (Place_Name, Tourism_Name) VALUES ('El-Kab', 'Cultural');
INSERT INTO Type_of_Tourism_Places (Place_Name, Tourism_Name) VALUES ('El-Kab', 'Historical');
INSERT INTO Type_of_Tourism_Places (Place_Name, Tourism_Name) VALUES ('Amada Temples', 'Cultural');
INSERT INTO Type_of_Tourism_Places (Place_Name, Tourism_Name) VALUES ('Amada Temples', 'Historical');
INSERT INTO Type_of_Tourism_Places (Place_Name, Tourism_Name) VALUES ('Wadi El-Seboua Temples', 'Cultural');
INSERT INTO Type_of_Tourism_Places (Place_Name, Tourism_Name) VALUES ('Wadi El-Seboua Temples', 'Historical');
INSERT INTO Type_of_Tourism_Places (Place_Name, Tourism_Name) VALUES ('Seheil Island', 'Environmental');
INSERT INTO Type_of_Tourism_Places (Place_Name, Tourism_Name) VALUES ('Seheil Island', 'Adventure');
INSERT INTO Type_of_Tourism_Places (Place_Name, Tourism_Name) VALUES ('Gebel Silsila', 'Environmental');
INSERT INTO Type_of_Tourism_Places (Place_Name, Tourism_Name) VALUES ('Gebel Silsila', 'Adventure');
INSERT INTO Type_of_Tourism_Places (Place_Name, Tourism_Name) VALUES ('Isis Temple', 'Cultural');
INSERT INTO Type_of_Tourism_Places (Place_Name, Tourism_Name) VALUES ('Isis Temple', 'Historical');
INSERT INTO Type_of_Tourism_Places (Place_Name, Tourism_Name) VALUES ('Nubian Museum', 'Cultural');
INSERT INTO Type_of_Tourism_Places (Place_Name, Tourism_Name) VALUES ('Nubian Museum', 'Historical');
INSERT INTO Type_of_Tourism_Places (Place_Name, Tourism_Name) VALUES ('Crocodile Museum (Kom Ombo)', 'Cultural');
INSERT INTO Type_of_Tourism_Places (Place_Name, Tourism_Name) VALUES ('Crocodile Museum (Kom Ombo)', 'Historical');
INSERT INTO Type_of_Tourism_Places (Place_Name, Tourism_Name) VALUES ('El-Quseir Citadel', 'Cultural');
INSERT INTO Type_of_Tourism_Places (Place_Name, Tourism_Name) VALUES ('El-Quseir Citadel', 'Historical');
INSERT INTO Type_of_Tourism_Places (Place_Name, Tourism_Name) VALUES ('Anba Paula Monastery', 'Religious');
INSERT INTO Type_of_Tourism_Places (Place_Name, Tourism_Name) VALUES ('Anba Paula Monastery', 'Heritage');
INSERT INTO Type_of_Tourism_Places (Place_Name, Tourism_Name) VALUES ('Anba Antonius Monastery', 'Religious');
INSERT INTO Type_of_Tourism_Places (Place_Name, Tourism_Name) VALUES ('Anba Antonius Monastery', 'Heritage');
INSERT INTO Type_of_Tourism_Places (Place_Name, Tourism_Name) VALUES ('Hurghada Museum', 'Cultural');
INSERT INTO Type_of_Tourism_Places (Place_Name, Tourism_Name) VALUES ('Hurghada Museum', 'Historical');
INSERT INTO Type_of_Tourism_Places (Place_Name, Tourism_Name) VALUES ('Salah El-Din Citadel (Taba)', 'Cultural');
INSERT INTO Type_of_Tourism_Places (Place_Name, Tourism_Name) VALUES ('Salah El-Din Citadel (Taba)', 'Historical');
INSERT INTO Type_of_Tourism_Places (Place_Name, Tourism_Name) VALUES ('St. Catherine''s Monastery', 'Religious');
INSERT INTO Type_of_Tourism_Places (Place_Name, Tourism_Name) VALUES ('St. Catherine''s Monastery', 'Heritage');
INSERT INTO Type_of_Tourism_Places (Place_Name, Tourism_Name) VALUES ('Sharm El-Sheikh Museum', 'Cultural');
INSERT INTO Type_of_Tourism_Places (Place_Name, Tourism_Name) VALUES ('Sharm El-Sheikh Museum', 'Historical');


insert into Programs (Name)
values  ('Adventure Program') ,('Beach Program') , 
('Historical Program') , ('Major Cities Program') , ('Relaxation Program') ;





INSERT INTO Program_Places (Place_Name, Program_Name) VALUES ('Giza Pyramids', 'Historical Program');
INSERT INTO Program_Places (Place_Name, Program_Name) VALUES ('Sphinx', 'Historical Program');
INSERT INTO Program_Places (Place_Name, Program_Name) VALUES ('Valley of the Kings', 'Historical Program');
INSERT INTO Program_Places (Place_Name, Program_Name) VALUES ('Karnak Temple', 'Historical Program');
INSERT INTO Program_Places (Place_Name, Program_Name) VALUES ('Abu Simbel Temples', 'Historical Program');
INSERT INTO Program_Places (Place_Name, Program_Name) VALUES ('Philae Temple', 'Historical Program');
INSERT INTO Program_Places (Place_Name, Program_Name) VALUES ('Egyptian Museum', 'Historical Program');
INSERT INTO Program_Places (Place_Name, Program_Name) VALUES ('Salah El-Din Citadel', 'Historical Program');
INSERT INTO Program_Places (Place_Name, Program_Name) VALUES ('Luxor Temple', 'Historical Program');
INSERT INTO Program_Places (Place_Name, Program_Name) VALUES ('Dendera Temple', 'Historical Program');
INSERT INTO Program_Places (Place_Name, Program_Name) VALUES ('Edfu Temple', 'Historical Program');
INSERT INTO Program_Places (Place_Name, Program_Name) VALUES ('Kom Ombo Temple', 'Historical Program');
INSERT INTO Program_Places (Place_Name, Program_Name) VALUES ('Qaitbay Citadel (Alexandria)', 'Historical Program');
INSERT INTO Program_Places (Place_Name, Program_Name) VALUES ('Pompey''s Pillar', 'Historical Program');
INSERT INTO Program_Places (Place_Name, Program_Name) VALUES ('Kom El-Shoqafa Catacombs', 'Historical Program');
INSERT INTO Program_Places (Place_Name, Program_Name) VALUES ('St. Catherine''s Monastery', 'Historical Program');
INSERT INTO Program_Places (Place_Name, Program_Name) VALUES ('Saqqara Necropolis', 'Historical Program');
INSERT INTO Program_Places (Place_Name, Program_Name) VALUES ('Step Pyramid of Djoser (Southern Entrance)', 'Historical Program');
INSERT INTO Program_Places (Place_Name, Program_Name) VALUES ('Dahshur Archaeological Area', 'Historical Program');
INSERT INTO Program_Places (Place_Name, Program_Name) VALUES ('Museum of Islamic Art', 'Historical Program');
INSERT INTO Program_Places (Place_Name, Program_Name) VALUES ('The Coptic Museum', 'Historical Program');
INSERT INTO Program_Places (Place_Name, Program_Name) VALUES ('National Museum of Egyptian Civilization', 'Historical Program');
INSERT INTO Program_Places (Place_Name, Program_Name) VALUES ('Ramesseum Temple', 'Historical Program');
INSERT INTO Program_Places (Place_Name, Program_Name) VALUES ('Colossi of Memnon', 'Historical Program');
INSERT INTO Program_Places (Place_Name, Program_Name) VALUES ('Deir El-Bahari (Hatshepsut Temple)', 'Historical Program');
INSERT INTO Program_Places (Place_Name, Program_Name) VALUES ('Valley of the Queens', 'Historical Program');
INSERT INTO Program_Places (Place_Name, Program_Name) VALUES ('Nefertari Tomb', 'Historical Program');
INSERT INTO Program_Places (Place_Name, Program_Name) VALUES ('Unfinished Obelisk', 'Historical Program');
INSERT INTO Program_Places (Place_Name, Program_Name) VALUES ('Kalabsha Temples', 'Historical Program');
INSERT INTO Program_Places (Place_Name, Program_Name) VALUES ('Nubian Museum', 'Historical Program');
INSERT INTO Program_Places (Place_Name, Program_Name) VALUES ('Greco-Roman Museum', 'Historical Program');
INSERT INTO Program_Places (Place_Name, Program_Name) VALUES ('Roman Theater', 'Historical Program');
INSERT INTO Program_Places (Place_Name, Program_Name) VALUES ('Temple of the Oracle (Siwa)', 'Historical Program');
INSERT INTO Program_Places (Place_Name, Program_Name) VALUES ('Al-Bagawat Necropolis', 'Historical Program');
INSERT INTO Program_Places (Place_Name, Program_Name) VALUES ('Seti I Tomb', 'Historical Program');
INSERT INTO Program_Places (Place_Name, Program_Name) VALUES ('The White Monastery', 'Historical Program');
INSERT INTO Program_Places (Place_Name, Program_Name) VALUES ('The Red Monastery', 'Historical Program');
INSERT INTO Program_Places (Place_Name, Program_Name) VALUES ('Deir El-Hagar Temple', 'Historical Program');
INSERT INTO Program_Places (Place_Name, Program_Name) VALUES ('Esna Temple', 'Historical Program');
INSERT INTO Program_Places (Place_Name, Program_Name) VALUES ('Qubbet El-Hawa', 'Historical Program');
INSERT INTO Program_Places (Place_Name, Program_Name) VALUES ('Elephantine Island', 'Historical Program');
INSERT INTO Program_Places (Place_Name, Program_Name) VALUES ('Gebel Silsila', 'Historical Program');
INSERT INTO Program_Places (Place_Name, Program_Name) VALUES ('Al-Zahir Baybars Mosque', 'Historical Program');
INSERT INTO Program_Places (Place_Name, Program_Name) VALUES ('Sultan Hassan Mosque', 'Historical Program');
INSERT INTO Program_Places (Place_Name, Program_Name) VALUES ('Al-Rifa''i Mosque', 'Historical Program');
INSERT INTO Program_Places (Place_Name, Program_Name) VALUES ('Al-Ghouri Complex (Dome Sabil and House)', 'Historical Program');
INSERT INTO Program_Places (Place_Name, Program_Name) VALUES ('Ahmad Ibn Tulun Mosque', 'Historical Program');
INSERT INTO Program_Places (Place_Name, Program_Name) VALUES ('Church of Abu Serga', 'Historical Program');
INSERT INTO Program_Places (Place_Name, Program_Name) VALUES ('Ben Ezra Synagogue', 'Historical Program');
INSERT INTO Program_Places (Place_Name, Program_Name) VALUES ('Amr Ibn Al-As Mosque', 'Historical Program');
INSERT INTO Program_Places (Place_Name, Program_Name) VALUES ('Nobles'' Tombs and New Kingdom Tombs (Tombs of Horemheb and Bubastites)', 'Historical Program');
INSERT INTO Program_Places (Place_Name, Program_Name) VALUES ('Mit Rahina (Memphis) Archaeological Area', 'Historical Program');
INSERT INTO Program_Places (Place_Name, Program_Name) VALUES ('Beni Hassan Tombs', 'Historical Program');
INSERT INTO Program_Places (Place_Name, Program_Name) VALUES ('Tuna El-Gebel', 'Historical Program');
INSERT INTO Program_Places (Place_Name, Program_Name) VALUES ('Tell El-Amarna', 'Historical Program');
INSERT INTO Program_Places (Place_Name, Program_Name) VALUES ('Deir El-Medina', 'Historical Program');
INSERT INTO Program_Places (Place_Name, Program_Name) VALUES ('Rekhmire & Sennefer Tombs', 'Historical Program');
INSERT INTO Program_Places (Place_Name, Program_Name) VALUES ('Ramose Tomb', 'Historical Program');
INSERT INTO Program_Places (Place_Name, Program_Name) VALUES ('Sheikh Abd El-Qurna North Tombs', 'Historical Program');
INSERT INTO Program_Places (Place_Name, Program_Name) VALUES ('Mummification Museum', 'Historical Program');
INSERT INTO Program_Places (Place_Name, Program_Name) VALUES ('Luxor Museum', 'Historical Program');
INSERT INTO Program_Places (Place_Name, Program_Name) VALUES ('Merenptah Temple', 'Historical Program');
INSERT INTO Program_Places (Place_Name, Program_Name) VALUES ('Al-Asasif Necropolis', 'Historical Program');
INSERT INTO Program_Places (Place_Name, Program_Name) VALUES ('Temple of Hathor (Dendera Crypts)', 'Historical Program');
INSERT INTO Program_Places (Place_Name, Program_Name) VALUES ('El-Tod Temple', 'Historical Program');
INSERT INTO Program_Places (Place_Name, Program_Name) VALUES ('Isis Temple (Deir Shalwit)', 'Historical Program');
INSERT INTO Program_Places (Place_Name, Program_Name) VALUES ('Wadi El-Seboua Temples', 'Historical Program');
INSERT INTO Program_Places (Place_Name, Program_Name) VALUES ('Amada Temples', 'Historical Program');
INSERT INTO Program_Places (Place_Name, Program_Name) VALUES ('Crocodile Museum (Kom Ombo)', 'Historical Program');
INSERT INTO Program_Places (Place_Name, Program_Name) VALUES ('Rashid (Rosetta) Monuments', 'Historical Program');
INSERT INTO Program_Places (Place_Name, Program_Name) VALUES ('Qaitbay Citadel (Rosetta)', 'Historical Program');
INSERT INTO Program_Places (Place_Name, Program_Name) VALUES ('Hibis Temple', 'Historical Program');
INSERT INTO Program_Places (Place_Name, Program_Name) VALUES ('Al-Ghweita Temple', 'Historical Program');
INSERT INTO Program_Places (Place_Name, Program_Name) VALUES ('Dush Temple', 'Historical Program');
INSERT INTO Program_Places (Place_Name, Program_Name) VALUES ('Bahariya Oasis Archaeological Area', 'Historical Program');
INSERT INTO Program_Places (Place_Name, Program_Name) VALUES ('Qasr El-Miqyass (Qasr El-Ghueita)', 'Historical Program');
INSERT INTO Program_Places (Place_Name, Program_Name) VALUES ('Karanis Archaeological Area', 'Historical Program');
INSERT INTO Program_Places (Place_Name, Program_Name) VALUES ('Medinet Madi Temple', 'Historical Program');
INSERT INTO Program_Places (Place_Name, Program_Name) VALUES ('Hawara Pyramid', 'Historical Program');
INSERT INTO Program_Places (Place_Name, Program_Name) VALUES ('Lahun Pyramid', 'Historical Program');
INSERT INTO Program_Places (Place_Name, Program_Name) VALUES ('Meidum Pyramid', 'Historical Program');
INSERT INTO Program_Places (Place_Name, Program_Name) VALUES ('Alexandria National Museum', 'Historical Program');
INSERT INTO Program_Places (Place_Name, Program_Name) VALUES ('Royal Jewelry Museum', 'Historical Program');
INSERT INTO Program_Places (Place_Name, Program_Name) VALUES ('Sunken Monuments of the Eastern Harbor', 'Historical Program');
INSERT INTO Program_Places (Place_Name, Program_Name) VALUES ('Abu Mena Archaeological Site', 'Historical Program');
INSERT INTO Program_Places (Place_Name, Program_Name) VALUES ('Gayer-Anderson Museum', 'Historical Program');
INSERT INTO Program_Places (Place_Name, Program_Name) VALUES ('Tutankhamun''s Tomb', 'Historical Program');
INSERT INTO Program_Places (Place_Name, Program_Name) VALUES ('Ramses V & VI Tomb', 'Historical Program');
INSERT INTO Program_Places (Place_Name, Program_Name) VALUES ('Seti I Tomb', 'Historical Program');
INSERT INTO Program_Places (Place_Name, Program_Name) VALUES ('Medinet Habu Temple', 'Historical Program');
INSERT INTO Program_Places (Place_Name, Program_Name) VALUES ('Anba Samaan Monastery', 'Historical Program');
INSERT INTO Program_Places (Place_Name, Program_Name) VALUES ('Tell Basta Museum', 'Historical Program');
INSERT INTO Program_Places (Place_Name, Program_Name) VALUES ('Nileometer', 'Historical Program');
INSERT INTO Program_Places (Place_Name, Program_Name) VALUES ('Senusret I Obelisk (Matareya)', 'Historical Program');
INSERT INTO Program_Places (Place_Name, Program_Name) VALUES ('Deir El-Bahari (Hatshepsut Temple)', 'Historical Program');
INSERT INTO Program_Places (Place_Name, Program_Name) VALUES ('Baron Palace', 'Major Cities Program');
INSERT INTO Program_Places (Place_Name, Program_Name) VALUES ('Manial Palace', 'Major Cities Program');
INSERT INTO Program_Places (Place_Name, Program_Name) VALUES ('Prince Mohammed Ali Palace (Al-Manial Palace Museum)', 'Major Cities Program');
INSERT INTO Program_Places (Place_Name, Program_Name) VALUES ('Cairo Airport Museum 2', 'Major Cities Program');
INSERT INTO Program_Places (Place_Name, Program_Name) VALUES ('Cairo Airport Museum 3', 'Major Cities Program');
INSERT INTO Program_Places (Place_Name, Program_Name) VALUES ('Royal Carriages Museum', 'Major Cities Program');
INSERT INTO Program_Places (Place_Name, Program_Name) VALUES ('Farouk Corner Museum', 'Major Cities Program');
INSERT INTO Program_Places (Place_Name, Program_Name) VALUES ('National Museum of Egyptian Civilization', 'Major Cities Program');
INSERT INTO Program_Places (Place_Name, Program_Name) VALUES ('Kom El-Dikka (Roman Theatre)', 'Major Cities Program');
INSERT INTO Program_Places (Place_Name, Program_Name) VALUES ('Suez National Museum', 'Major Cities Program');
INSERT INTO Program_Places (Place_Name, Program_Name) VALUES ('Ismailia Museum', 'Major Cities Program');
INSERT INTO Program_Places (Place_Name, Program_Name) VALUES ('Matrouh Museum', 'Major Cities Program');
INSERT INTO Program_Places (Place_Name, Program_Name) VALUES ('Cave of Rommel Museum', 'Major Cities Program');
INSERT INTO Program_Places (Place_Name, Program_Name) VALUES ('Kafr El-Sheikh Museum', 'Major Cities Program');
INSERT INTO Program_Places (Place_Name, Program_Name) VALUES ('Tanta Museum', 'Major Cities Program');
INSERT INTO Program_Places (Place_Name, Program_Name) VALUES ('Tell Basta Museum', 'Major Cities Program');
INSERT INTO Program_Places (Place_Name, Program_Name) VALUES ('Kom Oshim Museum', 'Major Cities Program');
INSERT INTO Program_Places (Place_Name, Program_Name) VALUES ('Mallawi Museum', 'Major Cities Program');
INSERT INTO Program_Places (Place_Name, Program_Name) VALUES ('New Valley Museum', 'Major Cities Program');
INSERT INTO Program_Places (Place_Name, Program_Name) VALUES ('Sohag National Museum', 'Major Cities Program');
INSERT INTO Program_Places (Place_Name, Program_Name) VALUES ('Prince Youssef Kamal Palace', 'Major Cities Program');
INSERT INTO Program_Places (Place_Name, Program_Name) VALUES ('Audio Guide - Luxor Museum', 'Major Cities Program');
INSERT INTO Program_Places (Place_Name, Program_Name) VALUES ('Al-Ghouri Wekala', 'Major Cities Program');
INSERT INTO Program_Places (Place_Name, Program_Name) VALUES ('The Egyptian Museum (Tahrir Square)', 'Major Cities Program');
INSERT INTO Program_Places (Place_Name, Program_Name) VALUES ('Audio Guide (for Groups) - The Egyptian Museum', 'Major Cities Program');
INSERT INTO Program_Places (Place_Name, Program_Name) VALUES ('Al-Mawlawi Tekkiyeh', 'Major Cities Program');
INSERT INTO Program_Places (Place_Name, Program_Name) VALUES ('Gamal El-Din Al-Dhahabi House', 'Major Cities Program');
INSERT INTO Program_Places (Place_Name, Program_Name) VALUES ('Ali Labib House', 'Major Cities Program');
INSERT INTO Program_Places (Place_Name, Program_Name) VALUES ('Qaytbay Sabil-Kuttab (Salah Al-Din Street)', 'Major Cities Program');
INSERT INTO Program_Places (Place_Name, Program_Name) VALUES ('Prince Taz Palace', 'Major Cities Program');
INSERT INTO Program_Places (Place_Name, Program_Name) VALUES ('Al-Sitt Wasila House', 'Major Cities Program');
INSERT INTO Program_Places (Place_Name, Program_Name) VALUES ('Nafisa Al-Bayda Sabil-Kuttab', 'Major Cities Program');
INSERT INTO Program_Places (Place_Name, Program_Name) VALUES ('Royal Family Tombs', 'Major Cities Program');
INSERT INTO Program_Places (Place_Name, Program_Name) VALUES ('Tree of the Virgin Mary', 'Major Cities Program');
INSERT INTO Program_Places (Place_Name, Program_Name) VALUES ('Al-Zahir Baybars Mosque', 'Major Cities Program');
INSERT INTO Program_Places (Place_Name, Program_Name) VALUES ('Al-Darb Al-Ahmar Tourist Path', 'Major Cities Program');
INSERT INTO Program_Places (Place_Name, Program_Name) VALUES ('Al-Hawawish Tombs', 'Major Cities Program');
INSERT INTO Program_Places (Place_Name, Program_Name) VALUES ('Deir El-Hagar Temple', 'Major Cities Program');
INSERT INTO Program_Places (Place_Name, Program_Name) VALUES ('Sunken Monuments of the Eastern Harbor', 'Major Cities Program');
INSERT INTO Program_Places (Place_Name, Program_Name) VALUES ('Anfushi Tombs', 'Major Cities Program');
INSERT INTO Program_Places (Place_Name, Program_Name) VALUES ('Mostafa Kamel Tombs', 'Major Cities Program');
INSERT INTO Program_Places (Place_Name, Program_Name) VALUES ('Al-Shatby Necropolis', 'Major Cities Program');
INSERT INTO Program_Places (Place_Name, Program_Name) VALUES ('Pashedu Tomb', 'Major Cities Program');
INSERT INTO Program_Places (Place_Name, Program_Name) VALUES ('Ay Tomb', 'Major Cities Program');
INSERT INTO Program_Places (Place_Name, Program_Name) VALUES ('Khufu Pyramid (Interior Visit)', 'Adventure Program');
INSERT INTO Program_Places (Place_Name, Program_Name) VALUES ('Menkaure Pyramid', 'Adventure Program');
INSERT INTO Program_Places (Place_Name, Program_Name) VALUES ('The Great Sphinx', 'Adventure Program');
INSERT INTO Program_Places (Place_Name, Program_Name) VALUES ('Meresankh III Tomb', 'Adventure Program');
INSERT INTO Program_Places (Place_Name, Program_Name) VALUES ('Workers'' Tombs', 'Adventure Program');
INSERT INTO Program_Places (Place_Name, Program_Name) VALUES ('The Serapeum', 'Adventure Program');
INSERT INTO Program_Places (Place_Name, Program_Name) VALUES ('Tomb of Mereruka', 'Adventure Program');
INSERT INTO Program_Places (Place_Name, Program_Name) VALUES ('Comprehensive Ticket for All Saqqara Tombs', 'Adventure Program');
INSERT INTO Program_Places (Place_Name, Program_Name) VALUES ('Step Pyramid of Djoser (Southern Entrance)', 'Adventure Program');
INSERT INTO Program_Places (Place_Name, Program_Name) VALUES ('The Southern Tomb', 'Adventure Program');
INSERT INTO Program_Places (Place_Name, Program_Name) VALUES ('Vehicle Tickets for Saqqara Archaeological Area', 'Adventure Program');
INSERT INTO Program_Places (Place_Name, Program_Name) VALUES ('Mit Rahina (Memphis) Archaeological Area', 'Adventure Program');
INSERT INTO Program_Places (Place_Name, Program_Name) VALUES ('Vehicle Tickets for Mit Rahina Archaeological Area', 'Adventure Program');
INSERT INTO Program_Places (Place_Name, Program_Name) VALUES ('Bahariya Oasis Archaeological Area', 'Adventure Program');
INSERT INTO Program_Places (Place_Name, Program_Name) VALUES ('Abu Mena Archaeological Site', 'Adventure Program');
INSERT INTO Program_Places (Place_Name, Program_Name) VALUES ('Mountain of the Dead Tombs (Siwa)', 'Adventure Program');
INSERT INTO Program_Places (Place_Name, Program_Name) VALUES ('Tell Basta Archaeological Site', 'Adventure Program');
INSERT INTO Program_Places (Place_Name, Program_Name) VALUES ('Vehicle Tickets for Tell Basta Archaeological Area', 'Adventure Program');
INSERT INTO Program_Places (Place_Name, Program_Name) VALUES ('San El-Hagar Archaeological Site', 'Adventure Program');
INSERT INTO Program_Places (Place_Name, Program_Name) VALUES ('Qarun Palace', 'Adventure Program');
INSERT INTO Program_Places (Place_Name, Program_Name) VALUES ('Sultan Zawiya', 'Adventure Program');
INSERT INTO Program_Places (Place_Name, Program_Name) VALUES ('Vehicle Tickets for Tuna El-Gebel Archaeological Area', 'Adventure Program');
INSERT INTO Program_Places (Place_Name, Program_Name) VALUES ('Royal Tomb of Akhenaten', 'Adventure Program');
INSERT INTO Program_Places (Place_Name, Program_Name) VALUES ('Fraser Tombs', 'Adventure Program');
INSERT INTO Program_Places (Place_Name, Program_Name) VALUES ('Mir Tombs', 'Adventure Program');
INSERT INTO Program_Places (Place_Name, Program_Name) VALUES ('El-Hammamiya Tombs', 'Adventure Program');
INSERT INTO Program_Places (Place_Name, Program_Name) VALUES ('Mizawqa Tombs', 'Adventure Program');
INSERT INTO Program_Places (Place_Name, Program_Name) VALUES ('Al-Dabba and Ain Aseel Forts', 'Adventure Program');
INSERT INTO Program_Places (Place_Name, Program_Name) VALUES ('Azbet Bashandi Archaeological Area', 'Adventure Program');
INSERT INTO Program_Places (Place_Name, Program_Name) VALUES ('Al-Zayan Temple', 'Adventure Program');
INSERT INTO Program_Places (Place_Name, Program_Name) VALUES ('Shunet El-Zebib and Kom El-Sultan', 'Adventure Program');
INSERT INTO Program_Places (Place_Name, Program_Name) VALUES ('Sheikh Hamad Area', 'Adventure Program');
INSERT INTO Program_Places (Place_Name, Program_Name) VALUES ('Dendera Temple Panorama', 'Adventure Program');
INSERT INTO Program_Places (Place_Name, Program_Name) VALUES ('Dendera Temple Crypts', 'Adventure Program');
INSERT INTO Program_Places (Place_Name, Program_Name) VALUES ('Esna Temple', 'Adventure Program');
INSERT INTO Program_Places (Place_Name, Program_Name) VALUES ('El-Tod Temple', 'Adventure Program');
INSERT INTO Program_Places (Place_Name, Program_Name) VALUES ('Al-Ma''ala Tombs', 'Adventure Program');
INSERT INTO Program_Places (Place_Name, Program_Name) VALUES ('Al-Jadawi Wekala', 'Adventure Program');
INSERT INTO Program_Places (Place_Name, Program_Name) VALUES ('Mut Temple (Karnak Complex)', 'Adventure Program');
INSERT INTO Program_Places (Place_Name, Program_Name) VALUES ('Valley of the Kings', 'Adventure Program');
INSERT INTO Program_Places (Place_Name, Program_Name) VALUES ('Deir El-Bahari (Hatshepsut Temple)', 'Adventure Program');
INSERT INTO Program_Places (Place_Name, Program_Name) VALUES ('Deir El-Medina', 'Adventure Program');
INSERT INTO Program_Places (Place_Name, Program_Name) VALUES ('Valley of the Queens', 'Adventure Program');
INSERT INTO Program_Places (Place_Name, Program_Name) VALUES ('Nefertari Tomb', 'Adventure Program');
INSERT INTO Program_Places (Place_Name, Program_Name) VALUES ('Ramose Tomb', 'Adventure Program');
INSERT INTO Program_Places (Place_Name, Program_Name) VALUES ('Ramesseum Temple', 'Adventure Program');
INSERT INTO Program_Places (Place_Name, Program_Name) VALUES ('Carter House & Tutankhamun''s Replica Tomb', 'Adventure Program');
INSERT INTO Program_Places (Place_Name, Program_Name) VALUES ('Menna & Nakht Tombs', 'Adventure Program');
INSERT INTO Program_Places (Place_Name, Program_Name) VALUES ('Rekhmire & Sennefer Tombs', 'Adventure Program');
INSERT INTO Program_Places (Place_Name, Program_Name) VALUES ('Seti I Temple', 'Adventure Program');
INSERT INTO Program_Places (Place_Name, Program_Name) VALUES ('Userhat & Khaemwaset Tombs', 'Adventure Program');
INSERT INTO Program_Places (Place_Name, Program_Name) VALUES ('El-Asasif Necropolis', 'Adventure Program');
INSERT INTO Program_Places (Place_Name, Program_Name) VALUES ('Baba Tomb', 'Adventure Program');
INSERT INTO Program_Places (Place_Name, Program_Name) VALUES ('El-Khokha Tombs', 'Adventure Program');
INSERT INTO Program_Places (Place_Name, Program_Name) VALUES ('Sheikh Abd El-Qurna North Tombs', 'Adventure Program');
INSERT INTO Program_Places (Place_Name, Program_Name) VALUES ('Sheikh Abd El-Qurna South Tombs', 'Adventure Program');
INSERT INTO Program_Places (Place_Name, Program_Name) VALUES ('Isis Temple (Deir Shalwit)', 'Adventure Program');
INSERT INTO Program_Places (Place_Name, Program_Name) VALUES ('Qurna Merai Necropolis', 'Adventure Program');
INSERT INTO Program_Places (Place_Name, Program_Name) VALUES ('Merenptah Temple', 'Adventure Program');
INSERT INTO Program_Places (Place_Name, Program_Name) VALUES ('Sun Festival (Abu Simbel Temples October 22 & February 22)', 'Adventure Program');
INSERT INTO Program_Places (Place_Name, Program_Name) VALUES ('Vehicle Tickets for Abu Simbel Temples', 'Adventure Program');
INSERT INTO Program_Places (Place_Name, Program_Name) VALUES ('Philae Temples Panorama', 'Adventure Program');
INSERT INTO Program_Places (Place_Name, Program_Name) VALUES ('Vehicle Tickets for Kom Ombo Temple', 'Adventure Program');
INSERT INTO Program_Places (Place_Name, Program_Name) VALUES ('Unfinished Obelisk', 'Adventure Program');
INSERT INTO Program_Places (Place_Name, Program_Name) VALUES ('El-Kab', 'Adventure Program');
INSERT INTO Program_Places (Place_Name, Program_Name) VALUES ('Seheil Island', 'Adventure Program');
INSERT INTO Program_Places (Place_Name, Program_Name) VALUES ('Gebel Silsila', 'Adventure Program');
INSERT INTO Program_Places (Place_Name, Program_Name) VALUES ('Qaitbay Citadel (Alexandria)', 'Beach Program');
INSERT INTO Program_Places (Place_Name, Program_Name) VALUES ('Sunken Monuments of the Eastern Harbor', 'Beach Program');
INSERT INTO Program_Places (Place_Name, Program_Name) VALUES ('Anfushi Tombs', 'Beach Program');
INSERT INTO Program_Places (Place_Name, Program_Name) VALUES ('Al-Shatby Necropolis', 'Beach Program');
INSERT INTO Program_Places (Place_Name, Program_Name) VALUES ('Temple of the Oracle (Siwa)', 'Beach Program');
INSERT INTO Program_Places (Place_Name, Program_Name) VALUES ('Rashid (Rosetta) Monuments', 'Beach Program');
INSERT INTO Program_Places (Place_Name, Program_Name) VALUES ('Qaitbay Citadel (Rosetta)', 'Beach Program');
INSERT INTO Program_Places (Place_Name, Program_Name) VALUES ('El-Quseir Citadel', 'Beach Program');
INSERT INTO Program_Places (Place_Name, Program_Name) VALUES ('Hurghada Museum', 'Beach Program');
INSERT INTO Program_Places (Place_Name, Program_Name) VALUES ('Salah El-Din Citadel (Taba)', 'Beach Program');
INSERT INTO Program_Places (Place_Name, Program_Name) VALUES ('Sharm El-Sheikh Museum', 'Beach Program');
INSERT INTO Program_Places (Place_Name, Program_Name) VALUES ('Anba Paula Monastery', 'Beach Program');
INSERT INTO Program_Places (Place_Name, Program_Name) VALUES ('Anba Antonius Monastery', 'Beach Program');
INSERT INTO Program_Places (Place_Name, Program_Name) VALUES ('St. Catherine''s Monastery', 'Beach Program');
INSERT INTO Program_Places (Place_Name, Program_Name) VALUES ('Deir El-Hagar Temple', 'Beach Program');
INSERT INTO Program_Places (Place_Name, Program_Name) VALUES ('Virgin Mary Monastery', 'Beach Program');
INSERT INTO Program_Places (Place_Name, Program_Name) VALUES ('Anba Bishoy Monastery', 'Relaxation Program');
INSERT INTO Program_Places (Place_Name, Program_Name) VALUES ('El-Suryan Monastery', 'Relaxation Program');
INSERT INTO Program_Places (Place_Name, Program_Name) VALUES ('Baramus Monastery', 'Relaxation Program');
INSERT INTO Program_Places (Place_Name, Program_Name) VALUES ('Anba Makarios Monastery', 'Relaxation Program');
INSERT INTO Program_Places (Place_Name, Program_Name) VALUES ('Al-Muharraq Monastery', 'Relaxation Program');
INSERT INTO Program_Places (Place_Name, Program_Name) VALUES ('Seheil Island', 'Relaxation Program');
INSERT INTO Program_Places (Place_Name, Program_Name) VALUES ('The White Monastery', 'Relaxation Program');
INSERT INTO Program_Places (Place_Name, Program_Name) VALUES ('The Red Monastery', 'Relaxation Program');
INSERT INTO Program_Places (Place_Name, Program_Name) VALUES ('Tree of the Virgin Mary', 'Relaxation Program');
INSERT INTO Program_Places (Place_Name, Program_Name) VALUES ('Church of Abu Serga', 'Relaxation Program');



INSERT INTO Trips (Name, Price, Days, Description, Number_of_Sites, programName) VALUES ('Cairo Splendor', '550', '3', 'Day 1: Visit Baron Palace, Manial Palace. Day 2: Explore Prince Mohammed Ali Palace (Al-Manial Palace Museum), Cairo Airport Museum 2. Day 3: Tour Cairo Airport Museum 3.', '5', 'Major Cities Program');
INSERT INTO Trips (Name, Price, Days, Description, Number_of_Sites, programName) VALUES ('Urban Heritage', '600', '3', 'Day 1: Visit Royal Carriages Museum, Farouk Corner Museum. Day 2: Explore The Egyptian Museum (Tahrir Square), Audio Guide (for Groups) - The Egyptian Museum. Day 3: Tour Al-Ghouri Wekala, Al-Mawlawi Tekkiyeh.', '6', 'Major Cities Program');
INSERT INTO Trips (Name, Price, Days, Description, Number_of_Sites, programName) VALUES ('Delta Discovery', '650', '4', 'Day 1: Visit Suez National Museum, Ismailia Museum. Day 2: Explore Kafr El-Sheikh Museum, Tanta Museum. Day 3: Tour Tell Basta Museum, Kom Oshim Museum. Day 4: Visit Matrouh Museum.', '7', 'Major Cities Program');
INSERT INTO Trips (Name, Price, Days, Description, Number_of_Sites, programName) VALUES ('Cultural Capitals', '700', '4', 'Day 1: Visit National Museum of Egyptian Civilization, Gamal El-Din Al-Dhahabi House. Day 2: Explore Ali Labib House, Qaytbay Sabil-Kuttab (Salah Al-Din Street). Day 3: Tour Prince Taz Palace, Al-Sitt Wasila House. Day 4: Visit Nafisa Al-Bayda Sabil-Kuttab, Royal Family Tombs.', '8', 'Major Cities Program');
INSERT INTO Trips (Name, Price, Days, Description, Number_of_Sites, programName) VALUES ('Alexandria Quest', '700', '4', 'Day 1: Visit Kom El-Dikka (Roman Theatre), Sunken Monuments of the Eastern Harbor. Day 2: Explore Anfushi Tombs, Mostafa Kamel Tombs. Day 3: Tour Al-Shatby Necropolis, Cave of Rommel Museum. Day 4: Visit Tree of the Virgin Mary, Al-Zahir Baybars Mosque.', '8', 'Major Cities Program');
INSERT INTO Trips (Name, Price, Days, Description, Number_of_Sites, programName) VALUES ('Regional Riches', '800', '5', 'Day 1: Visit Mallawi Museum, New Valley Museum. Day 2: Explore Sohag National Museum, Prince Youssef Kamal Palace. Day 3: Tour Audio Guide - Luxor Museum, Al-Darb Al-Ahmar Tourist Path. Day 4: Visit Al-Hawawish Tombs, Deir El-Hagar Temple. Day 5: Explore Pashedu Tomb, Ay Tomb.', '10', 'Major Cities Program');
INSERT INTO Trips (Name, Price, Days, Description, Number_of_Sites, programName) VALUES ('Pyramid Pathways', '600', '3', 'Day 1: Visit Giza Pyramids, Sphinx. Day 2: Explore Saqqara Necropolis, Step Pyramid of Djoser (Southern Entrance). Day 3: Tour Dahshur Archaeological Area.', '5', 'Historical Program');
INSERT INTO Trips (Name, Price, Days, Description, Number_of_Sites, programName) VALUES ('Cairo Chronicles', '650', '3', 'Day 1: Visit Egyptian Museum, Museum of Islamic Art. Day 2: Explore The Coptic Museum, National Museum of Egyptian Civilization. Day 3: Tour Salah El-Din Citadel, Gayer-Anderson Museum.', '6', 'Historical Program');
INSERT INTO Trips (Name, Price, Days, Description, Number_of_Sites, programName) VALUES ('Luxor Legends', '700', '4', 'Day 1: Visit Luxor Temple, Karnak Temple. Day 2: Explore Valley of the Kings, Seti I Tomb. Day 3: Tour Temple of Hatshepsut, Colossi of Memnon. Day 4: Visit Ramesseum Temple.', '7', 'Historical Program');
INSERT INTO Trips (Name, Price, Days, Description, Number_of_Sites, programName) VALUES ('Aswan Horizons', '800', '4', 'Day 1: Visit Philae Temple, Unfinished Obelisk. Day 2: Explore Abu Simbel Temples. Day 3: Tour Nubian Museum, Kalabsha Temples. Day 4: Visit Elephantine Island, Qubbet El-Hawa, Nileometer.', '8', 'Historical Program');
INSERT INTO Trips (Name, Price, Days, Description, Number_of_Sites, programName) VALUES ('Coastal Chronicles', '800', '4', 'Day 1: Visit Qaitbay Citadel (Alexandria). Day 2: Explore Kom El-Shoqafa Catacombs, Roman Theater. Day 3: Tour Greco-Roman Museum, Alexandria National Museum. Day 4: Visit Royal Jewelry Museum, Sunken Monuments of the Eastern Harbor.', '7', 'Historical Program');
INSERT INTO Trips (Name, Price, Days, Description, Number_of_Sites, programName) VALUES ('Oasis Odyssey', '800', '4', 'Day 1: Visit St. Catherine’s Monastery, Temple of the Oracle (Siwa). Day 2: Explore Al-Bagawat Necropolis, Hibis Temple. Day 3: Tour Deir El-Hagar Temple, Al-Ghweita Temple. Day 4: Visit Dush Temple, Bahariya Oasis Archaeological Area.', '8', 'Historical Program');
INSERT INTO Trips (Name, Price, Days, Description, Number_of_Sites, programName) VALUES ('Nile Temples', '800', '4', 'Day 1: Visit Dendera Temple, Temple of Hathor (Dendera Crypts). Day 2: Explore Edfu Temple, Kom Ombo Temple. Day 3: Tour Esna Temple, El-Tod Temple. Day 4: Visit Crocodile Museum (Kom Ombo), Gebel Silsila.', '8', 'Historical Program');
INSERT INTO Trips (Name, Price, Days, Description, Number_of_Sites, programName) VALUES ('Islamic Heritage', '800', '4', 'Day 1: Visit Sultan Hassan Mosque, Al-Rifa’i Mosque. Day 2: Explore Ahmad Ibn Tulun Mosque, Amr Ibn Al-As Mosque. Day 3: Tour Al-Zahir Baybars Mosque, Al-Ghouri Complex (Dome Sabil and House). Day 4: Visit Church of Abu Serga, Ben Ezra Synagogue.', '8', 'Historical Program');
INSERT INTO Trips (Name, Price, Days, Description, Number_of_Sites, programName) VALUES ('Theban Tombs', '900', '5', 'Day 1: Visit Valley of the Queens, Nefertari Tomb. Day 2: Explore Deir El-Medina, Rekhmire & Sennefer Tombs. Day 3: Tour Ramose Tomb, Sheikh Abd El-Qurna North Tombs. Day 4: Visit Tutankhamun’s Tomb, Ramses V & VI Tomb. Day 5: Explore Al-Asasif Necropolis.', '9', 'Historical Program');
INSERT INTO Trips (Name, Price, Days, Description, Number_of_Sites, programName) VALUES ('Ancient Cities', '900', '5', 'Day 1: Visit Mit Rahina (Memphis) Archaeological Area, Senusret I Obelisk (Matareya). Day 2: Explore Beni Hassan Tombs, Tuna El-Gebel. Day 3: Tour Tell El-Amarna, Hawara Pyramid. Day 4: Visit Lahun Pyramid, Meidum Pyramid. Day 5: Explore Karanis Archaeological Area.', '9', 'Historical Program');
INSERT INTO Trips (Name, Price, Days, Description, Number_of_Sites, programName) VALUES ('Rosetta Routes', '900', '5', 'Day 1: Visit Rashid (Rosetta) Monuments, Qaitbay Citadel (Rosetta). Day 2: Explore Abu Mena Archaeological Site, Tell Basta Museum. Day 3: Tour Nobles’ Tombs and New Kingdom Tombs (Tombs of Horemheb and Bubastites). Day 4: Visit Medinet Madi Temple, Qasr El-Miqyass (Qasr El-Ghueita). Day 5: Explore Mummification Museum, Luxor Museum.', '8', 'Historical Program');
INSERT INTO Trips (Name, Price, Days, Description, Number_of_Sites, programName) VALUES ('Sacred Sites', '1200', '6', 'Day 1: Visit Medinet Habu Temple, Merenptah Temple. Day 2: Explore Deir El-Bahari (Hatshepsut Temple), Anba Samaan Monastery. Day 3: Tour The White Monastery, The Red Monastery. Day 4: Visit Isis Temple (Deir Shalwit), Wadi El-Seboua Temples. Day 5: Explore Amada Temples, Kom Ombo Temple. Day 6: Visit Mummification Museum, Luxor Museum.', '10', 'Historical Program');
INSERT INTO Trips (Name, Price, Days, Description, Number_of_Sites, programName) VALUES ('Giza Quest', '600', '3', 'Day 1: Explore Khufu Pyramid (Interior Visit), The Great Sphinx. Day 2: Visit Menkaure Pyramid, Meresankh III Tomb. Day 3: Tour Workers'' Tombs.', '5', 'Adventure Program');
INSERT INTO Trips (Name, Price, Days, Description, Number_of_Sites, programName) VALUES ('Saqqara Secrets', '650', '3', 'Day 1: Visit The Serapeum, Tomb of Mereruka. Day 2: Explore Comprehensive Ticket for All Saqqara Tombs, Step Pyramid of Djoser (Southern Entrance). Day 3: Tour The Southern Tomb, Vehicle Tickets for Saqqara Archaeological Area.', '6', 'Adventure Program');
INSERT INTO Trips (Name, Price, Days, Description, Number_of_Sites, programName) VALUES ('Desert Trails', '700', '4', 'Day 1: Visit Bahariya Oasis Archaeological Area, Abu Mena Archaeological Site. Day 2: Explore Mountain of the Dead Tombs (Siwa), Al-Dabba and Ain Aseel Forts. Day 3: Tour Azbet Bashandi Archaeological Area, Al-Zayan Temple. Day 4: Visit Sultan Zawiya.', '7', 'Adventure Program');
INSERT INTO Trips (Name, Price, Days, Description, Number_of_Sites, programName) VALUES ('Delta Expeditions', '800', '4', 'Day 1: Visit Tell Basta Archaeological Site, Vehicle Tickets for Tell Basta Archaeological Area. Day 2: Explore San El-Hagar Archaeological Site, Qarun Palace. Day 3: Tour Vehicle Tickets for Tuna El-Gebel Archaeological Area, Fraser Tombs. Day 4: Visit Mir Tombs, El-Hammamiya Tombs.', '8', 'Adventure Program');
INSERT INTO Trips (Name, Price, Days, Description, Number_of_Sites, programName) VALUES ('Luxor Ventures', '800', '4', 'Day 1: Visit Valley of the Kings, Deir El-Bahari (Hatshepsut Temple). Day 2: Explore Deir El-Medina, Valley of the Queens. Day 3: Tour Nefertari Tomb, Ramose Tomb. Day 4: Visit Ramesseum Temple, Carter House & Tutankhamun''s Replica Tomb.', '8', 'Adventure Program');
INSERT INTO Trips (Name, Price, Days, Description, Number_of_Sites, programName) VALUES ('Necropolis Trails', '800', '4', 'Day 1: Visit Menna & Nakht Tombs, Rekhmire & Sennefer Tombs. Day 2: Explore Userhat & Khaemwaset Tombs, El-Asasif Necropolis. Day 3: Tour Baba Tomb, El-Khokha Tombs. Day 4: Visit Sheikh Abd El-Qurna North Tombs, Sheikh Abd El-Qurna South Tombs.', '8', 'Adventure Program');
INSERT INTO Trips (Name, Price, Days, Description, Number_of_Sites, programName) VALUES ('Aswan Explorations', '800', '4', 'Day 1: Visit Sun Festival (Abu Simbel Temples October 22 & February 22), Vehicle Tickets for Abu Simbel Temples. Day 2: Explore Philae Temples Panorama, Unfinished Obelisk. Day 3: Tour El-Kab, Seheil Island. Day 4: Visit Gebel Silsila, Vehicle Tickets for Kom Ombo Temple.', '8', 'Adventure Program');
INSERT INTO Trips (Name, Price, Days, Description, Number_of_Sites, programName) VALUES ('Upper Egypt Odyssey', '900', '5', 'Day 1: Visit Dendera Temple Panorama, Dendera Temple Crypts. Day 2: Explore Esna Temple, El-Tod Temple. Day 3: Tour Al-Ma''ala Tombs, Al-Jadawi Wekala. Day 4: Visit Mut Temple (Karnak Complex), Seti I Temple. Day 5: Explore Qurna Merai Necropolis.', '9', 'Adventure Program');
INSERT INTO Trips (Name, Price, Days, Description, Number_of_Sites, programName) VALUES ('Ancient Echoes', '900', '5', 'Day 1: Visit Mit Rahina (Memphis) Archaeological Area, Vehicle Tickets for Mit Rahina Archaeological Area. Day 2: Explore Royal Tomb of Akhenaten, Mizawqa Tombs. Day 3: Tour Shunet El-Zebib and Kom El-Sultan, Sheikh Hamad Area. Day 4: Visit Merenptah Temple, Isis Temple (Deir Shalwit). Day 5: Explore El-Asasif Necropolis.', '9', 'Adventure Program');
INSERT INTO Trips (Name, Price, Days, Description, Number_of_Sites, programName) VALUES ('Mediterranean Shores', '500', '3', 'Day 1: Visit Qaitbay Citadel (Alexandria), Sunken Monuments of the Eastern Harbor. Day 2: Explore Anfushi Tombs, Al-Shatby Necropolis. Day 3: Tour Rashid (Rosetta) Monuments.', '5', 'Beach Program');
INSERT INTO Trips (Name, Price, Days, Description, Number_of_Sites, programName) VALUES ('Red Sea Retreat', '500', '3', 'Day 1: Visit Hurghada Museum, El-Quseir Citadel. Day 2: Explore Sharm El-Sheikh Museum, Salah El-Din Citadel (Taba). Day 3: Tour Qaitbay Citadel (Rosetta).', '5', 'Beach Program');
INSERT INTO Trips (Name, Price, Days, Description, Number_of_Sites, programName) VALUES ('Desert Sanctuaries', '600', '3', 'Day 1: Visit Temple of the Oracle (Siwa), Deir El-Hagar Temple. Day 2: Explore St. Catherine''s Monastery, Anba Paula Monastery. Day 3: Tour Anba Antonius Monastery, Virgin Mary Monastery.', '6', 'Beach Program');
INSERT INTO Trips (Name, Price, Days, Description, Number_of_Sites, programName) VALUES ('Desert Serenity', '450', '3', 'Day 1: Visit Anba Bishoy Monastery, El-Suryan Monastery. Day 2: Explore Baramus Monastery, Anba Makarios Monastery. Day 3: Tour Al-Muharraq Monastery.', '5', 'Relaxation Program');
INSERT INTO Trips (Name, Price, Days, Description, Number_of_Sites, programName) VALUES ('Spiritual Nile', '450', '3', 'Day 1: Visit The White Monastery, The Red Monastery. Day 2: Explore Seheil Island, Tree of the Virgin Mary. Day 3: Tour Church of Abu Serga.', '5', 'Relaxation Program');



INSERT INTO TripsPlaces (TripName, PlaceName) VALUES ('Cairo Splendor', 'Baron Palace');
INSERT INTO TripsPlaces (TripName, PlaceName) VALUES ('Cairo Splendor', 'Manial Palace');
INSERT INTO TripsPlaces (TripName, PlaceName) VALUES ('Cairo Splendor', 'Prince Mohammed Ali Palace (Al-Manial Palace Museum)');
INSERT INTO TripsPlaces (TripName, PlaceName) VALUES ('Cairo Splendor', 'Cairo Airport Museum 2');
INSERT INTO TripsPlaces (TripName, PlaceName) VALUES ('Cairo Splendor', 'Cairo Airport Museum 3');
INSERT INTO TripsPlaces (TripName, PlaceName) VALUES ('Urban Heritage', 'Royal Carriages Museum');
INSERT INTO TripsPlaces (TripName, PlaceName) VALUES ('Urban Heritage', 'Farouk Corner Museum');
INSERT INTO TripsPlaces (TripName, PlaceName) VALUES ('Urban Heritage', 'The Egyptian Museum (Tahrir Square)');
INSERT INTO TripsPlaces (TripName, PlaceName) VALUES ('Urban Heritage', 'Audio Guide (for Groups) - The Egyptian Museum');
INSERT INTO TripsPlaces (TripName, PlaceName) VALUES ('Urban Heritage', 'Al-Ghouri Wekala');
INSERT INTO TripsPlaces (TripName, PlaceName) VALUES ('Urban Heritage', 'Al-Mawlawi Tekkiyeh');
INSERT INTO TripsPlaces (TripName, PlaceName) VALUES ('Delta Discovery', 'Suez National Museum');
INSERT INTO TripsPlaces (TripName, PlaceName) VALUES ('Delta Discovery', 'Ismailia Museum');
INSERT INTO TripsPlaces (TripName, PlaceName) VALUES ('Delta Discovery', 'Kafr El-Sheikh Museum');
INSERT INTO TripsPlaces (TripName, PlaceName) VALUES ('Delta Discovery', 'Tanta Museum');
INSERT INTO TripsPlaces (TripName, PlaceName) VALUES ('Delta Discovery', 'Tell Basta Museum');
INSERT INTO TripsPlaces (TripName, PlaceName) VALUES ('Delta Discovery', 'Kom Oshim Museum');
INSERT INTO TripsPlaces (TripName, PlaceName) VALUES ('Delta Discovery', 'Matrouh Museum');
INSERT INTO TripsPlaces (TripName, PlaceName) VALUES ('Cultural Capitals', 'National Museum of Egyptian Civilization');
INSERT INTO TripsPlaces (TripName, PlaceName) VALUES ('Cultural Capitals', 'Gamal El-Din Al-Dhahabi House');
INSERT INTO TripsPlaces (TripName, PlaceName) VALUES ('Cultural Capitals', 'Ali Labib House');
INSERT INTO TripsPlaces (TripName, PlaceName) VALUES ('Cultural Capitals', 'Qaytbay Sabil-Kuttab (Salah Al-Din Street)');
INSERT INTO TripsPlaces (TripName, PlaceName) VALUES ('Cultural Capitals', 'Prince Taz Palace');
INSERT INTO TripsPlaces (TripName, PlaceName) VALUES ('Cultural Capitals', 'Al-Sitt Wasila House');
INSERT INTO TripsPlaces (TripName, PlaceName) VALUES ('Cultural Capitals', 'Nafisa Al-Bayda Sabil-Kuttab');
INSERT INTO TripsPlaces (TripName, PlaceName) VALUES ('Cultural Capitals', 'Royal Family Tombs');
INSERT INTO TripsPlaces (TripName, PlaceName) VALUES ('Alexandria Quest', 'Kom El-Dikka (Roman Theatre)');
INSERT INTO TripsPlaces (TripName, PlaceName) VALUES ('Alexandria Quest', 'Sunken Monuments of the Eastern Harbor');
INSERT INTO TripsPlaces (TripName, PlaceName) VALUES ('Alexandria Quest', 'Anfushi Tombs');
INSERT INTO TripsPlaces (TripName, PlaceName) VALUES ('Alexandria Quest', 'Mostafa Kamel Tombs');
INSERT INTO TripsPlaces (TripName, PlaceName) VALUES ('Alexandria Quest', 'Al-Shatby Necropolis');
INSERT INTO TripsPlaces (TripName, PlaceName) VALUES ('Alexandria Quest', 'Cave of Rommel Museum');
INSERT INTO TripsPlaces (TripName, PlaceName) VALUES ('Alexandria Quest', 'Tree of the Virgin Mary');
INSERT INTO TripsPlaces (TripName, PlaceName) VALUES ('Alexandria Quest', 'Al-Zahir Baybars Mosque');
INSERT INTO TripsPlaces (TripName, PlaceName) VALUES ('Regional Riches', 'Mallawi Museum');
INSERT INTO TripsPlaces (TripName, PlaceName) VALUES ('Regional Riches', 'New Valley Museum');
INSERT INTO TripsPlaces (TripName, PlaceName) VALUES ('Regional Riches', 'Sohag National Museum');
INSERT INTO TripsPlaces (TripName, PlaceName) VALUES ('Regional Riches', 'Prince Youssef Kamal Palace');
INSERT INTO TripsPlaces (TripName, PlaceName) VALUES ('Regional Riches', 'Audio Guide - Luxor Museum');
INSERT INTO TripsPlaces (TripName, PlaceName) VALUES ('Regional Riches', 'Al-Darb Al-Ahmar Tourist Path');
INSERT INTO TripsPlaces (TripName, PlaceName) VALUES ('Regional Riches', 'Al-Hawawish Tombs');
INSERT INTO TripsPlaces (TripName, PlaceName) VALUES ('Regional Riches', 'Deir El-Hagar Temple');
INSERT INTO TripsPlaces (TripName, PlaceName) VALUES ('Regional Riches', 'Pashedu Tomb');
INSERT INTO TripsPlaces (TripName, PlaceName) VALUES ('Regional Riches', 'Ay Tomb');
INSERT INTO TripsPlaces (TripName, PlaceName) VALUES ('Pyramid Pathways', 'Giza Pyramids');
INSERT INTO TripsPlaces (TripName, PlaceName) VALUES ('Pyramid Pathways', 'Sphinx');
INSERT INTO TripsPlaces (TripName, PlaceName) VALUES ('Pyramid Pathways', 'Saqqara Necropolis');
INSERT INTO TripsPlaces (TripName, PlaceName) VALUES ('Pyramid Pathways', 'Step Pyramid of Djoser (Southern Entrance)');
INSERT INTO TripsPlaces (TripName, PlaceName) VALUES ('Pyramid Pathways', 'Dahshur Archaeological Area');
INSERT INTO TripsPlaces (TripName, PlaceName) VALUES ('Cairo Chronicles', 'Egyptian Museum');
INSERT INTO TripsPlaces (TripName, PlaceName) VALUES ('Cairo Chronicles', 'Museum of Islamic Art');
INSERT INTO TripsPlaces (TripName, PlaceName) VALUES ('Cairo Chronicles', 'The Coptic Museum');
INSERT INTO TripsPlaces (TripName, PlaceName) VALUES ('Cairo Chronicles', 'National Museum of Egyptian Civilization');
INSERT INTO TripsPlaces (TripName, PlaceName) VALUES ('Cairo Chronicles', 'Salah El-Din Citadel');
INSERT INTO TripsPlaces (TripName, PlaceName) VALUES ('Cairo Chronicles', 'Gayer-Anderson Museum');
INSERT INTO TripsPlaces (TripName, PlaceName) VALUES ('Luxor Legends', 'Luxor Temple');
INSERT INTO TripsPlaces (TripName, PlaceName) VALUES ('Luxor Legends', 'Karnak Temple');
INSERT INTO TripsPlaces (TripName, PlaceName) VALUES ('Luxor Legends', 'Valley of the Kings');
INSERT INTO TripsPlaces (TripName, PlaceName) VALUES ('Luxor Legends', 'Seti I Tomb');
INSERT INTO TripsPlaces (TripName, PlaceName) VALUES ('Luxor Legends', 'Deir El-Bahari (Hatshepsut Temple)');
INSERT INTO TripsPlaces (TripName, PlaceName) VALUES ('Luxor Legends', 'Colossi of Memnon');
INSERT INTO TripsPlaces (TripName, PlaceName) VALUES ('Luxor Legends', 'Ramesseum Temple');
INSERT INTO TripsPlaces (TripName, PlaceName) VALUES ('Aswan Horizons', 'Philae Temple');
INSERT INTO TripsPlaces (TripName, PlaceName) VALUES ('Aswan Horizons', 'Unfinished Obelisk');
INSERT INTO TripsPlaces (TripName, PlaceName) VALUES ('Aswan Horizons', 'Abu Simbel Temples');
INSERT INTO TripsPlaces (TripName, PlaceName) VALUES ('Aswan Horizons', 'Nubian Museum');
INSERT INTO TripsPlaces (TripName, PlaceName) VALUES ('Aswan Horizons', 'Kalabsha Temples');
INSERT INTO TripsPlaces (TripName, PlaceName) VALUES ('Aswan Horizons', 'Elephantine Island');
INSERT INTO TripsPlaces (TripName, PlaceName) VALUES ('Aswan Horizons', 'Qubbet El-Hawa');
INSERT INTO TripsPlaces (TripName, PlaceName) VALUES ('Aswan Horizons', 'Nileometer');
INSERT INTO TripsPlaces (TripName, PlaceName) VALUES ('Coastal Chronicles', 'Qaitbay Citadel (Alexandria)');
INSERT INTO TripsPlaces (TripName, PlaceName) VALUES ('Coastal Chronicles', 'Kom El-Shoqafa Catacombs');
INSERT INTO TripsPlaces (TripName, PlaceName) VALUES ('Coastal Chronicles', 'Roman Theater');
INSERT INTO TripsPlaces (TripName, PlaceName) VALUES ('Coastal Chronicles', 'Greco-Roman Museum');
INSERT INTO TripsPlaces (TripName, PlaceName) VALUES ('Coastal Chronicles', 'Alexandria National Museum');
INSERT INTO TripsPlaces (TripName, PlaceName) VALUES ('Coastal Chronicles', 'Royal Jewelry Museum');
INSERT INTO TripsPlaces (TripName, PlaceName) VALUES ('Coastal Chronicles', 'Sunken Monuments of the Eastern Harbor');
INSERT INTO TripsPlaces (TripName, PlaceName) VALUES ('Oasis Odyssey', 'St. Catherine''s Monastery');
INSERT INTO TripsPlaces (TripName, PlaceName) VALUES ('Oasis Odyssey', 'Temple of the Oracle (Siwa)');
INSERT INTO TripsPlaces (TripName, PlaceName) VALUES ('Oasis Odyssey', 'Al-Bagawat Necropolis');
INSERT INTO TripsPlaces (TripName, PlaceName) VALUES ('Oasis Odyssey', 'Hibis Temple');
INSERT INTO TripsPlaces (TripName, PlaceName) VALUES ('Oasis Odyssey', 'Deir El-Hagar Temple');
INSERT INTO TripsPlaces (TripName, PlaceName) VALUES ('Oasis Odyssey', 'Al-Ghweita Temple');
INSERT INTO TripsPlaces (TripName, PlaceName) VALUES ('Oasis Odyssey', 'Dush Temple');
INSERT INTO TripsPlaces (TripName, PlaceName) VALUES ('Oasis Odyssey', 'Bahariya Oasis Archaeological Area');
INSERT INTO TripsPlaces (TripName, PlaceName) VALUES ('Nile Temples', 'Dendera Temple');
INSERT INTO TripsPlaces (TripName, PlaceName) VALUES ('Nile Temples', 'Temple of Hathor (Dendera Crypts)');
INSERT INTO TripsPlaces (TripName, PlaceName) VALUES ('Nile Temples', 'Edfu Temple');
INSERT INTO TripsPlaces (TripName, PlaceName) VALUES ('Nile Temples', 'Kom Ombo Temple');
INSERT INTO TripsPlaces (TripName, PlaceName) VALUES ('Nile Temples', 'Esna Temple');
INSERT INTO TripsPlaces (TripName, PlaceName) VALUES ('Nile Temples', 'El-Tod Temple');
INSERT INTO TripsPlaces (TripName, PlaceName) VALUES ('Nile Temples', 'Crocodile Museum (Kom Ombo)');
INSERT INTO TripsPlaces (TripName, PlaceName) VALUES ('Nile Temples', 'Gebel Silsila');
INSERT INTO TripsPlaces (TripName, PlaceName) VALUES ('Islamic Heritage', 'Sultan Hassan Mosque');
INSERT INTO TripsPlaces (TripName, PlaceName) VALUES ('Islamic Heritage', 'Al-Rifa’i Mosque');
INSERT INTO TripsPlaces (TripName, PlaceName) VALUES ('Islamic Heritage', 'Ahmad Ibn Tulun Mosque');
INSERT INTO TripsPlaces (TripName, PlaceName) VALUES ('Islamic Heritage', 'Amr Ibn Al-As Mosque');
INSERT INTO TripsPlaces (TripName, PlaceName) VALUES ('Islamic Heritage', 'Al-Zahir Baybars Mosque');
INSERT INTO TripsPlaces (TripName, PlaceName) VALUES ('Islamic Heritage', 'Al-Ghouri Complex (Dome Sabil and House)');
INSERT INTO TripsPlaces (TripName, PlaceName) VALUES ('Islamic Heritage', 'Church of Abu Serga');
INSERT INTO TripsPlaces (TripName, PlaceName) VALUES ('Islamic Heritage', 'Ben Ezra Synagogue');
INSERT INTO TripsPlaces (TripName, PlaceName) VALUES ('Theban Tombs', 'Valley of the Queens');
INSERT INTO TripsPlaces (TripName, PlaceName) VALUES ('Theban Tombs', 'Nefertari Tomb');
INSERT INTO TripsPlaces (TripName, PlaceName) VALUES ('Theban Tombs', 'Deir El-Medina');
INSERT INTO TripsPlaces (TripName, PlaceName) VALUES ('Theban Tombs', 'Rekhmire & Sennefer Tombs');
INSERT INTO TripsPlaces (TripName, PlaceName) VALUES ('Theban Tombs', 'Ramose Tomb');
INSERT INTO TripsPlaces (TripName, PlaceName) VALUES ('Theban Tombs', 'Sheikh Abd El-Qurna North Tombs');
INSERT INTO TripsPlaces (TripName, PlaceName) VALUES ('Theban Tombs', 'Tutankhamun''s Tomb');
INSERT INTO TripsPlaces (TripName, PlaceName) VALUES ('Theban Tombs', 'Ramses V & VI Tomb');
INSERT INTO TripsPlaces (TripName, PlaceName) VALUES ('Theban Tombs', 'Al-Asasif Necropolis');
INSERT INTO TripsPlaces (TripName, PlaceName) VALUES ('Ancient Cities', 'Mit Rahina (Memphis) Archaeological Area');
INSERT INTO TripsPlaces (TripName, PlaceName) VALUES ('Ancient Cities', 'Senusret I Obelisk (Matareya)');
INSERT INTO TripsPlaces (TripName, PlaceName) VALUES ('Ancient Cities', 'Beni Hassan Tombs');
INSERT INTO TripsPlaces (TripName, PlaceName) VALUES ('Ancient Cities', 'Tuna El-Gebel');
INSERT INTO TripsPlaces (TripName, PlaceName) VALUES ('Ancient Cities', 'Tell El-Amarna');
INSERT INTO TripsPlaces (TripName, PlaceName) VALUES ('Ancient Cities', 'Hawara Pyramid');
INSERT INTO TripsPlaces (TripName, PlaceName) VALUES ('Ancient Cities', 'Lahun Pyramid');
INSERT INTO TripsPlaces (TripName, PlaceName) VALUES ('Ancient Cities', 'Meidum Pyramid');
INSERT INTO TripsPlaces (TripName, PlaceName) VALUES ('Ancient Cities', 'Karanis Archaeological Area');
INSERT INTO TripsPlaces (TripName, PlaceName) VALUES ('Rosetta Routes', 'Rashid (Rosetta) Monuments');
INSERT INTO TripsPlaces (TripName, PlaceName) VALUES ('Rosetta Routes', 'Qaitbay Citadel (Rosetta)');
INSERT INTO TripsPlaces (TripName, PlaceName) VALUES ('Rosetta Routes', 'Abu Mena Archaeological Site');
INSERT INTO TripsPlaces (TripName, PlaceName) VALUES ('Rosetta Routes', 'Tell Basta Museum');
INSERT INTO TripsPlaces (TripName, PlaceName) VALUES ('Rosetta Routes', 'Medinet Madi Temple');
INSERT INTO TripsPlaces (TripName, PlaceName) VALUES ('Rosetta Routes', 'Qasr El-Miqyass (Qasr El-Ghueita)');
INSERT INTO TripsPlaces (TripName, PlaceName) VALUES ('Rosetta Routes', 'Mummification Museum');
INSERT INTO TripsPlaces (TripName, PlaceName) VALUES ('Rosetta Routes', 'Luxor Museum');
INSERT INTO TripsPlaces (TripName, PlaceName) VALUES ('Sacred Sites', 'Medinet Habu Temple');
INSERT INTO TripsPlaces (TripName, PlaceName) VALUES ('Sacred Sites', 'Merenptah Temple');
INSERT INTO TripsPlaces (TripName, PlaceName) VALUES ('Sacred Sites', 'Deir El-Bahari (Hatshepsut Temple)');
INSERT INTO TripsPlaces (TripName, PlaceName) VALUES ('Sacred Sites', 'Anba Samaan Monastery');
INSERT INTO TripsPlaces (TripName, PlaceName) VALUES ('Sacred Sites', 'The White Monastery');
INSERT INTO TripsPlaces (TripName, PlaceName) VALUES ('Sacred Sites', 'The Red Monastery');
INSERT INTO TripsPlaces (TripName, PlaceName) VALUES ('Sacred Sites', 'Isis Temple (Deir Shalwit)');
INSERT INTO TripsPlaces (TripName, PlaceName) VALUES ('Sacred Sites', 'Wadi El-Seboua Temples');
INSERT INTO TripsPlaces (TripName, PlaceName) VALUES ('Sacred Sites', 'Amada Temples');
INSERT INTO TripsPlaces (TripName, PlaceName) VALUES ('Sacred Sites', 'Kom Ombo Temple');
INSERT INTO TripsPlaces (TripName, PlaceName) VALUES ('Giza Quest', 'Khufu Pyramid (Interior Visit)');
INSERT INTO TripsPlaces (TripName, PlaceName) VALUES ('Giza Quest', 'The Great Sphinx');
INSERT INTO TripsPlaces (TripName, PlaceName) VALUES ('Giza Quest', 'Menkaure Pyramid');
INSERT INTO TripsPlaces (TripName, PlaceName) VALUES ('Giza Quest', 'Meresankh III Tomb');
INSERT INTO TripsPlaces (TripName, PlaceName) VALUES ('Giza Quest', 'Workers'' Tombs');
INSERT INTO TripsPlaces (TripName, PlaceName) VALUES ('Saqqara Secrets', 'The Serapeum');
INSERT INTO TripsPlaces (TripName, PlaceName) VALUES ('Saqqara Secrets', 'Tomb of Mereruka');
INSERT INTO TripsPlaces (TripName, PlaceName) VALUES ('Saqqara Secrets', 'Comprehensive Ticket for All Saqqara Tombs');
INSERT INTO TripsPlaces (TripName, PlaceName) VALUES ('Saqqara Secrets', 'Step Pyramid of Djoser (Southern Entrance)');
INSERT INTO TripsPlaces (TripName, PlaceName) VALUES ('Saqqara Secrets', 'The Southern Tomb');
INSERT INTO TripsPlaces (TripName, PlaceName) VALUES ('Saqqara Secrets', 'Vehicle Tickets for Saqqara Archaeological Area');
INSERT INTO TripsPlaces (TripName, PlaceName) VALUES ('Desert Trails', 'Bahariya Oasis Archaeological Area');
INSERT INTO TripsPlaces (TripName, PlaceName) VALUES ('Desert Trails', 'Abu Mena Archaeological Site');
INSERT INTO TripsPlaces (TripName, PlaceName) VALUES ('Desert Trails', 'Mountain of the Dead Tombs (Siwa)');
INSERT INTO TripsPlaces (TripName, PlaceName) VALUES ('Desert Trails', 'Al-Dabba and Ain Aseel Forts');
INSERT INTO TripsPlaces (TripName, PlaceName) VALUES ('Desert Trails', 'Azbet Bashandi Archaeological Area');
INSERT INTO TripsPlaces (TripName, PlaceName) VALUES ('Desert Trails', 'Al-Zayan Temple');
INSERT INTO TripsPlaces (TripName, PlaceName) VALUES ('Desert Trails', 'Sultan Zawiya');
INSERT INTO TripsPlaces (TripName, PlaceName) VALUES ('Delta Expeditions', 'Tell Basta Archaeological Site');
INSERT INTO TripsPlaces (TripName, PlaceName) VALUES ('Delta Expeditions', 'Vehicle Tickets for Tell Basta Archaeological Area');
INSERT INTO TripsPlaces (TripName, PlaceName) VALUES ('Delta Expeditions', 'San El-Hagar Archaeological Site');
INSERT INTO TripsPlaces (TripName, PlaceName) VALUES ('Delta Expeditions', 'Qarun Palace');
INSERT INTO TripsPlaces (TripName, PlaceName) VALUES ('Delta Expeditions', 'Vehicle Tickets for Tuna El-Gebel Archaeological Area');
INSERT INTO TripsPlaces (TripName, PlaceName) VALUES ('Delta Expeditions', 'Fraser Tombs');
INSERT INTO TripsPlaces (TripName, PlaceName) VALUES ('Delta Expeditions', 'Mir Tombs');
INSERT INTO TripsPlaces (TripName, PlaceName) VALUES ('Delta Expeditions', 'El-Hammamiya Tombs');
INSERT INTO TripsPlaces (TripName, PlaceName) VALUES ('Luxor Ventures', 'Valley of the Kings');
INSERT INTO TripsPlaces (TripName, PlaceName) VALUES ('Luxor Ventures', 'Deir El-Bahari (Hatshepsut Temple)');
INSERT INTO TripsPlaces (TripName, PlaceName) VALUES ('Luxor Ventures', 'Deir El-Medina');
INSERT INTO TripsPlaces (TripName, PlaceName) VALUES ('Luxor Ventures', 'Valley of the Queens');
INSERT INTO TripsPlaces (TripName, PlaceName) VALUES ('Luxor Ventures', 'Nefertari Tomb');
INSERT INTO TripsPlaces (TripName, PlaceName) VALUES ('Luxor Ventures', 'Ramose Tomb');
INSERT INTO TripsPlaces (TripName, PlaceName) VALUES ('Luxor Ventures', 'Ramesseum Temple');
INSERT INTO TripsPlaces (TripName, PlaceName) VALUES ('Luxor Ventures', 'Carter House & Tutankhamun''s Replica Tomb');
INSERT INTO TripsPlaces (TripName, PlaceName) VALUES ('Necropolis Trails', 'Menna & Nakht Tombs');
INSERT INTO TripsPlaces (TripName, PlaceName) VALUES ('Necropolis Trails', 'Rekhmire & Sennefer Tombs');
INSERT INTO TripsPlaces (TripName, PlaceName) VALUES ('Necropolis Trails', 'Userhat & Khaemwaset Tombs');
INSERT INTO TripsPlaces (TripName, PlaceName) VALUES ('Necropolis Trails', 'El-Asasif Necropolis');
INSERT INTO TripsPlaces (TripName, PlaceName) VALUES ('Necropolis Trails', 'Baba Tomb');
INSERT INTO TripsPlaces (TripName, PlaceName) VALUES ('Necropolis Trails', 'El-Khokha Tombs');
INSERT INTO TripsPlaces (TripName, PlaceName) VALUES ('Necropolis Trails', 'Sheikh Abd El-Qurna North Tombs');
INSERT INTO TripsPlaces (TripName, PlaceName) VALUES ('Necropolis Trails', 'Sheikh Abd El-Qurna South Tombs');
INSERT INTO TripsPlaces (TripName, PlaceName) VALUES ('Aswan Explorations', 'Sun Festival (Abu Simbel Temples October 22 & February 22)');
INSERT INTO TripsPlaces (TripName, PlaceName) VALUES ('Aswan Explorations', 'Vehicle Tickets for Abu Simbel Temples');
INSERT INTO TripsPlaces (TripName, PlaceName) VALUES ('Aswan Explorations', 'Philae Temples Panorama');
INSERT INTO TripsPlaces (TripName, PlaceName) VALUES ('Aswan Explorations', 'Unfinished Obelisk');
INSERT INTO TripsPlaces (TripName, PlaceName) VALUES ('Aswan Explorations', 'El-Kab');
INSERT INTO TripsPlaces (TripName, PlaceName) VALUES ('Aswan Explorations', 'Seheil Island');
INSERT INTO TripsPlaces (TripName, PlaceName) VALUES ('Aswan Explorations', 'Gebel Silsila');
INSERT INTO TripsPlaces (TripName, PlaceName) VALUES ('Aswan Explorations', 'Vehicle Tickets for Kom Ombo Temple');
INSERT INTO TripsPlaces (TripName, PlaceName) VALUES ('Upper Egypt Odyssey', 'Dendera Temple Panorama');
INSERT INTO TripsPlaces (TripName, PlaceName) VALUES ('Upper Egypt Odyssey', 'Dendera Temple Crypts');
INSERT INTO TripsPlaces (TripName, PlaceName) VALUES ('Upper Egypt Odyssey', 'Esna Temple');
INSERT INTO TripsPlaces (TripName, PlaceName) VALUES ('Upper Egypt Odyssey', 'El-Tod Temple');
INSERT INTO TripsPlaces (TripName, PlaceName) VALUES ('Upper Egypt Odyssey', 'Al-Ma''ala Tombs');
INSERT INTO TripsPlaces (TripName, PlaceName) VALUES ('Upper Egypt Odyssey', 'Al-Jadawi Wekala');
INSERT INTO TripsPlaces (TripName, PlaceName) VALUES ('Upper Egypt Odyssey', 'Mut Temple (Karnak Complex)');
INSERT INTO TripsPlaces (TripName, PlaceName) VALUES ('Upper Egypt Odyssey', 'Seti I Temple');
INSERT INTO TripsPlaces (TripName, PlaceName) VALUES ('Upper Egypt Odyssey', 'Qurna Merai Necropolis');
INSERT INTO TripsPlaces (TripName, PlaceName) VALUES ('Ancient Echoes', 'Mit Rahina (Memphis) Archaeological Area');
INSERT INTO TripsPlaces (TripName, PlaceName) VALUES ('Ancient Echoes', 'Vehicle Tickets for Mit Rahina Archaeological Area');
INSERT INTO TripsPlaces (TripName, PlaceName) VALUES ('Ancient Echoes', 'Royal Tomb of Akhenaten');
INSERT INTO TripsPlaces (TripName, PlaceName) VALUES ('Ancient Echoes', 'Mizawqa Tombs');
INSERT INTO TripsPlaces (TripName, PlaceName) VALUES ('Ancient Echoes', 'Shunet El-Zebib and Kom El-Sultan');
INSERT INTO TripsPlaces (TripName, PlaceName) VALUES ('Ancient Echoes', 'Sheikh Hamad Area');
INSERT INTO TripsPlaces (TripName, PlaceName) VALUES ('Ancient Echoes', 'Merenptah Temple');
INSERT INTO TripsPlaces (TripName, PlaceName) VALUES ('Ancient Echoes', 'Isis Temple (Deir Shalwit)');
INSERT INTO TripsPlaces (TripName, PlaceName) VALUES ('Ancient Echoes', 'El-Asasif Necropolis');
INSERT INTO TripsPlaces (TripName, PlaceName) VALUES ('Mediterranean Shores', 'Qaitbay Citadel (Alexandria)');
INSERT INTO TripsPlaces (TripName, PlaceName) VALUES ('Mediterranean Shores', 'Sunken Monuments of the Eastern Harbor');
INSERT INTO TripsPlaces (TripName, PlaceName) VALUES ('Mediterranean Shores', 'Anfushi Tombs');
INSERT INTO TripsPlaces (TripName, PlaceName) VALUES ('Mediterranean Shores', 'Al-Shatby Necropolis');
INSERT INTO TripsPlaces (TripName, PlaceName) VALUES ('Mediterranean Shores', 'Rashid (Rosetta) Monuments');
INSERT INTO TripsPlaces (TripName, PlaceName) VALUES ('Red Sea Retreat', 'Hurghada Museum');
INSERT INTO TripsPlaces (TripName, PlaceName) VALUES ('Red Sea Retreat', 'El-Quseir Citadel');
INSERT INTO TripsPlaces (TripName, PlaceName) VALUES ('Red Sea Retreat', 'Sharm El-Sheikh Museum');
INSERT INTO TripsPlaces (TripName, PlaceName) VALUES ('Red Sea Retreat', 'Salah El-Din Citadel (Taba)');
INSERT INTO TripsPlaces (TripName, PlaceName) VALUES ('Red Sea Retreat', 'Qaitbay Citadel (Rosetta)');
INSERT INTO TripsPlaces (TripName, PlaceName) VALUES ('Desert Sanctuaries', 'Temple of the Oracle (Siwa)');
INSERT INTO TripsPlaces (TripName, PlaceName) VALUES ('Desert Sanctuaries', 'Deir El-Hagar Temple');
INSERT INTO TripsPlaces (TripName, PlaceName) VALUES ('Desert Sanctuaries', 'St. Catherine''s Monastery');
INSERT INTO TripsPlaces (TripName, PlaceName) VALUES ('Desert Sanctuaries', 'Anba Paula Monastery');
INSERT INTO TripsPlaces (TripName, PlaceName) VALUES ('Desert Sanctuaries', 'Anba Antonius Monastery');
INSERT INTO TripsPlaces (TripName, PlaceName) VALUES ('Desert Sanctuaries', 'Virgin Mary Monastery');
INSERT INTO TripsPlaces (TripName, PlaceName) VALUES ('Desert Serenity', 'Anba Bishoy Monastery');
INSERT INTO TripsPlaces (TripName, PlaceName) VALUES ('Desert Serenity', 'El-Suryan Monastery');
INSERT INTO TripsPlaces (TripName, PlaceName) VALUES ('Desert Serenity', 'Baramus Monastery');
INSERT INTO TripsPlaces (TripName, PlaceName) VALUES ('Desert Serenity', 'Anba Makarios Monastery');
INSERT INTO TripsPlaces (TripName, PlaceName) VALUES ('Desert Serenity', 'Al-Muharraq Monastery');
INSERT INTO TripsPlaces (TripName, PlaceName) VALUES ('Spiritual Nile', 'The White Monastery');
INSERT INTO TripsPlaces (TripName, PlaceName) VALUES ('Spiritual Nile', 'The Red Monastery');
INSERT INTO TripsPlaces (TripName, PlaceName) VALUES ('Spiritual Nile', 'Seheil Island');
INSERT INTO TripsPlaces (TripName, PlaceName) VALUES ('Spiritual Nile', 'Tree of the Virgin Mary');
INSERT INTO TripsPlaces (TripName, PlaceName) VALUES ('Spiritual Nile', 'Church of Abu Serga');


 
