

INSERT INTO Governorates (Name, Photo) VALUES ('Cairo', 'https://upload.wikimedia.org/wikipedia/commons/thumb/1/19/Emblem_Cairo_Governorate.svg/393px-Emblem_Cairo_Governorate.svg.png');
INSERT INTO Governorates (Name, Photo) VALUES ('Giza', 'https://upload.wikimedia.org/wikipedia/commons/c/c0/Coat_of_arms_of_Giza_Governorate.jpg');
INSERT INTO Governorates (Name, Photo) VALUES ('Luxor', 'https://upload.wikimedia.org/wikipedia/commons/9/90/Emblem_Luxor_Governorate.jpg');
INSERT INTO Governorates (Name, Photo) VALUES ('Aswan', 'https://upload.wikimedia.org/wikipedia/commons/5/5f/Emblem_Aswan_Governorate.jpg');
INSERT INTO Governorates (Name, Photo) VALUES ('Alexandria', 'https://upload.wikimedia.org/wikipedia/commons/thumb/5/57/Coat_of_Arms_-_Alexandria%2C_Egypt.svg/800px-Coat_of_Arms_-_Alexandria%2C_Egypt.svg.png');
INSERT INTO Governorates (Name, Photo) VALUES ('Bahariya', 'https://upload.wikimedia.org/wikipedia/commons/1/19/Coat_of_Arms_of_Behira_Govenorate.png');
INSERT INTO Governorates (Name, Photo) VALUES ('Suez', 'https://upload.wikimedia.org/wikipedia/commons/b/b2/Coat_of_arms_of_Suze_Governorate.JPG');
INSERT INTO Governorates (Name, Photo) VALUES ('Ismailia', 'https://upload.wikimedia.org/wikipedia/commons/2/24/Emblem_Ismailia_Governorate.jpg');
INSERT INTO Governorates (Name, Photo) VALUES ('Siwa', 'https://upload.wikimedia.org/wikipedia/commons/e/e6/Matrouh_Governorate-logo.PNG');
INSERT INTO Governorates (Name, Photo) VALUES ('Matrouh', 'https://upload.wikimedia.org/wikipedia/commons/3/3e/Coat_of_arms_of_Matrouh_Governorate.jpg');
INSERT INTO Governorates (Name, Photo) VALUES ('Kafr El-Sheikh', 'https://upload.wikimedia.org/wikipedia/commons/4/4f/Coat_of_arms_of_Kafr_El-Sheikh_Governorate.jpg');
INSERT INTO Governorates (Name, Photo) VALUES ('Sharqia', 'https://upload.wikimedia.org/wikipedia/commons/5/56/Emblem_Sharqia_Governorate.jpg');
INSERT INTO Governorates (Name, Photo) VALUES ('Fayoum', 'https://upload.wikimedia.org/wikipedia/commons/0/0e/Coat_of_arms_of_Fayoum_Governorate.jpg');
INSERT INTO Governorates (Name, Photo) VALUES ('Minya', 'https://upload.wikimedia.org/wikipedia/commons/thumb/f/f1/Coat_of_arms_of_Minya_Govenorate.JPG/117px-Coat_of_arms_of_Minya_Govenorate.JPG');
INSERT INTO Governorates (Name, Photo) VALUES ('Sohag', 'https://upload.wikimedia.org/wikipedia/commons/c/c8/Emblem_Sohag_Governorate.jpg');
INSERT INTO Governorates (Name, Photo) VALUES ('Qena', 'https://upload.wikimedia.org/wikipedia/commons/1/16/Emblem_Qena_Governorate.jpg');
INSERT INTO Governorates (Name, Photo) VALUES ('Red Sea', 'https://upload.wikimedia.org/wikipedia/commons/1/18/Coat_of_arms_of_Red_Sea_Governorate.JPG');
INSERT INTO Governorates (Name, Photo) VALUES ('Sinai', 'https://upload.wikimedia.org/wikipedia/commons/e/e5/Emblem_South_Sinai_Governorate.jpg');
INSERT INTO Governorates (Name, Photo) VALUES ('Rashid', 'https://upload.wikimedia.org/wikipedia/commons/4/4e/Rosetta-Montage.png');
INSERT INTO Governorates (Name, Photo) VALUES ('Wadi El Natrun', 'https://upload.wikimedia.org/wikipedia/commons/8/8d/WadiEl-NatrunPics.jpg');
INSERT INTO Governorates (Name, Photo) VALUES ('Tanta', 'https://safariword.com/wp-content/uploads/2024/06/%D9%85%D8%AF%D9%8A%D9%86%D8%A9-%D8%B7%D9%86%D8%B7%D8%A7.jpg');
INSERT INTO Governorates (Name, Photo) VALUES ('New Valley', 'https://i0.wp.com/landioustravel.com/wp-content/uploads/2022/05/New-Valley-Governorate-e1651652412280.jpg?fit=1200%2C675&ssl=1');
INSERT INTO Governorates (Name, Photo) VALUES ('Esna', 'https://media.istockphoto.com/id/183251675/photo/ancient-egyptian-pillars.jpg?s=612x612&w=0&k=20&c=7HZ2mw2L1k2ts6P8mHotlobeVrAd21irJ0H3zCou2e4=');




INSERT INTO Places (Name, Government_name, VisitingHours, Location, Description, Photo, GoogleRate) VALUES ('Salah El-Din Citadel', 'Cairo', '5 AM - 8 PM', 'https://www.google.com/maps/search/?api=1&query=Salah+El-Din+Citadel', 'A medieval Islamic-era fortress with mosques and museums.', 'https://images.pexels.com/photos/30881623/pexels-photo-30881623/free-photo-of-alabaster-mosque-under-a-clear-blue-sky.jpeg?auto=compress&cs=tinysrgb&w=1260&h=750&dpr=1', 4.1);
INSERT INTO Places (Name, Government_name, VisitingHours, Location, Description, Photo, GoogleRate) VALUES ('Baron Palace', 'Cairo', '9 AM - 5 PM', 'https://www.google.com/maps/search/?api=1&query=Baron+Palace', 'A unique Hindu-style palace built in the early 20th century.', 'https://images.pexels.com/photos/24509470/pexels-photo-24509470/free-photo-of-baron-empain-palace-in-cairo.jpeg', 4.9);
INSERT INTO Places (Name, Government_name, VisitingHours, Location, Description, Photo, GoogleRate) VALUES ('Islamic Art Museum', 'Cairo', '9 AM - 5 PM', 'https://www.google.com/maps/search/?api=1&query=Islamic+Art+Museum', 'A museum showcasing Islamic artifacts and architecture.', 'https://upload.wikimedia.org/wikipedia/commons/d/da/GD-EG-Caire-Mus%C3%A9eIslam001.JPG', 4.6);
INSERT INTO Places (Name, Government_name, VisitingHours, Location, Description, Photo, GoogleRate) VALUES ('Egyptian Museum', 'Cairo', '9 AM - 5 PM', 'https://www.google.com/maps/search/?api=1&query=Egyptian+Museum', 'Home to the world’s largest collection of ancient Egyptian artifacts.', 'https://www.worldtouradvice.com/files/xlarge/182391445-The-Grand-Egyptian-Museum-In-Cairo.jpg', 4.4);
INSERT INTO Places (Name, Government_name, VisitingHours, Location, Description, Photo, GoogleRate) VALUES ('Giza Pyramids', 'Giza', '5 AM - 7 PM', 'https://www.google.com/maps/search/?api=1&query=Giza+Pyramids', 'The iconic pyramids one of the Seven Wonders of the Ancient World.', 'https://images.pexels.com/photos/7566890/pexels-photo-7566890.jpeg', 3.7);
INSERT INTO Places (Name, Government_name, VisitingHours, Location, Description, Photo, GoogleRate) VALUES ('Sphinx', 'Giza', '5 AM - 7 PM', 'https://www.google.com/maps/search/?api=1&query=Sphinx', 'A limestone statue with a lion''s body and a human head.', 'https://images.pexels.com/photos/3185480/pexels-photo-3185480.jpeg?auto=compress&cs=tinysrgb&w=1260&h=750&dpr=1', 3.7);
INSERT INTO Places (Name, Government_name, VisitingHours, Location, Description, Photo, GoogleRate) VALUES ('Karnak Temple', 'Luxor', '5 AM - 6 PM', 'https://www.google.com/maps/search/?api=1&query=Karnak+Temple', 'A vast temple complex dedicated to Amun-Ra in ancient Thebes.', 'https://media.istockphoto.com/id/183276693/photo/karnak-temple-at-dawn.jpg?s=1024x1024&w=is&k=20&c=ga7nHUaAsSy8cp9UpsZG56wshx7TWDoI2upeK8-p4os=', 3.6);
INSERT INTO Places (Name, Government_name, VisitingHours, Location, Description, Photo, GoogleRate) VALUES ('Valley of the Kings', 'Luxor', '5 AM - 5 PM', 'https://www.google.com/maps/search/?api=1&query=Valley+of+the+Kings', 'The burial site of many ancient Egyptian pharaohs.', 'https://upload.wikimedia.org/wikipedia/commons/thumb/0/0c/Luxor%2C_Tal_der_K%C3%B6nige_%281995%2C_860x605%29.jpg/640px-Luxor%2C_Tal_der_K%C3%B6nige_%281995%2C_860x605%29.jpg', 4.8);
INSERT INTO Places (Name, Government_name, VisitingHours, Location, Description, Photo, GoogleRate) VALUES ('Abu Simbel Temple', 'Aswan', '5 AM - 6 PM', 'https://www.google.com/maps/search/?api=1&query=Abu+Simbel+Temple', 'A massive rock temple built by Pharaoh Ramses II.', 'https://media.istockphoto.com/id/1018413814/photo/the-front-of-the-abu-simbel-temple-aswan-egypt.jpg?s=1024x1024&w=is&k=20&c=1PqjwZtFJdzpOZWh2N4_oEyFVMYVWvIg49dR_asdvaY=', 4.4);
INSERT INTO Places (Name, Government_name, VisitingHours, Location, Description, Photo, GoogleRate) VALUES ('Philae Temple', 'Aswan', '7 AM - 5 PM', 'https://www.google.com/maps/search/?api=1&query=Philae+Temple', 'An ancient temple complex dedicated to the goddess Isis.', 'https://images.unsplash.com/photo-1660661896444-b90f06a68059?q=80&w=1448&auto=format&fit=crop&ixlib=rb-4.0.3&ixid=M3wxMjA3fDB8MHxwaG90by1wYWdlfHx8fGVufDB8fHx8fA%3D%3D', 4.6);
INSERT INTO Places (Name, Government_name, VisitingHours, Location, Description, Photo, GoogleRate) VALUES ('Roman Theater', 'Alexandria', '9 AM - 5 PM', 'https://www.google.com/maps/search/?api=1&query=Roman+Theater', 'A well-preserved Greco-Roman amphitheater in Alexandria.', 'https://www.egypttourpackages.com/images/egypt_blog/The-Roman-Theater.jpg', 3.5);
INSERT INTO Places (Name, Government_name, VisitingHours, Location, Description, Photo, GoogleRate) VALUES ('Qaitbay Citadel', 'Alexandria', '8 AM - 5 PM', 'https://www.google.com/maps/search/?api=1&query=Qaitbay+Citadel', 'A 15th-century fortress built on the ruins of the Lighthouse of Alexandria.', 'https://images.unsplash.com/photo-1738511574956-9529fd9f84f1?q=80&w=1470&auto=format&fit=crop&ixlib=rb-4.0.3&ixid=M3wxMjA3fDB8MHxwaG90by1wYWdlfHx8fGVufDB8fHx8fA%3D%3D', 5);
INSERT INTO Places (Name, Government_name, VisitingHours, Location, Description, Photo, GoogleRate) VALUES ('Al-Mawlawi Tekkiyeh', 'Cairo', '9 AM - 5 PM', 'https://www.google.com/maps/search/?api=1&query=Al-Mawlawi+Tekkiyeh', 'A historic Sufi lodge in Cairo associated with the Mevlevi order known for its whirling dervish ceremonies.', 'https://static.majalla.com/styles/1200xauto/public/2022-08/Takiya-1.JPG?VersionId=dXxKkLCM4gXB43SXU4p7.5zNSVGlA.s0', 4.7);
INSERT INTO Places (Name, Government_name, VisitingHours, Location, Description, Photo, GoogleRate) VALUES ('Al-Ghouri Complex (Dome Sabil and House)', 'Cairo', '9 AM - 5 PM', 'https://www.google.com/maps/search/?api=1&query=Al-Ghouri+Complex', 'An architectural ensemble from the Mamluk era featuring a mausoleum a sabil and a residence.', 'https://egymonuments.gov.eg/media/7621/mausoleum-and-sabil-kuttab-portal.jpg?anchor=center&mode=crop&width=645&height=423&rnd=133860803520000000', 3.8);
INSERT INTO Places (Name, Government_name, VisitingHours, Location, Description, Photo, GoogleRate) VALUES ('Al-Ghouri Wekala', 'Cairo', '9 AM - 5 PM', 'https://www.google.com/maps/search/?api=1&query=Al-Ghouri+Wekala', 'A 16th-century caravanserai built by Sultan Al-Ghouri now a cultural venue for arts.', 'https://egymonuments.gov.eg//media/7596/gore.jpg?anchor=center&mode=crop&width=1200&height=630&rnd=133819325160000000', 3.8);
INSERT INTO Places (Name, Government_name, VisitingHours, Location, Description, Photo, GoogleRate) VALUES ('Gamal El-Din Al-Dhahabi House', 'Cairo', '9 AM - 5 PM', 'https://www.google.com/maps/search/?api=1&query=Gamal+El-Din+Al-Dhahabi+House', 'A well-preserved Mamluk-era house showcasing traditional Cairene architecture.', 'https://egymonuments.gov.eg//media/5508/%D8%AC%D9%85%D8%A7%D9%84-%D8%A7%D9%84%D8%AF%D9%8A%D9%86-%D8%A7%D9%84%D8%B0%D9%87%D8%A8%D9%8A0.jpeg?anchor=center&mode=crop&width=1200&height=630&rnd=133860794200000000', 3.8);
INSERT INTO Places (Name, Government_name, VisitingHours, Location, Description, Photo, GoogleRate) VALUES ('Ali Labib House', 'Cairo', '9 AM - 5 PM', 'https://www.google.com/maps/search/?api=1&query=Ali+Labib+House', 'A historic residence reflecting traditional Egyptian architecture.', 'https://lh3.googleusercontent.com/proxy/bButsFvwEJ1qDNjCxUVjP-4vZjSQij3gUD4L2pfR14WcyItW3dEZvuBg-S9thdSHmEVjjWpV4kdJWCKLRYotvqs_TxUv8llP4RwVptxSNkS7pPNSJbE8uhd22yOKyvlJgziaNcpuiLxMBczJXIX4QZBWfXypTCQnRo5PeriGbU5U5SfunqEkmHeREjV2toXXSEAyHcIbsndH3Mi5lCk6v74GB16xkJQK3FaM7taNFG-Ijiw', 4);
INSERT INTO Places (Name, Government_name, VisitingHours, Location, Description, Photo, GoogleRate) VALUES ('Al-Harawi House', 'Cairo', '9 AM - 5 PM', 'https://www.google.com/maps/search/?api=1&query=Al-Harawi+House', 'An 18th-century house known for its intricate design and cultural significance.', 'https://hurghadalovers.com/wp-content/uploads/2022/11/Harawi-House-in-Cairo-Egypt-Facts-of-Archaeological-House-and-ancient-Islamic-monuments-900x530.jpg', 4.3);
INSERT INTO Places (Name, Government_name, VisitingHours, Location, Description, Photo, GoogleRate) VALUES ('Qaytbay Sabil-Kuttab (Salah Al-Din Street)', 'Cairo', '8 AM - 5 PM', 'https://www.google.com/maps/search/?api=1&query=Qaytbay+Sabil-Kuttab', 'A Mamluk-era structure combining a fountain and a Quranic school.', 'https://www.egypttoday.com/siteimages/Larg/20210928030728728.jpg', 4.1);
INSERT INTO Places (Name, Government_name, VisitingHours, Location, Description, Photo, GoogleRate) VALUES ('Prince Taz Palace', 'Cairo', '9 AM - 5 PM', 'https://www.google.com/maps/search/?api=1&query=Prince+Taz+Palace', 'A 14th-century palace showcasing Mamluk architecture and history.', 'https://live.staticflickr.com/2934/33644846422_ecf18e9100_b.jpg', 3.9);
INSERT INTO Places (Name, Government_name, VisitingHours, Location, Description, Photo, GoogleRate) VALUES ('Al-Sitt Wasila House', 'Cairo', '9 AM - 5 PM', 'https://www.google.com/maps/search/?api=1&query=Al-Sitt+Wasila+House', 'A historic house from the Ottoman period with traditional design elements.', 'https://hurghadalovers.com/wp-content/uploads/2022/11/Wasila-House-in-Cairo-Egypt-Facts-22Beit-El-Sit-El-Wasila22-Historical-landmark-History.jpg', 4.4);
INSERT INTO Places (Name, Government_name, VisitingHours, Location, Description, Photo, GoogleRate) VALUES ('Ahmad Ibn Tulun Mosque', 'Cairo', '8 AM - 5 PM', 'https://www.google.com/maps/search/?api=1&query=Ahmad+Ibn+Tulun+Mosque', 'One of the oldest mosques in Egypt built in the 9th century with a unique spiral minaret.', 'https://beta.sis.gov.eg/media/238116/%D8%AC%D8%A7%D9%85%D8%B9-%D8%A3%D8%AD%D9%85%D8%AF-%D8%A8%D9%86-%D8%B7%D9%88%D9%84%D9%88%D9%86.jpg', 3.7);
INSERT INTO Places (Name, Government_name, VisitingHours, Location, Description, Photo, GoogleRate) VALUES ('Nileometer', 'Cairo', '9 AM - 5 PM', 'https://www.google.com/maps/search/?api=1&query=Nileometer', 'An ancient structure used to measure the Nile River’s flood levels.', 'https://upload.wikimedia.org/wikipedia/commons/4/4f/Cairo_Nilometer_2.jpg', 3.9);
INSERT INTO Places (Name, Government_name, VisitingHours, Location, Description, Photo, GoogleRate) VALUES ('Manial Palace', 'Cairo', '9 AM - 5 PM', 'https://www.google.com/maps/search/?api=1&query=Manial+Palace', 'A royal residence from the early 20th century with gardens and museums.', 'https://www.egypttoursportal.com/images/2023/01/Mohamed-Ali-Manial-Palace-Egypt-Tours-Portal.jpg', 4);
INSERT INTO Places (Name, Government_name, VisitingHours, Location, Description, Photo, GoogleRate) VALUES ('Nafisa Al-Bayda Sabil-Kuttab', 'Cairo', '8 AM - 5 PM', 'https://www.google.com/maps/search/?api=1&query=Nafisa+Al-Bayda+Sabil-Kuttab', 'A historic sabil-kuttab from the Ottoman era reflecting charitable architecture.', 'https://static2.bigstockphoto.com/8/1/1/large1500/118071377.jpg', 4.2);
INSERT INTO Places (Name, Government_name, VisitingHours, Location, Description, Photo, GoogleRate) VALUES ('Royal Family Tombs', 'Cairo', '9 AM - 5 PM', 'https://www.google.com/maps/search/?api=1&query=Royal+Family+Tombs', 'Burial site for members of the Egyptian royal family from the Muhammad Ali dynasty.', 'https://i.pinimg.com/736x/8e/7e/98/8e7e982d149f17b424171a359bd7ec14.jpg', '4.7');
INSERT INTO Places (Name, Government_name, VisitingHours, Location, Description, Photo, GoogleRate) VALUES ('Tree of the Virgin Mary', 'Cairo', '9 AM - 5 PM', 'https://www.google.com/maps/search/?api=1&query=Tree+of+the+Virgin+Mary', 'A sacred site in Matariya believed to be visited by the Holy Family.', 'https://www.cairotoptours.com/storage/2558/conversions/Virgin%20Mary\s%20Tree%20in%20Mataria,%20Cairo-webp.webp', 3.8);
INSERT INTO Places (Name, Government_name, VisitingHours, Location, Description, Photo, GoogleRate) VALUES ('Al-Zahir Baybars Mosque', 'Cairo', '8 AM - 5 PM', 'https://www.google.com/maps/search/?api=1&query=Al-Zahir+Baybars+Mosque', 'A 13th-century mosque built by Sultan Baybars known for its large courtyard.', 'https://www.arabcont.com/Images/ProjectImage/Baybars_Mosque-10.jpg', 4.3);
INSERT INTO Places (Name, Government_name, VisitingHours, Location, Description, Photo, GoogleRate) VALUES ('The Hanging Church', 'Cairo', '9 AM - 5 PM', 'https://www.google.com/maps/search/?api=1&query=The+Hanging+Church', 'One of the oldest Coptic churches in Egypt built above a Roman fortress.', 'https://lh3.googleusercontent.com/proxy/2qFQs8xHv8nD6HK_GNHpriPo3mPYjzYgm139QMC_Uul0jtdgjsGsYGgHZIazsGY2aU3GvbG3HUhr8HJWTbWw2_l_xRuzdEgVuBF9U54d-sKtgSOL-9WVRRIR4S_4cM4', 4.4);
INSERT INTO Places (Name, Government_name, VisitingHours, Location, Description, Photo, GoogleRate) VALUES ('Church of Abu Serga', 'Cairo', '9 AM - 5 PM', 'https://www.google.com/maps/search/?api=1&query=Church+of+Abu+Serga', 'An ancient Coptic church believed to be a resting place of the Holy Family.', 'https://d3rr2gvhjw0wwy.cloudfront.net/uploads/activity_headers/324654/900x600-1-50-0202c6e2499ca7d80b3a667404843ea4.jpg', 3.6);
INSERT INTO Places (Name, Government_name, VisitingHours, Location, Description, Photo, GoogleRate) VALUES ('Ben Ezra Synagogue', 'Cairo', '9 AM - 4 PM', 'https://www.google.com/maps/search/?api=1&query=Ben+Ezra+Synagogue', 'A historic synagogue in Old Cairo known for the discovery of the Cairo Geniza.', 'https://images.dailynewsegypt.com/2023/08/Ben-Ezra-Synagogue-Oldest-Jewish-temple-in-Egypt-opened-after-restoration-.jpeg', 4.4);
INSERT INTO Places (Name, Government_name, VisitingHours, Location, Description, Photo, GoogleRate) VALUES ('Amr Ibn Al-As Mosque', 'Cairo', '8 AM - 5 PM', 'https://www.google.com/maps/search/?api=1&query=Amr+Ibn+Al-As+Mosque', 'The first mosque built in Egypt and Africa dating back to 641 AD.', 'https://egymonuments.gov.eg//media/1254/dsc_0840-copy.jpg?anchor=center&mode=crop&width=1200&height=630&rnd=133458237510000000', 3.8);
INSERT INTO Places (Name, Government_name, VisitingHours, Location, Description, Photo, GoogleRate) VALUES ('Al-Darb Al-Ahmar Tourist Path', 'Cairo', '9 AM - 5 PM', 'https://www.google.com/maps/search/?api=1&query=Al-Darb+Al-Ahmar+Tourist+Path', 'A historic district with preserved Islamic architecture and monuments.', 'https://encrypted-tbn0.gstatic.com/images?q=tbn:ANd9GcRMNipMPAcfN0D0o6U2uCNMPdkwQ-M8CqXL_w&s', 3.6);
INSERT INTO Places (Name, Government_name, VisitingHours, Location, Description, Photo, GoogleRate) VALUES ('Senusret I Obelisk (Matareya)', 'Cairo', '9 AM - 5 PM', 'https://www.google.com/maps/search/?api=1&query=Senusret+I+Obelisk', 'An ancient obelisk from the 12th Dynasty located in Matariya.', 'https://cairoscene.com/Content/Admin/Uploads/Articles/ArticlesMainPhoto/1023850/7275bc8d-69d0-45e3-82da-87466231bc63.jpg', 4.9);
INSERT INTO Places (Name, Government_name, VisitingHours, Location, Description, Photo, GoogleRate) VALUES ('The Egyptian Museum (Tahrir Square)', 'Cairo', '9 AM - 5 PM', 'https://www.google.com/maps/search/?api=1&query=Egyptian+Museum+Tahrir+Square', 'Another name for the Egyptian Museum with ancient artifacts.', 'https://upload.wikimedia.org/wikipedia/commons/thumb/7/71/The_Egyptian_Museum.jpg/250px-The_Egyptian_Museum.jpg', 4.9);
INSERT INTO Places (Name, Government_name, VisitingHours, Location, Description, Photo, GoogleRate) VALUES ('Audio Guide (for Groups) - The Egyptian Museum', 'Cairo', '9 AM - 5 PM', 'https://www.google.com/maps/search/?api=1&query=Egyptian+Museum', 'Audio guide service for group visits to the Egyptian Museum.', 'https://www.audioguides-bluehertz.com/assets2/images/05-audioguide-cairo-museum.webp', 4.7);
INSERT INTO Places (Name, Government_name, VisitingHours, Location, Description, Photo, GoogleRate) VALUES ('Museum of Islamic Art', 'Cairo', '9 AM - 5 PM', 'https://www.google.com/maps/search/?api=1&query=Museum+of+Islamic+Art', 'Another listing for the Islamic Art Museum with artifacts.', 'https://egymonuments.gov.eg/media/1008/panorama001.jpg?crop=0.20892845252167036,0,0.23603608648542249,0.0000000000000009630681682485&cropmode=percentage&width=645&height=423&rnd=133853902700000000', 4);
INSERT INTO Places (Name, Government_name, VisitingHours, Location, Description, Photo, GoogleRate) VALUES ('The Coptic Museum', 'Cairo', '9 AM - 5 PM', 'https://www.google.com/maps/search/?api=1&query=The+Coptic+Museum', 'A museum dedicated to Coptic Christian art and history.', 'https://momaa.org/wp-content/uploads/2019/10/0c083bfe12667d356c591c3072498e27-coptic-museum.png', 3.6);
INSERT INTO Places (Name, Government_name, VisitingHours, Location, Description, Photo, GoogleRate) VALUES ('Prince Mohammed Ali Palace (Al-Manial Palace Museum)', 'Cairo', '9 AM - 5 PM', 'https://www.google.com/maps/search/?api=1&query=Prince+Mohammed+Ali+Palace', 'Another name for Manial Palace with royal artifacts.', 'https://egymonuments.gov.eg/media/5796/whatsapp-image-2020-07-02-at-95538-pm.jpeg?crop=0,0.17160342717258253,0,0&cropmode=percentage&width=645&height=423&rnd=133853902140000000', 4.5);
INSERT INTO Places (Name, Government_name, VisitingHours, Location, Description, Photo, GoogleRate) VALUES ('Cairo Airport Museum 2', 'Cairo', '24 Hours', 'https://www.google.com/maps/search/?api=1&query=Cairo+Airport+Museum+2', 'A museum at Cairo Airport showcasing Egyptian heritage.', 'https://betamedia.experienceegypt.eg/media/experienceegypt/img/Original/2022/8/11/2022_8_11_17_0_32_232.jpg', 4.2);
INSERT INTO Places (Name, Government_name, VisitingHours, Location, Description, Photo, GoogleRate) VALUES ('Cairo Airport Museum 3', 'Cairo', '24 Hours', 'https://www.google.com/maps/search/?api=1&query=Cairo+Airport+Museum+3', 'Another museum at Cairo Airport with historical exhibits.', 'data:image/jpeg;base64,/9j/4AAQSkZJRgABAQAAAQABAAD/2wCEAAkGBxMSEhUSExIVFRUXFxcVFxcYFRUXFxUVFRcXFhUVFhYYHSggGBolGxUVITEhJSkrLi4uFx8zODMtNygtLisBCgoKDg0OGhAQGy4lHyUtLS0tLS0tLS0tLS0tLS0tLS0tLS0tLS0tLS0tLS0tLS0tLS0tLS0tKy0tLS0tLS0tLf/AABEIAKMBNgMBIgACEQEDEQH/xAAbAAABBQEBAAAAAAAAAAAAAAAEAAIDBQYBB//EAEgQAAEDAwEEBgUICQMCBwEAAAEAAhEDBCESBTFBUQYiYXGBkRMyobHRFEJSU5KiwfAHFSNUYnKT0uEzgoNDwhckVWOjsvEW/8QAGgEAAwEBAQEAAAAAAAAAAAAAAQIDBAAFBv/EACsRAAICAQQBAwMEAwEAAAAAAAABAhEDBBIhMVETQXEiMpEFFDNhUqHBI//aAAwDAQACEQMRAD8A8+c1QvainBQvCoIRseWmQYP53qytdpcHY7eH+FWLoSSimMpNGopVZyEXTqTgrJUKzm7j4cFbWl+HYOD7+4qMoNFozs0VAx3K1s6g/JWeoVCrG3d4JRzdbHqNxlba3jSIXlezL3SYhbfY21werKaPAkkWm1LYObMZWH2rQOSB+StbtLaA09U7lkL7aR1TA7jkFFpNgTaKa6tnMdDhE7t0HuIwVw0xpOFNcXutoYQAB6sR1czyn2prKnVIUprwWgzPXeDKBrOjO4c5CP2iFTXVs18agcYBBhMkK2TU3zuM9xR9mDvgxHJV1m4MGnTqHDhHlvR9i8TMEYPHmIzzXNBTJarwg6tRTvcYQdVyCXAW+RzavGfzwXW3O7O/dnfwxzyh21gAcAzjInxQ+sBwcPmthvYYjV5ye9OoRfbJynJPhFs27/i9qIpXB371UfrOm2A4O0gRAieXun7RUdba4cZId5CABgAZ5IvD/jyCOb/Lgv23Du1Ttqvc1zWmCQQDyJEDfhZf9aDkfYPitB0baLjXEjTp3x86fgpvFKKtoossZOkw2hsp9i0UXVWVD63Udqa3VvbPOZPimvunc03aAa0xrk+5V5ekavkdOlQS+4coH1yhqlXgo3ORSOsmdUKjdVjfjvUD3oVzTM6s8+PcODe8CU8Yp9snKTXSDnVxuwfLd3IO0oU6UlgEnjv8B2KF1M8wOMRjviZce1xKkFVrQQ1oExLjlxiDv+aJG4Qm2xXTE3yfaCzVP5CjdX/MICrcgZJQFfaX0RPafguUGwymkW9S4QFxtNo3ZPZ8VVVaznbz8FGqrF5JSyv2Cat+89nckhoST7UT3PyXTgonhTFMcEQArgkFI9qaFzCcYERTaoqKLpNSsIXaXb2bsjkfwPBaTZ1dlTE6TyOD4c1RW9BPuKcBI4JjqdGuNIgYOPai7G8LCM4WHtdoubg5HtV7Y7Ra7cfDipuLRRNM0NbbB1Efk9yrry4nITjUoupulp9KD1XB0COIIVWK2YXBZO2uiBcYQfonTuyire1c7gPFBqwp0VN7WEkSEEQjNp7IqtrVHVqZbTOkUy15DXGOseq73wh3uH5JRQGCkid6JolVl2Aa0vJFMsGnS5whwOZjnPsVtSpY6rfb8UWBHKjkDWciXuQ7myuSC2C1Sh6hKIfEEzgRnv3JlOCJGeHijTQtp+5V1wZhTQuXjev5J5C041wZsnY1XewL91JtQNMatMnun4qmhF2FUDBmSRGD+QhmX0Bwv60XBrKKs8kQDB58vBRhw06pxzzn2IM7SpatOozMeqY81jpmy0Ft2bWt81R1ag103a2uLm9wJ0jsPNNdVUzqRIBgjvBB8jkIeszSCTgcyj7nLoa6ooXVUFc3zRhufYFX1blzuMdydY2ybyJFlWvWt3nPZkoGtfuO7HtKESVYwSJObZ1zpycriS6E4gkl0BSUaRcYRAcp0iUloLOzACSO0VyBk1y6uFKOQuUZIUlVVlwet+exBhLK3/FH24Wfp1CNxVpsy6LnQY3TPklYxpbNqfe08JtiURejCKAygqYTG1CNyfc71HSEo0CwunXqH5580a2o6ILiQcEHMoSmiqYTKCBuZaW76wA0644Q3EdmEQ2tX/j+z/hLZ945rGgyQAO8K1oXGr1XHz94VY6dMw5NdKD64+SpqC4cMNef+OfwVZd2V782lUP/AAk/9q1Ng92qr1j654o/UfpFd+2tewr/AFJKVU/yYi22fenfRqD/AIHf2o9mz7kD/Sqf0Xf2rTOquG53sHwULrt05du7B8EHp2vZFI/qEH5M4+0uPqX/ANI/BA17e4+rd/SPwWxftR44j7Lfgof1i/SZj7Dfgh6D8IZ62P8AZgq7rkfMP9L/AAhTfXI+Z/8AH/hba5uj+Wt+Crtrv/ax/CODefcueDj2OWtW6uTH3BqVHanNM7vVjd2BSGmeR8lp2ajqI4Qd7Rv5A7+4IpvVdLHPAiMkA53jHBco7eg+tu5aMaW9i6y9qU8MdAOTgH3hX9SzZUqVNU9WAM8In3lVe2LNrC3TORO+eKWTT4ZWDf3IHG16/wBZ91vwT3X1R7qb3Pk03a2YbAdESREE96C0p4KXZHwPvl5Lyr0quo/1j9in/aqjad++sJe8uPbu8BuCDqvTZwu2JdI7c32wVwTFK8KNcEauJ0KQUHcl1pHURJQuwugInHWNlXWzraMoGxoyVdUQmSEYTTCSlpNSRsUoQVwmEgVHceq7uPuUypDUumfTb5hV9d41YIWwt7Vrrak4tbOluY78fnmqC6t4cYaFOMtw8o7StDxzCO2bWa10lwGOY5hcYw8h7PgrvZGzatQgNLB3tB/7UeQWgmx2lRG+qwf7gj695TeOrUYf9zfirSn0MuNOrVbkRqgtdMb+DexAMpvo3DZZRPU1YmInu3pYz3XQ0otVZV3bG6eEgDcQT5BC0BhOr9a5rn0bMlhgbh1OHkrHZ1m1+CyM8HH3J42hZUwZiNtWSVqrDoMKrZFRzT2gOHlhEXfQupbN9KajHsBAMBzXZcGCBkHJ5pnkSdMVRb5QDsay1sG/BI8iVcU+j7jlodIHAZHkEX0RtgQ+eFWoPvLaWTHAuENDYGk8S7Oqezd7VfJk2o8/Fh3ydvyYipZaC6AMkHcPaubgWxg+UjjHHj5q92s0DvgT3wqOoVXE7Rk1MVGZE6mDw9iVLZuv5vsUlLetHssNZpc6A04k8DEiezB9iGWW1DabGpyM7X2GW72d4iFV3lEg5yfFb+8qsbVa2XOfWLWgGNIDckxiOqTn+EKg6Q2QaSpYc241anTbVwYm5GDwwhbo66gJHzRjuPNH3zcHuQRMPz9H8VpfRgi2naJrSiXHrZiAJ4DOB2I02zTA7UywcDPYR7YWj2Rss1etgAHMn3CFDI1FWbMO6bSMMaYFau3k5vkWD4FOr7LFUSTEYRW17F/ym6cHRFQMwG7msbp3zwcOCGtNntMl9I1sGNdUkBxGHaYjBzCy83Z6EEtqRSVdhvOacPbJEtcDkbxgoGvs6o3ewrRbMtQ99wG29LFbmAGg0qcMEtOMT4lE7drCpUY35PRplrD6unrDqgkwwSZHtTfXxSA5QVmEq2zvoldbSMZV9fWrnFrdNPG46B274GfFEWuyHFvqtO4SGNGeWQmSb4ElljFX/wBoyNVqhctjtLZDWaCQwkvgjGOq05gdseCqK2zQanq0wImScRIGcdqM4OPYcWaORWilp7x3hFW8kSTxRe29nijcmn+zOKR/ZElmWzgwM55JnowN34rM3dM1JVwVYT2NlcDURbMyrokWFoyArWhbmAcwd0diraS0ezMsYO08e1Z9VklCKcWaNJjjObUlfAfszZmoeo7zauLbdG9nS3hu5hJePPUzv7/9npOOGPDivweHAptY9U9x9yaHLjjgr3jxi42bUd6BgnGgHyQb4JKM2HTcbdhAEaYmQNx7SoKxLTgfipRlTKSjaXJHSoTMDdnwV/0fqNbxzyVA66Mbk63vdJwFzm/c5Y1XB6FddIIY9gnUWxMAgfNHFVW2y19ZpO4MgxAPrDcYVYzW9wLATIGACTg7vYrqytWt69XLoAicCd/fuWd5Y40/7LrBPK1/RlS0NuqoaZEUiOfqnHfOFr9j0S1mioNBD3HOPmiM8pVA67Yy8rnABp0o7xqkY4qf9ZtMmYJHPxHYmWaTrg79vGKfJ6NQ2s2hTLi8dXSZEHiMfghtv9J2vptot4ubnGdDmk8eceRWD/WnULTnG48+HtUbtpnTE5lv/wB5PuCtOFzVkISqDN/0XvdIqH/3ah+8jre7c6rWNQmCA1oBxoOqIjcce0rGbHvYpk83vPtKI+X1PpkL0ni3R4PDWdQm79mzUV7vWQ0uG5oJ3DcJKHuWBpHWa7jhZ5l641HgmRpbw4wrE1E+ONENRNSCxUgqyuK4dQewkDGof7et4YBE8O1Zi9vvRieKD2Teuq1RTL41SCTua2CXGOQAJ8FHUtVRq/T4StSNDsGuGXlBrqjn6mveC4aQ3SwwwfSOZnAgbs4uulFdunUKjSfogic+KzNTZnyYurl9NxbLaYaOsyiS1rC7Ah4nSewt5qnudrlxycFYNNwj1tX9Vk99x7igK/rD+X8VM+41NPdlCXL+sP5fxXqPo8OCplhswiHZA6zd/ctTsraApNLZBJMyD2f4WCZV394KLt9oEERz+Kzzju4ZsxvbyuwmrcTUuCeNdx+6xEbKpNfOoua1rXOcQTMNEmGgiSs47aEVKs5mo4+xvwVhs+90g6q5Y4y3Q1gk6oAlzp8QIWXLPambsGPfXgK6OhofcOAc5nysty4tMNpUp1DxUnSC0dSuoc2AWmIfIiQcZxvhDdEa+s3AqEmbqo5zmN1nUWUwToJHV6u+eO5abpX6GpWY8uFOmGADXNMGSB1TByAJ8k0c9bV+RMmmbcpfgxNQAEGDx4k8e9XNtVFMOcAIDpjdOlkxlVO1q2qsadNgLWjSxzAf2hacuPHOeHJXtLoZcVqLTSfTiHaw+WuY/dpwDI0gHx3K8dXCPD7MmT9OnkSd8WVG0rgVWsecEveY3xho/BZnaDpdAPZ35Cvriw9C8CpmZPzm4E4hwDgT2geKz1+7U4uw3OAOXJK8ymtxeGm9J7SuuI+UGBAluP8AaJRNRmCgboGlWOWuI0nBkGWg7x3p7tpEj1R7VnabqjYmlwxjKampNgoOm880XTKskRYZTKKoW+pw67x/K4hBUyrLZ5yEWk+wJtdG06O9HGPbJrXPhWcFxXPReoNHguJHjj4O9SXk8TDl0lRyuhy4cbY1DoaAT+SUbTpPO5rj4FS7B25Tt2BlSg6oQTEEAQSTkjKs7nphQfEWtSmBvDKpAccwTJJmCePFSuXsilR92V9PZ1V2Awz4e5MvbapQdpqMLCRImRI5id+4rTWf6UXUabaVG10NaN5Ic4yZyXTO9VO2+mnywt+UUH1NM6eu1sTvjQByHkkayPtFIyhH3F0f28aJJDt7Y3DeM7z4qzr3769EuY+SQSI05I3jHaCFV2PSe0persqi530qh9KZ59ckDwCPP6QA5+t9k15gNGWtaGjcA1oA48Qp+jK7or68aqzPWljc1azgKNUv0NcWlha7TJAcQ6MTOVobLojePPWpaBxJIJ8hKjf+kSr8rfdNt2BzqDKAaTgaHueHYH8UR2Ku2n01va/rViwfRpjQPPf7U+2fgnvh3ZpLzovTpCat22n2HSPLOVQX9ShIbRrOqu1Ak6IbAOckrOOdJkkk8yZPmVPZu63grRi12yMpRfSNjse8Zo0OfpOp28b8qz1R2rGW9WOXrHh3LSUqB0A+kfkDiOXcvQw5W1R42o08Yy3eQxlcelfn5oVgb9uIIVE3/VLdR9UZxnPcvR+iVpbC3GukKjiJeS2dM7gOWIM9pU82pWJclMOi9Z8eyRib54IJ1sdO8ZEeKB2G6axjH7OoPtsNIe14Pgr/AKSbObTuHspPhkamhx6sFs6dRExM5We2TROqu4gSyi4g4IDtbBII4wTuWTLPdDvs9DBjUZVVJF7tjZ1KhRq+iYWOFL0UknMOD9Q5nqjKxrLjUJJ//eK1G0ajzTLX7nUqsT9IU9Td/GRhU/Q3Z1K4e6jWc5uNTS2JlodqEuBAEdY/yrNp5bYNs1aiO6aSI7e9ORMyMiPxTqtwS4b5jd+KGrUKZuNGsNpB+nXB9RpjWRvkgTHMqbpRSptqj0YDRAlogRIDmmABvDltWfpGF6RO5HfSuzjjzUtvUbqGo6eMxPBZ2i4wc8Susd1hMwn9QR4aRsuj+wqF0arjc6SKrwGhoJLQGw7J458lFc9Erqm/UKYqsDjEEElvCW+WAsSfWcRIIcYIkEZ4EK3selN5R9WsXjlU633t6yTjJu0zbilFRSov+iF86l6fW0t/81U1S2AHQwFpJENIjvErYv6U0hScHDW6CILQRicEeA81570e6f17QVh6APNau+4J9IWwagaCI0mR1VNf/pDNYRU2fRf/ADOa4+BLJCjPSufNF46mK4YJcV6wJex8h5dLWEjM7iAN2TA4L1d1S5p2VtpdpPoWk6QIB0gxG4715IOllL/02j/VePcFoP8Axdr6dJtGEREGrOO8slLLT5WugrPjTLHadjc3Lmucx1QAEB2gkCT/AAgfkqguOjt00lxtKkcIYTjw4qytf0v1qY0ts2Ab49MePexPq/plrkQbNvhXI9zFVY8iVUSc4brTPO+kQIuH6mlphg0uBBbFNoiDlVsozbe0nXNxUrvEF7pidUQA0CYE4G+AggVogqikRm7bZPSRTChaZUzSnQjC6ZVjYvyqpjkbavRFZ6LsG7hqSz2z7uAurhTz8FdlRyuykLDapymgrtRNCrHonLsdK6CmpSiKPldTV0InCcVyUnpqhLstHofKK2dT1PiYwUJKsdgtBq5+iUsnSsaCuSQUy3PWAO5x4dgVjRDo4z+QuWtsXGppa4w87gT81vJWdGjVYMNLR24UfUkinpRfZ3YWyKt1W9HSgOgklxgAA7yfEL0/Y+z7q0a2jobWHzXAGATwJO7PNZHozdCg90M1F4DZBIMzuHOZ9y9C2ftIuA60djmPB8QRvWDU5MspU4uvKNGJRxq1XwzJdJOhleHXDnsfALngDLQOU7wB3RHFZm0pOy1uidMAGkyXZA0yRJmV6d0kvXvpGlSY97nQCdJaAJnExPgh+jlhUrB3ypmW6fRkgBzZnVDhmcNWqN1SX5Eu/qkZDbGzqoY1zwGhocCXCQToYYEjedTh/tKj6K2DQalSQ0uYymHaRpaXHU8Q2IkNAHaRvXp79h0XDS4Oc3i1ziQe8LNWvR9tFlV0PkPNJpDiJp6QQQWwcnBz2JJwlGI8JRkzzi72Y1lyAQ4sDpAaAC5gJODODAQO37JxIeWOY529pzBABgHkA4DnjOZW223sB1O49HTp1H026esWlwjSC7UQIiSVRbT2c4et1t+QSR2A9v54IxnLckzpY47G10ZG3ZEjtjIB3xzXKlB2vdnlpH4K4oWDSXAiDw743LlC3dr06XTxwrObRnjGLMxxd/MUlNfU9NWq3lUePIwogrx6IkdTeoipqgyoyFpj0Ql2MXZSIXCnAdlcJSSQOA3nJ70mlJ7DJXGhZrs0UEMUzSoGlPaUwAhhRVF6CaVMxy4Uure4gJKvZUXFwClBXZUZeonXI4ZU7KpE1QpsqNjyd6kVoO0TkuToK6FxOCcU6E9oXAE9oXAGVExS1FEoT7LR6Oq16NvArCd2l3uVTKM2RUioD2FTlymPB1JHp/Qe6pNFdr2hxfcNAOeozQwOdg5PIR8FrnWVN79DBIO4uzA4uPwXnHRa+bT9I6CXF/V3cWtHmvQNj34lrADreYJxHv8AVAk+BSxhGrZLJOTlSNbYbKoBgAY0iN+ZRlPZ9IbmNQ9vU0AN1TA3wBMoxtYcyljNFnA7Tt2t3NAUgCQKSfgB1cLUkkThaQofk7BI0tAO/qjPepC7vUFepHFwSOUUFJmd2xYMcXFoEtJBHtiOeZ8e1B7O2eypI1ODvmgaACOwlpyjeklT0bfTskkD9oN0t4P728ez+ULD323SDraCMzh248xhOkpR4M8t0J8mA2+yLq4GRFeqMxOHnfGJQICI2ncGpXq1DvfVqPPe55J96gCZdFBjwmEKV29NhaY9EZdkULhClhNITCkUJQpITSEGEsHbNBE43KI7Pj/K0noWkeH5wojQXj+o7PZ9JUZt1kORHdn2JhsXDdB9h8j+C0/ySeCabFUjnaJS06ZldJBgiD24T2laKpa8CJHaJHhyQtXZbTulv3h7cjzVo6iL7IS08l0Vgcki37MqDcA7+U/gYKStvj5IPHLwZa3t31DDQXHj2d53DxVvabEAzUdP8Ld3i74easPSNaNI3cGtEDyCifWJ+A+KxubfRuWNLsG2sxrWtDQAATgDs4nie9VoR+0fVHf+CAC14PsMef7xwTwE1qeFciOCe1NCeEQDaqhKlqlQEqE+ysOjhKO2fQgyoqNDjxV1suhncs85mmECWhXdTcS0wfA8BzR9ttuuw6m1CDESI3GJG7sHkqrabT6TqmAY4dh+AUbKTvpnyC341FwXB5uW4zfPuaqn0svP3ip5j4KdvSy8/ean2llG0XfWewKVtF31h+yE/px8C75eTVt6VXf7zV+0U8dKbv8Aeav2ysoKLvrD5BO9C76w+QXbI+Ab35NT/wD091+81ftuTH9Jrr95q/1HfFZn0LvrD5BNNB31h8gu2Lwdvfk0L+kd1+8VftlC1dvXB316n2yqQ0D9Y72Jjrf+N3sXenHwdvfks6u2K5/61TP8bs+1Auu3/SKFdRH0neY+CgrU8YJGRxPMJtqXsC2/cZVPWPn8U5pTzby0c+ahBjBWHcnJo37GopjyuJJK8eiL7FC4QnJJxBhC5CfCdSbJA5kD2pZPgZI3T7GRIEjmEObcrc32whOqm7S7mMg943OCprim0GKzdB+mM0z3/R8V8+pn0O1GedTIXG1OxXlexjtHPmgK1t2J1KxXEFGk9ijfaDh7FJUoKIt5FMhWhvyZ3KVxPbUI5pIimMa3muVKzWqCpcE7lBplaUjM5eDlxXLt6iClfT5Jot3cx5f5WjHOMVRlnCUnYgpAk22fzHl/lPFq7n7P8qnrRF9GRwJwKRtnfS9iey0cfnewLvXid6MiCuU63pcTvRIszIkk+SKoW2Vny5E3wXxYmuxWttqVtSpxAG9cosDQj7K2nrFZnI1KJSbVbpqAd3uKja5E9IGxWHcPcUECvXwfxr4PG1C/9H8hLXqQPQocnBysQChUXfSIYOXdS44J1ppeodSbqRASueo3OTS5MLlxw5zlBWd72+8JxKjqnHiPeEGFFjQpywIa6ocePvVzZWBdSY7UAIJGO0yCp3bHkTqHkvEnkrI/lnvQx3jS/pGVCSv3dG2vM6yD2TnwlMPRYD/qH73xWiOqhRmejnZSSlKuz0WH1jvvf3JM6MN41Hfe/uTfu4C/s5lJKQV2eizRvqu+9/cpqXRtjTIeT3gn3uQesgMtHMN2D0mrUAGF2pn0Sd38p4e5ab9csrDHiDHtCzTNksOC8+QRFPZbW5Dz7F5s1F8npQ3LgsHPLPUMD6J9Q+HDwUTrlrsHqO5E4PcVH6A/WO9nwXH2Qdve49mPgl4G5HvaUNUp8/NTMt9I9YnsPBNc4hOhWDlviuqYAHcuoinnWkKTQF1JajISikOS6KQnckku9gk3ohyUrKLeSSSVjI6KQ5J7aY5JJIMZDhTHJF2tFuDAXEkjHRNUaNQwri1aNISSU2NEzPSf/X8B7nKuSSXt6f8Ajj8Hh6j+WXydCcEkldGc6CnBJJccxLhSSROOJqSS4A0qOt+LfeFxJBjI22yBNsyeX4lGUxEBJJfPZfvl8s+kxfZH4Qx4g45rpKSSQc4uO3pJLgCKjckkuOEFO04SSQYRDeng4SSXMI0OK47ckkuQCFwSSSVEIf/Z', 3.7);
INSERT INTO Places (Name, Government_name, VisitingHours, Location, Description, Photo, GoogleRate) VALUES ('Royal Carriages Museum', 'Cairo', '9 AM - 5 PM', 'https://www.google.com/maps/search/?api=1&query=Royal+Carriages+Museum', 'A museum displaying royal carriages from the Muhammad Ali dynasty.', 'https://english.ahram.org.eg/Media/News/2020/7/5/2020-637295623693316507-331.jpg', 4.2);
INSERT INTO Places (Name, Government_name, VisitingHours, Location, Description, Photo, GoogleRate) VALUES ('Farouk Corner Museum', 'Cairo', '9 AM - 5 PM', 'https://www.google.com/maps/search/?api=1&query=Farouk+Corner+Museum', 'A museum dedicated to King Farouk’s personal items and history.', 'https://egymonuments.gov.eg/media/7665/7.jpg?anchor=center&mode=crop&width=645&height=423&rnd=133853905900000000', 3.6);
INSERT INTO Places (Name, Government_name, VisitingHours, Location, Description, Photo, GoogleRate) VALUES ('Gayer-Anderson Museum', 'Cairo', '9 AM - 5 PM', 'https://www.google.com/maps/search/?api=1&query=Gayer-Anderson+Museum', 'A historic house museum with artifacts collected by Major Gayer-Anderson.', 'https://egymonuments.gov.eg/media/6030/%D8%AC%D8%A7%D9%8A%D8%B1-%D8%A7.jpg?anchor=center&mode=crop&width=200&height=180&rnd=133529907380000000', 4.9);
INSERT INTO Places (Name, Government_name, VisitingHours, Location, Description, Photo, GoogleRate) VALUES ('National Museum of Egyptian Civilization', 'Cairo', '9 AM - 5 PM', 'https://www.google.com/maps/search/?api=1&query=National+Museum+of+Egyptian+Civilization', 'A modern museum showcasing Egypt’s history and mummies.', 'data:image/jpeg;base64,/9j/4AAQSkZJRgABAQAAAQABAAD/2wCEAAkGBxISEhUSEhIVFRUXFRYVFxUWFRcXFRUWFRgWGBgVFxYYICkgGBolHRcWITEhJSkrLi4uFx8zODMtNygtLisBCgoKDg0OGhAQGzEmICUtLS0tLS0yLy0tLS0tLS0tLS0tLS0tLS01LS0tLS0tLS0tLS0tLS0tLS0tLS0tLS0tLf/AABEIAJ8BPgMBIgACEQEDEQH/xAAbAAABBQEBAAAAAAAAAAAAAAACAAEDBAUGB//EAEYQAAEDAgMEBgcECAMJAQAAAAEAAhEDIQQSMQVBUWETInGBkaEGMlKxwdHwFEKS4RUjM1NiotLxQ2NyFjRUgoOTssLiJP/EABkBAQEBAQEBAAAAAAAAAAAAAAEAAgMEBf/EAC4RAAICAgAGAQIGAQUAAAAAAAABAhEDEgQTITFBUaEUYSKRsdHh8IEFMkJScf/aAAwDAQACEQMRAD8A7JJPCUL71nwRkkUJQiwoGEoRQlCbCgYSRQlCrAGEoRJKIGEoRJlEMknShQDQlCeE8KIGEkUJQqxoGEoRJKsqAhKEcJQqyoCEoRwlCLKgITEKSE0JTKgITQjhKE2FEcJQjhNCbAGE0I4ShRICEkcJoTYgQlCOEoVZAQmhHCUKsKAhMQjhKFNlRYShEkuNnWhoShFCUIsqBhKEUJQqyoGEoRQlCbICEoRwmhNhQKSKEoVYApQihU6+NDXRExrEeCzLIo9zUYOXYtJJqbw4SDIRQtWZoZJFCaFENCUIoSQIMJQihKFWQMJIoShVkCkiTQiyBSRQmhashoTQiSTYUDCaESUJsKBhKEUJKsKAhKEcJQps0kBCUIklnYaBhNCJMixosQkihKFzs3QySdKEWVDQlCJKFWVApJ4ShNgMmhFCUJsywYShO4wCToBJ7BqquPObD1KjHxAaQ5p/jaDBHaiU1FGowcnSHx2IyC3rHTkPaWPB5+e/+58FiYvbD6T255qNcDJJ6zYgWnXXTkr9Pa1AiekaJ4kAjuI5nwXjm5Sds9UVGPRF/D13MMjfqLwfLn5LYoVg8SPzHaub+30T/i0/xs+fPyU+CxtMPaW1WXIBh7TY8bnj5LWPK49+xmePbt3OhhPCydkbRqVHlrw2MpNgQZkfMrXXrUk1Z5pRcXTBhPCeEoTYDQlCdKEORJDQmhEkjYaBhNCNNCtioFJFCaE2FDJoRQlCbKgUoTpJsqBhJEmTYUMknShFjQKUJ0kWKQKZEmRZqizCScKn+lKMwXQeBa75Lk2kbSb7FtPCpYnaVNjHVBLg2JjW5Dd/MhUG+lFH2Kng3+pGyZOLRuJLFHpNQ4VPwj4FGPSOhxd+FNhRrplmD0hw/tH8LvkpKe3MMTBq5eZZUPkArZFrZfSXPbY20BVd0Fb9X1Q3q69UT6zeMqGhtWu8hrHZiTAAa0knkAELKjTxM6kNBDgdOjqf+DlTxgjD1gBAFNoAGgAqU7AKntStisK2m6oWk1A8FkDqiACCRaSHHRZOI2zVh7DBDmgG26WutwuAuM3u7R2hHRUzn9vWyk8SO8/2WM5pK6PEhtRuVzbWOvAghUsfgS95e0wXEudmvc8PNO0l2DWDdsyW0zvCmwdJ3SMt99o8SFONm1Pab5/Jaey6ZpkF9yDNrxHbF1KcvRPHD2dF6PftT/oPvaujhcrsPGMbVAM3GUW3uIjuWvtLaXQV30yMwaGjWLxJP8wHctxml0MTxtu0acJQscekDfYPiEQ2/T9l3l81vdHPls1klljbtP2X+A+al/SMPDXsewODcmZsE3IJPLTwRuhWNl5JV/0hR/eM8QnGOpfvWfjb807BTJ0lEMVT/eM/EE4rs9pv4gqyoNJMHjiPFOFWVCTJ0k2VDQlCeEk2ZoGEoRJlWVApJ0yrGhkk6SrGgUxTpIsS9haeZ7RzHvC5XbeHZ09TqjUa66BdtsVsvPID3rjdtft39vwC8kpXOvsepRrHf3KlKgzI/qt0G7mFCcMz2QrTP2bu73qrXrZRME9YC3O0+aE+4tdhfZGeyPNL7Gz2fMqWfjuTg/UJtmaRD9iZw8z80vsLOB8VPPx3FFP1BVbKkUquAZbXXirmCc6jem97TEWImNeCGqdPkjGn5ckWaSoWPrVK2Xpaj3QbTltMTu5BQ18AxxkE7uG4AcFNUH1HNSNWU6Fqyj+jW+0fBL9Gj2j4K8D8N6IfV07sNEZ/6MHtHw/NL9Gfxfy/mtAfPei+tVbsdEZlPZ5a8ODxIg6HUGeKu7Qa+tUdVcWhzomAQLAC0nkpDqezin+tUbsdCl9hPtDzUlDCgGXgPHDMWz2kCVaSKt2SgjTwO2BR/Z4Wi3mHmfxFpJVLbGLfiatN5a1mWG+sTvmfVChTP3LN+TbtqjPqYF8nTXjzQfYX8B4hawCWVb3Zz0RkfYqnsjxCY4Kp7PmPmtiOSRCd2GiMVuHqNNm6gjdoQQd/AlL7K/2VrPFwihXMZaIx+gfwPmiy1Buf5rWhKFrdhojJzVf8z+Za3o/jQA7pqjhcRmbUed8xAMbkxCFiuYy5aNHE7SaKgbT67S2c0ObBE2gjkPFUP087fS/mPyTBxBEJpSsjMvGgv0+f3R/H/wDKX+0I/dn8X5IZTSnmBy0TM2+yRLSBxkGFpU8Qx1mvaTwDgSsVysbP9cdhSpk8aNZJJMt2c6NLZQqDEsIqfqn0KhNOB6zKtNoeDro5w+e7i/SrFdHUqOtMjXdYXP8AdaXo7tCo3aNKgXSxtCqG2MmTQeSYtlBtPdvWN6UbPbWrVA8uN+AjQbvzXzlKTbrue+SSijOb6SU8sEai8GTa4Mc1JjNpMDC7cHt0vMOZMeJHcubfsZ3UdmhvSmmLROVzgJG71PJSbRw7Qw9HXa8AAAZm9UuqM6xvpzKwsk67GdFZ1OC2g2rOUgxO/n9eKth3Z4ridhYdzcxdUY1mYZiHC+hA7/musdjaTAC6q1oI6pLmAEDhOq7wm33ObiW5Pv3onuI3bwNeJhVTjaYIaajQToCWyZiAOJuPEKHGbTaMoZUYf1jRU67Oo0SXEiberHKUyl0GMbZB6U0ahol1NxDm9aAdQL2t61rK9Xxgpt6wJMhpAuQYvI7lBtDHjo3OYcxaXCGlpuAYnhaDfcVBtb9vWn97V3/xuVjSk3RT/CkaTcU1zA4WncTfXeFNTfIt71zpRv2zTwzA6q4taXECGl14B3X3ea3KOqsIz2dHRA/DeiB5ea5ql6Y4V4OSo45Bnd+rcIY0jMbi+uidnpzgSQOldJt+yeNe5crOqizpWvkacRu3FFPb5Lmh6X4Zhe2q8tcCTApvdDTBaSQIm6f/AG6wH753/aqf0oUrQ69TfrVQ254gd7iAPMqbx8lkbXy1aBe0nrNGSQQCXEBst7SNQqFD0kwzGdHUrPD6IDKmWnUgOachE5b3EW5rKn1HVnS1HQCTMBQDGsPHwWAfTLAtBacQ+dL0qsj+VMPTHAE/7w+/+VU/oWrLVm/9tZfXwUz91vcuad6Y4AEziXzP7mpu7GLa2ftSniGZ6Li5sxJY5txycAUWi1ZeA5e5P3e5Ym0PSHD4WoWV6pa50PaOjqO6sZbZQYu11lA/03wIMGuf+zW/pSmGp0M8kwK50+l+Cqjo2Vi5z+oAKNUSXWAktjUhQ4P0mw2HBo1qwD2uMAU6joa7rNuARBBB7IRt+Ki1OmfqLeSxK/pDle5v2d5yktkFt4MSrL8YK1NtWg6d7SWuaHDUiDfS+m7w5vb21MMaj6JeWva85oY46TbzVv3HU2f9pR/w9XxZ8049JB/w9X+T+pcj+ksJJP2giWhv7N1oDRPl5qWlj8IMrvtBhog/qn9YkvM+fknYtfsdbh/SBr3tZ0FVuYgSckCeMOlaZrNaC5zgA2SSbAAXJJ3ABcjsHamGEUm1HVXue2Dkc2JyjfwiV23o1gw/GklrXM6KoHtc2QXZmAGDaYMeKnNoy4lTD4llRrX03h7To5plpixgjmpp+rrOrMyOc1vVAc6ALAXO4JUal+s62+SV3a1Vs5Xbo0MwmJvw8U6w3UnU6zHscSwktIkn1tLm8TFjpHNaxxDRJLoAMSbX1i++LrnHImLiSOUuEeA8EmBe500KrCqNJEixAvfgoce79W7mI0MfUA+C3uqsGvBZ2tt80KoZlBbAkzDpO5vktDAbSZWkNkEAEg8DvHELgKxAqNiOqDJcdBliYAlWdl4qKjgL9WZ9m4hpOpJBnguMuLUE5y7DyvBv7NrOO02gD/CqNG4wThiT7wodvYlor1JnX2iPutOizPRvar3Y6m40y57hXo5BDDboznMnqwGk6nTms3bOAqGpU6zi9roAcDPMSSZ4RJ+C83Ma6xPRNWkRbU2wGMa0Uy+Khqh0nKes4wDFnS4LMwOyCKRMNh4ptjrSJew9YRbRCHVHUS6qY6xa0cRobGxva+q3qWGIpgXu9nAkfe1AvpqqDlQeSicIQxzBF3siCbZaTQYAE6k+agq7PNYdHaWAkFxMDMYgGOLZvxWzSbd4162p/wBLUOWKsD2HaC1ngfFSdSTYEOIol2IYQB+rLahuZMBrYH4eSjp7NBc8yMtR2Ugbs5dMk2Ovkp9oVHBzcrT1hlka2dp9cVLg2OLQ5+pqUxzIBMyLDX4rHMbdL2aj3I6YyMrZy3O+pUfDSeqQ3JBtxb5rT2o//wDRWH+bUtrcudb3rJ2vh2vbIaTLqkPEkwS6AInw7UWGoVCCKj5dnec2pJmSZ3ze66Yp5Hevc55afcuVXgCSsjatKnWDCZOXMYtvDQNbRc+C0sWW0wLZr36wzAA8DroVk4zZT6o6WmMgyOc0h4cHEOa0hseqetfduWcubLOThaX/AIYxxUepnMwYp9IGAHNRe35nmSLaamFl4LZJcXE5MpJ+8Q4APEloynhHfC7s7DnD4is8yaVMFsaGXFpOusAjvVKi0EhpNpFibC43E++VrHDNTSqzpLJGNWYXpBhYqVDI6zAO8BskAdui5+lg6hg5HAH7xa4NjjMLtX0czy6Ww5jAZaCfVBs7UET5Ky0uAs82FgYIECF1hDJp0QTzQUqOgoVAaLGgaCnfrRZzV55XLS7FvO+uzT+KpUcfdaV1WGc/LUl1g3Nl0BPSMHdru4JOlsC93h08wwzHA9fyWIwldS79P1Oiyx1vx/BzdXY1AvdVdUcGDruaWxIH3Q6bbr81kspg1xkacpiBDbcgWSHCfvb12OKxL2tDWjWTc2Ak37zHvRtpEw5zn5uIqVOHbyVghOUpJ+On2MTzQikznMRgS+pWLaNuhe0AUzd7Rmzi3rGInW67P0WmnQbTLDOp1GUl15Heq1NxBkF3ZJgz2zH90dGsQLktvoHmOFwI+uxM4Zrqun26guIxsy/THZ1XEYppY0RTptBJdrmJIAnmTZc7tTY1Rry4hxBAjKwukwBFt8+5dw9zn9YDrCIkkzA496z61NwJdOkzBsZ115rlinllNxS7GpZIruc3sTCPpYlgLDIc0gkECTBbeOJErdrbBfWdXeAHP+zipdsQGNZmyk6OvAaL6LewQwppizOn6SlBjrFgDgb8Jy81Cw6nQloiCZLXAW7Liy6TjPmpeK6lHKtTUDmMojI05JAbAyw0xBIOggrisZsx1XHYhwIa0kOBIJa4FgBgjhKt4xzy5oa45RBgE2EgEkGw1jyV9+MDbySDodQZ3HgbfWi481xbpWLn0OEdsWoKzaRaTLgMwBhzSR1gTbQzyXT1vRyk17qMv6Nt80iSWmqIzZY0A3b1fGOe5xyEiIzOPAmco3GZN/zV+nVc5xbJcRlcIMa3JmInmuzzPl7teQTTlRL6OeitBrH1w5+ZhaRLm5bMpvv1eJd3ALqvQ6o77VUEANLHGZ1g04ie9ZtZw+yuayqXTLarcwJ60hxJNwbRIOsnmsVmFqsI6MlocWw5zi5sMa/OM08bxHcsviIul5Oig0zVxrP11S3+I/8A8iq9SyVCk7D5aj3039KyZa0ZQ/M6AekBJFhLrazYabWIoUK2FxDm0qLHSWts0OkWGWBvgLuuJT6HJ4a8mIXnKCInO0b9JE27JCm9LiTRJIA/XUyIi80Tc+AHcqLaRpUTTJaXGm2oNOrao6Jiwjoz48FlbZ2hWHRNzl7TTBIOUgkPe1pgiJAEdgWKcppr+9DTajGmXMFi8tRzSPWJfmJNrAx5ra2i80WgOAymHucCTlb0bnggHUwVzIqHpOvvpU3Cw1yN08CtNmPLqfSF7iQ9rAbmLWvu6tltxlp+Rhzjv+ZK1mGILmEulljG90xOXQ37oKnbs4tk9GWCYl3VzcN/AeSxKVepVIa2oRIvcwbT1uN/NdNiNodPRpnpHA5WmJlt2iTe+aV5Z44x6ZOn+RWRuNpHMhwa9pFYt/VuGYHLPWFp7kiGuv07j/zCb6+d+8qu6k4mCCYMT2zpwmEz8O7exw0+8e7fvXxnKXh+PsdnJ+iw6gwgNz75vBvM6d5RvawMIzG76c3uQA/QcASFUZhybhptc3O5S0tn1DYNNv44F906KjNrz7BW/BI4U59Z3ghOTTO7yHwTOwVS/WIgxIMju0lCcNUABzPI9Ynl9BZWNvz/AH8jajL0Ttaw3mY5iPCLpqzgWOBMND6cQWwBOpGWxkuG+yqMw9Qm1SrAGa+UAi+8i9r24FOWi8k7jBcRpJBIldscHB9xcGX6LmNAAe6ASRdh17tOXNM+pTGma4H3jwVZtAHRt7XudZ3diTqdjbTcNVhwn7HR/Yr7TfSeW3qWvAa4k98bpJ5wFp4LHNc3LnqZbt64LeqSw5esNJY2w4Kr9mfrlPL1hbTcbqelhWCZbmdF5A3mL8PzXTaaXRszyn9i26sMr2ZqhY8EPa0sIcCSSCLHUzZZwdSa61KtY62idfaTt2Ox5HUG8gCRMc4sPKyvHZO7KWEyAc5Nwe3mLncjfKl/ufz+5PFfhFShgqWs1BcGCW7hHDkrXRU/4tI7lAcHWBIyOIG9xAkcbmVIMHXtFOJ0uLrhKWdvuzOq9fBK1tMB4aCCWR2gOa4jt6qo13UBlDi83Ny64JjWIgQI09nvmOCrm5DQOJewfFPU2VUcC0upkOiWuqNvO4iTabdy748mdeWDimqr4AH2WZMnTV53WG+FHV+ztiKT3/6XG3i5Y209i42jLqFcPYJPRmoxxaLeqHkgjlYrJb6VVxZ1Jkg3hjgewiY8l7YQ4lq4Tv4MvHHyjsaFWhp0FQ3nrXE9zlp1q7XU8kZWwDLYaQAZO5cSz0nJH+6OnNOZpdER6uXJ5yrh9LDkLW4FwN8rjnOWderlAdvF+K45MHFza2/U6QUI3R0dEU9xec0EEunUCIKhxG0KbbOcWg2nN22kjXvXLYTa2Lf1GUmUr/tHtIa0boa1vLg7dpv6PCUBlAqYrORJksqRJ/hIt+SJcJkj36v7L+A2RO3ENcRlqukHNboj3Hq6IhTaQJc8wIkhkkW3taI0lQDCUhcVQOyk6fOEbsLTt/8AoJ/6Z+a4rDxMekU1/hA2v6/5GbhKdw3MJEWAJsQdSeSgfXw7TJJBBNy0RcknlvUop0t9d2v7onv1SdQofvqhubGkNOPrLtGPFvvZn8JWftXDH/FBvfqWvGt+IVzJSeBJtuIbbl3fNCKNAf4lU/8ATaPHrdqdraPtVuzIz3lyng4mvwxfx+yLaK9EtLE0mEtJqvaYOWCRInrZgNYtbwVqptdjmBrQ9oB13+qQYDtNeG5UXCiT/jbtzI5xeVJQFHQise9g+BV9LxX/AF/Q0sqXlD4jatKo1jTSqDK6Q5rWgzzGaP5Vfwu1aQJlrntMRmPWHrWkRa48FUdSw4+5W/FTjxyqNwoexV/G2T29VL4Ti3/xDnxXlFqriKJDruJLSNB7JaL7oBPgFHQwArhrC+C1pDRYEguPKzoIvvVcdD7FTs6Rv9CmwuIpsJIpv73tP/pqukOH42PSvkObjb/FQ1ej0NXI9tYuiB6pY4HSHHXuTmsyCzKGjMDEiczd8ZbFXq+2Wvphj6WaLh2brDfIOX6hZWGoUhq2o7hNQW8GBdJcJxjXT+/IPJiT6NBCrSaYFMxEEgie1SuxVL/M0GhB+CY06W6m7/uf/Kb7NR1NNw7Kv5Lk/wDT+Ll1lFfBnn412a+f2KootNgx0CTJMSZJmxPLx8QrAEyWOvl++bwRfT6hW2+rOYX/AItedgb81HWpcxG6494F19ZcFjB8VMjG0Yt0ZImSMxEmInSdFO3a9weiHO5JJ7VSe2NfC5HuSaPrQK+ix+jP1Uy27aRNwxskzp8N39k/6Rd7FP8ADqqrW9vZEfBFkv8AXyW1weL0YfE5PZaO06v8PLqj64eChdtCqd4tujXXUi+8oS295TFg1nxlP0mP0X1M/Yf2ytpm/lHEHd2BN9oqal5uZ5d3DuQtbP1fzRZREE/X1KVw2NeAeefsariazp/Wnnpv92iAVqsR0hj64KRzQI/sonvA1NkfTY14Lnz9hMrPH3zv3mDME9u7wTvqE3zGdZ3+PFRU3tJsfCfNOYncnkw9FzZew8xJkuM+9PPNALaW7Ajz3+MhaWKPoHN+xFgT9EjGiQeRY8bQCYW1jj6MObIhhGz6o7xr3FSNojh7lKHDQk/DxTPbuBM8ss+a3qjOzE2n9WScy1/CPipKYHPvIkJyxp+HJDih2ZXLW8uyyGB9SpI45R4z5pw4e15QnVGdmRDgnI5jw/NG1vP4IRUOhIA7QPenVFswSzs5pZAVIQ2LHuEfFM628eMJpBbADLp4SM6/GyI6b+4+VkpGdhN7vruUrQRpHcgZOsE/XApw7iR2m499k0Vkz/rQfBRA/VijyADj/pUbTawPDVvwKUkDbGmf7J2jd32AHzQ1Z4eYJHaETIN4uORCaQWxwfqyM1IHDuPw0TGDePEJgd/z+JCaQWS9LyJ7AfgjD+38JUbYv7tPinY3sH/KoAegGsHtAdp4KKsR94PI7CLdqKk1jySDuuRIPPgo3EO6oaI4m57gR8VwPQQDLw7oM96Ijl8E7mWj3WHkUxsFACx2v5ImmdB26A+ZQurRz7NfgmbVz+qe23ldIBsBBAI/m08fgiNPgB9dibJG6e4SfcllBF2iODro6CM2qDvAPCfiQnewzP8A7fCLpgzc1sdgaEjIBJi3tXUQzR2HslObcu23fdA+obR1uwAe8hJ7TAMX3yY90hDFCgTxPIjzScO3xQta43mOQ+coC3v8Qg0SF8fRTOedwJnk4+5QurAHLmOunnwUlN7bcd1rpMk7avBrvD5o29hHaY+Kjbe8zz+gpCHbiI8/HctIGE12825ggj5yk0zvnxJQNaRcud5e4Qil2szv0j4poLDi5i3bHzSzAanzQyTrHeNPBAxsQfMR7oUVkr3AWGvNRPnfJ5gwRykQme8DWBO+LnwCZrgdAPBNGbH6GmTPWP8AzOPxRtLBo3wBHuF0Bbe4vyg+ZTmjBkeQbu7lUithzw89UPSW1jvgeV0DjvM8NSfKfgoxipOUXOn1KQZKKt4+J+ikahG63GdEL6kesbmYHZ7lF9raDr262+uSQLDa4OhHipKdQjgN8zooaVcO0v4jwSD72B7jCSJakA5rdtpPknkn5GfeY9yCriAHXaeGv5oXY1ujQSeA+ZCkTLGY/XxCZrydR5lVelqGOqByLoPiBCnl06Ad9/coB8175gI1PzTXJ6rhPfPvQGsBrHbGqJrXTIjx07oCSJadVw1zfhIHiUWd38R8BHmoofpYdm/tQPqGADfncfFRM//Z', 3.9);
INSERT INTO Places (Name, Government_name, VisitingHours, Location, Description, Photo, GoogleRate) VALUES ('Giza Pyramids', 'Giza', '5 AM - 7 PM', 'https://www.google.com/maps/search/?api=1&query=Giza+Pyramids', 'Repeated entry for the iconic pyramids.', 'https://egymonuments.gov.eg/media/1215/pyramidsss.jpg?crop=0.26411576704545459,0.10024175153587361,0.025656960227272589,0.22526225483213388&cropmode=percentage&width=645&height=423&rnd=133752845160000000', 4.5);
INSERT INTO Places (Name, Government_name, VisitingHours, Location, Description, Photo, GoogleRate) VALUES ('Khufu Pyramid (Interior Visit)', 'Giza', '5 AM - 7 PM', 'https://www.google.com/maps/search/?api=1&query=Khufu+Pyramid', 'Interior access to the Great Pyramid of Khufu.', 'https://i.ytimg.com/vi/CEl6P5wo6ro/maxresdefault.jpg', 4);
INSERT INTO Places (Name, Government_name, VisitingHours, Location, Description, Photo, GoogleRate) VALUES ('Menkaure Pyramid', 'Giza', '5 AM - 7 PM', 'https://www.google.com/maps/search/?api=1&query=Menkaure+Pyramid', 'The smallest of the three main Giza pyramids built by Menkaure.', 'https://smarthistory.org/wp-content/uploads/2021/10/MenkaureFull.jpg', 4.3);
INSERT INTO Places (Name, Government_name, VisitingHours, Location, Description, Photo, GoogleRate) VALUES ('The Great Sphinx', 'Giza', '5 AM - 7 PM', 'https://www.google.com/maps/search/?api=1&query=The+Great+Sphinx', 'Another name for the Sphinx monument.', 'https://egymonuments.gov.eg/media/2481/international-campaign16.jpg?center=0.50684931506849318,0.5&mode=crop&width=645&height=423&rnd=133250838600000000', 4.3);
INSERT INTO Places (Name, Government_name, VisitingHours, Location, Description, Photo, GoogleRate) VALUES ('Meresankh III Tomb', 'Giza', '5 AM - 7 PM', 'https://www.google.com/maps/search/?api=1&query=Meresankh+III+Tomb', 'A well-preserved tomb near the Giza Pyramids for Queen Meresankh III.', 'https://egymonuments.gov.eg//media/1231/meresankh-iii-210908-010_008_definitiva_spuntinata-copia.jpg?center=0.40659340659340659,0.49180327868852458&mode=crop&width=1200&height=630&rnd=133748500790000000', 3.8);
INSERT INTO Places (Name, Government_name, VisitingHours, Location, Description, Photo, GoogleRate) VALUES ('Workers'' Tombs', 'Giza', '5 AM - 7 PM', 'https://www.google.com/maps/search/?api=1&query=Workers+Tombs', 'Tombs of the workers who built the Giza Pyramids.', 'https://admin.ask-aladdin.com/photos/egypt/articles/the-tombs-of-the-workers-of-deir-el-medina-1-askaladdin.webp', 5);
INSERT INTO Places (Name, Government_name, VisitingHours, Location, Description, Photo, GoogleRate) VALUES ('Saqqara Necropolis', 'Giza', '8 AM - 5 PM', 'https://www.google.com/maps/search/?api=1&query=Saqqara+Necropolis', 'An ancient burial ground with pyramids and tombs.', 'https://cdn.britannica.com/57/130857-050-9620128D/Step-Pyramid-of-Djoser-Saqqarah-Egypt.jpg', 4.7);
INSERT INTO Places (Name, Government_name, VisitingHours, Location, Description, Photo, GoogleRate) VALUES ('Nobles'' Tombs and New Kingdom Tombs (Tombs of Horemheb and Bubastites)', 'Giza', '8 AM - 5 PM', 'https://www.google.com/maps/search/?api=1&query=Nobles+Tombs+Saqqara', 'Tombs of nobles including Horemheb from Saqqara.', 'https://dynamic-media-cdn.tripadvisor.com/media/photo-o/28/35/af/9d/tombs-of-the-nobles.jpg?w=1200&h=-1&s=1', 4.9);
INSERT INTO Places (Name, Government_name, VisitingHours, Location, Description, Photo, GoogleRate) VALUES ('The Serapeum', 'Giza', '8 AM - 5 PM', 'https://www.google.com/maps/search/?api=1&query=The+Serapeum', 'An underground burial site for sacred Apis bulls in Saqqara.', 'https://images.squarespace-cdn.com/content/v1/5f4ef170d347c007483edd76/ae8ebdfb-1e28-481f-bb18-4c8a475cb61a/Serapeum-1378.jpg', 4.8);
INSERT INTO Places (Name, Government_name, VisitingHours, Location, Description, Photo, GoogleRate) VALUES ('Tomb of Mereruka', 'Giza', '8 AM - 5 PM', 'https://www.google.com/maps/search/?api=1&query=Tomb+of+Mereruka', 'A large mastaba tomb in Saqqara with detailed reliefs.', 'https://www.egypttourpackages.com/images/egypt_blog/The-Tomb-Of-Meruka_bLuR.jpg', 4.4);
INSERT INTO Places (Name, Government_name, VisitingHours, Location, Description, Photo, GoogleRate) VALUES ('Comprehensive Ticket for All Saqqara Tombs', 'Giza', '8 AM - 5 PM', 'https://www.google.com/maps/search/?api=1&query=Saqqara+Necropolis', 'A ticket covering all accessible tombs in Saqqara.', 'https://egymonuments.gov.eg//media/2068/0674.jpg?center=0.66666666666666663,0.54918032786885251&mode=crop&width=1200&height=630&rnd=133853881040000000', 4.9);
INSERT INTO Places (Name, Government_name, VisitingHours, Location, Description, Photo, GoogleRate) VALUES ('Step Pyramid of Djoser (Southern Entrance)', 'Giza', '8 AM - 5 PM', 'https://www.google.com/maps/search/?api=1&query=Step+Pyramid+of+Djoser', 'The oldest stone pyramid in Egypt built for Pharaoh Djoser.', 'https://d3rr2gvhjw0wwy.cloudfront.net/uploads/mandators/41668/cms/561499/940x500-1-50-cc2b71d768cdab40b42b6e7a7d5e99b0.jpg', 3.6);
INSERT INTO Places (Name, Government_name, VisitingHours, Location, Description, Photo, GoogleRate) VALUES ('The Southern Tomb', 'Giza', '8 AM - 5 PM', 'https://www.google.com/maps/search/?api=1&query=The+Southern+Tomb', 'A tomb associated with the Step Pyramid complex in Saqqara.', 'https://www.egypttoday.com/siteimages/Larg/202109150320562056.jpg', 3.8);
INSERT INTO Places (Name, Government_name, VisitingHours, Location, Description, Photo, GoogleRate) VALUES ('Vehicle Tickets for Saqqara Archaeological Area', 'Giza', '8 AM - 5 PM', 'https://www.google.com/maps/search/?api=1&query=Saqqara+Necropolis', 'Vehicle access ticket for the Saqqara area.', 'https://d3rr2gvhjw0wwy.cloudfront.net/uploads/activity_galleries/322337/2000x2000-0-70-a595b419fa01cda596598f11b41b2346.jpg', 3.6);
INSERT INTO Places (Name, Government_name, VisitingHours, Location, Description, Photo, GoogleRate) VALUES ('Dahshur Archaeological Area', 'Giza', '8 AM - 5 PM', 'https://www.google.com/maps/search/?api=1&query=Dahshur+Archaeological+Area', 'An area with the Bent and Red Pyramids from the Old Kingdom.', 'https://www.cairotoptours.com/storage/667/conversions/Information%20about%20Dahshur%20pyramids-webp.webp', 4);
INSERT INTO Places (Name, Government_name, VisitingHours, Location, Description, Photo, GoogleRate) VALUES ('Mit Rahina (Memphis) Archaeological Area', 'Giza', '8 AM - 5 PM', 'https://www.google.com/maps/search/?api=1&query=Mit+Rahina+Archaeological+Area', 'The ancient capital of Egypt with statues and ruins.', 'https://dynamic-media-cdn.tripadvisor.com/media/photo-o/09/14/61/8c/memphis-museum.jpg?w=1200&h=-1&s=1', 4.1);
INSERT INTO Places (Name, Government_name, VisitingHours, Location, Description, Photo, GoogleRate) VALUES ('Vehicle Tickets for Mit Rahina Archaeological Area', 'Giza', '8 AM - 5 PM', 'https://www.google.com/maps/search/?api=1&query=Mit+Rahina+Archaeological+Area', 'Vehicle access ticket for Mit Rahina.', 'https://paliparan.com/wp-content/uploads/2024/02/ancient-memphis-1.jpg', 3.9);
INSERT INTO Places (Name, Government_name, VisitingHours, Location, Description, Photo, GoogleRate) VALUES ('Bahariya Oasis Archaeological Area', 'Bahariya', '8 AM - 5 PM', 'https://www.google.com/maps/search/?api=1&query=Bahariya+Oasis+Archaeological+Area', 'An oasis with tombs and Greco-Roman remains.', 'https://static-cdn.toi-media.com/www/uploads/2021/03/EwXHPQTXEAcXIaC-e1615659707128.jpg', 4.7);
INSERT INTO Places (Name, Government_name, VisitingHours, Location, Description, Photo, GoogleRate) VALUES ('Qaitbay Citadel (Alexandria)', 'Alexandria', '8 AM - 5 PM', 'https://www.google.com/maps/search/?api=1&query=Qaitbay+Citadel+Alexandria', 'Repeated entry for the Qaitbay Citadel.', 'https://egymonuments.gov.eg//media/8107/dsc_0017.jpg?center=0.54054054054054057,0.5&mode=crop&width=1200&height=630&rnd=133881477860000000', 4);
INSERT INTO Places (Name, Government_name, VisitingHours, Location, Description, Photo, GoogleRate) VALUES ('Abu Mena Archaeological Site', 'Alexandria', '8 AM - 5 PM', 'https://www.google.com/maps/search/?api=1&query=Abu+Mena+Archaeological+Site', 'An early Christian monastic site near Alexandria.', 'https://thebrainchamber.com/wp-content/uploads/2023/10/Abu-Mena-7.jpg', 3.9);
INSERT INTO Places (Name, Government_name, VisitingHours, Location, Description, Photo, GoogleRate) VALUES ('Pompey''s Pillar', 'Alexandria', '9 AM - 5 PM', 'https://www.google.com/maps/search/?api=1&query=Pompey+Pillar', 'A Roman triumphal column in Alexandria.', 'https://dynamic-media-cdn.tripadvisor.com/media/photo-o/16/4d/ff/e7/pompey-s-pillar-alexandria.jpg?w=1200&h=-1&s=1', 4.3);
INSERT INTO Places (Name, Government_name, VisitingHours, Location, Description, Photo, GoogleRate) VALUES ('Kom El-Dikka (Roman Theatre)', 'Alexandria', '9 AM - 5 PM', 'https://www.google.com/maps/search/?api=1&query=Kom+El-Dikka', 'A Roman theater and residential area in Alexandria.', 'https://pcma.uw.edu.pl/wp-content/uploads/2018/01/5_Alex_Teatr-968x726.jpg', 3.7);
INSERT INTO Places (Name, Government_name, VisitingHours, Location, Description, Photo, GoogleRate) VALUES ('Kom El-Shoqafa Catacombs', 'Alexandria', '9 AM - 5 PM', 'https://www.google.com/maps/search/?api=1&query=Kom+El-Shoqafa+Catacombs', 'Underground tombs blending Egyptian and Greco-Roman styles.', 'https://gootatravel.com/wp-content/uploads/2022/11/Catacombs-of-Kom-el-Shoqafa1.jpg', 4.7);
INSERT INTO Places (Name, Government_name, VisitingHours, Location, Description, Photo, GoogleRate) VALUES ('Mostafa Kamel Tombs', 'Alexandria', '9 AM - 5 PM', 'https://www.google.com/maps/search/?api=1&query=Mostafa+Kamel+Tombs', 'Greco-Roman tombs in Alexandria.', 'https://lh4.googleusercontent.com/proxy/OD-PP_9VxWlsf3Vp1-McMMx5PgD9JUd2ryrWtiH5Mv90kjrWnEK2gFW2wvzD4RIu7obFjpc0Xi21dydujLuZIz0ENwqbcNgRxwP_S--ddlFtvOXEwYoHDGhEO6QfjILBkDPUGA', 3.6);
INSERT INTO Places (Name, Government_name, VisitingHours, Location, Description, Photo, GoogleRate) VALUES ('Anfushi Tombs', 'Alexandria', '9 AM - 5 PM', 'https://www.google.com/maps/search/?api=1&query=Anfushi+Tombs', 'Ancient rock-cut tombs from the Ptolemaic period.', 'https://mlrhpz8jmuut.i.optimole.com/cb:lD8R.5019e/w:auto/h:auto/q:mauto/f:best/ig:avif/id:bbc7b289e3380a6328261ba949de1f5d/https://www.egypttoursplus.com/South-east-corner-tombs-of-Anfushi-Alexandria-Photo-by-Roland-Unger.jpg', 5);
INSERT INTO Places (Name, Government_name, VisitingHours, Location, Description, Photo, GoogleRate) VALUES ('Al-Shatby Necropolis', 'Alexandria', '9 AM - 5 PM', 'https://www.google.com/maps/search/?api=1&query=Al-Shatby+Necropolis', 'An early Hellenistic cemetery in Alexandria.', 'https://egymonuments.gov.eg/media/1606/dsc_0969.jpg?center=0.23333333333333334,0.40740740740740738&mode=crop&width=645&height=423&rnd=133857313770000000', 4.7);
INSERT INTO Places (Name, Government_name, VisitingHours, Location, Description, Photo, GoogleRate) VALUES ('Sunken Monuments of the Eastern Harbor', 'Alexandria', '9 AM - 5 PM', 'https://www.google.com/maps/search/?api=1&query=Sunken+Monuments+Eastern+Harbor', 'Underwater ruins of ancient Alexandria.', 'https://cairoprivatetours.com/wp-content/uploads/2022/06/Cleopatra-palace-underwater.jpg', 3.8);
INSERT INTO Places (Name, Government_name, VisitingHours, Location, Description, Photo, GoogleRate) VALUES ('Alexandria National Museum', 'Alexandria', '9 AM - 5 PM', 'https://www.google.com/maps/search/?api=1&query=Alexandria+National+Museum', 'A museum covering Alexandria’s history from antiquity to modern times.', 'https://upload.wikimedia.org/wikipedia/commons/d/da/GD-EG-Alex-Mus%C3%A9eNat040.JPG', 3.5);
INSERT INTO Places (Name, Government_name, VisitingHours, Location, Description, Photo, GoogleRate) VALUES ('Royal Jewelry Museum', 'Alexandria', '9 AM - 4 PM', 'https://www.google.com/maps/search/?api=1&query=Royal+Jewelry+Museum', 'A collection of royal jewelry from the Muhammad Ali dynasty.', 'https://egymonuments.gov.eg//media/1230/01-1.jpg?anchor=center&mode=crop&width=1200&height=630&rnd=133881532000000000', 4.7);
INSERT INTO Places (Name, Government_name, VisitingHours, Location, Description, Photo, GoogleRate) VALUES ('Greco-Roman Museum', 'Alexandria', '9 AM - 5 PM', 'https://www.google.com/maps/search/?api=1&query=Greco-Roman+Museum', 'A museum with artifacts from Alexandria’s Greco-Roman period (currently under renovation).', 'https://egymonuments.gov.eg//media/8211/whatsapp-image-2023-10-10-at-111142-am-1.jpeg?anchor=center&mode=crop&width=1200&height=630&rnd=133881532900000000', 4.6);
INSERT INTO Places (Name, Government_name, VisitingHours, Location, Description, Photo, GoogleRate) VALUES ('Suez National Museum', 'Suez', '9 AM - 5 PM', 'https://www.google.com/maps/search/?api=1&query=Suez+National+Museum', 'A museum showcasing the history of Suez and its canal.', 'https://egymonuments.gov.eg//media/7996/120344479_2826310660930048_1973008236049013341_n.jpg?center=0.51086956521739135,0.49079754601226994&mode=crop&width=1200&height=630&rnd=133881543850000000', 4.6);
INSERT INTO Places (Name, Government_name, VisitingHours, Location, Description, Photo, GoogleRate) VALUES ('Ismailia Museum', 'Ismailia', '9 AM - 5 PM', 'https://www.google.com/maps/search/?api=1&query=Ismailia+Museum', 'A museum with artifacts from the Pharaonic and Greco-Roman periods.', 'https://betamedia.experienceegypt.eg/media/experienceegypt/img/Original/2022/7/21/2022_7_21_0_26_4_929.jpg', 4.7);
INSERT INTO Places (Name, Government_name, VisitingHours, Location, Description, Photo, GoogleRate) VALUES ('Temple of the Oracle (Siwa)', 'Siwa', '8 AM - 5 PM', 'https://www.google.com/maps/search/?api=1&query=Temple+of+the+Oracle+Siwa', 'An ancient temple visited by Alexander the Great.', 'https://mlrhpz8jmuut.i.optimole.com/cb:lD8R.5019e/w:auto/h:auto/q:mauto/f:best/ig:avif/id:04171cff8b5e3ef1774cb12322074c69/https://www.egypttoursplus.com/Temple-of-Amun-view-to-the-north-Aghurmi-Siwa-Photo-by-Roland-Unger.jpg', 3.6);
INSERT INTO Places (Name, Government_name, VisitingHours, Location, Description, Photo, GoogleRate) VALUES ('Mountain of the Dead Tombs (Siwa)', 'Siwa', '8 AM - 5 PM', 'https://www.google.com/maps/search/?api=1&query=Mountain+of+the+Dead+Tombs+Siwa', 'Rock-cut tombs from the Ptolemaic and Roman eras.', 'https://mlrhpz8jmuut.i.optimole.com/cb:lD8R.5019e/w:auto/h:auto/q:mauto/f:best/ig:avif/id:936c3eaae01983aec4ee6955ab29a131/https://www.egypttoursplus.com/West-side-of-Gebel-el-Mawta-Photo-by-Roland-Unger.jpg', 4);
INSERT INTO Places (Name, Government_name, VisitingHours, Location, Description, Photo, GoogleRate) VALUES ('Matrouh Museum', 'Matrouh', '9 AM - 5 PM', 'https://www.google.com/maps/search/?api=1&query=Matrouh+Museum', 'A museum displaying artifacts from Marsa Matrouh’s history.', 'https://betamedia.experienceegypt.eg/media/experienceegypt/img/Original/2022/8/9/2022_8_9_0_0_29_730.jpg', 3.7);
INSERT INTO Places (Name, Government_name, VisitingHours, Location, Description, Photo, GoogleRate) VALUES ('Cave of Rommel Museum', 'Matrouh', '9 AM - 5 PM', 'https://www.google.com/maps/search/?api=1&query=Cave+of+Rommel+Museum', 'A WWII site used by Field Marshal Rommel as a headquarters.', 'https://www.egypttoday.com/siteimages/ArticleImgs/2022/8/29/103709-Rommel-Cave-7.jpg', 4.8);
INSERT INTO Places (Name, Government_name, VisitingHours, Location, Description, Photo, GoogleRate) VALUES ('Rashid (Rosetta) Monuments', 'Rashid', '9 AM - 5 PM', 'https://www.google.com/maps/search/?api=1&query=Rashid+Monuments', 'Historic Islamic houses and the Rosetta Stone discovery site.', 'https://scenehome.com/Content/Admin/Uploads/Articles/ArticlesMainPhoto/20501/6683f0f8-38db-4f4c-b9bf-b14f99707918.jpg', 4.4);
INSERT INTO Places (Name, Government_name, VisitingHours, Location, Description, Photo, GoogleRate) VALUES ('Qaitbay Citadel (Rosetta)', 'Rashid', '9 AM - 5 PM', 'https://www.google.com/maps/search/?api=1&query=Qaitbay+Citadel+Rosetta', 'A smaller fortress built by Sultan Qaitbay in Rosetta.', 'https://hurghadalovers.com/wp-content/uploads/2022/11/Citadel-of-Qaitbay-in-Rosetta-Egypt-Facts-Fort-of-Qaitbay-in-Rashid-History-Qaitbay-Fort-800x530.jpg', 4);
INSERT INTO Places (Name, Government_name, VisitingHours, Location, Description, Photo, GoogleRate) VALUES ('Anba Bishoy Monastery', 'Wadi El Natrun', '9 AM - 5 PM', 'https://www.google.com/maps/search/?api=1&query=Anba+Bishoy+Monastery', 'A Coptic monastery founded in the 4th century.', 'https://egyptianstreets.com/wp-content/uploads/2019/06/902041.jpg', 3.6);
INSERT INTO Places (Name, Government_name, VisitingHours, Location, Description, Photo, GoogleRate) VALUES ('El-Suryan Monastery', 'Wadi El Natrun', '9 AM - 5 PM', 'https://www.google.com/maps/search/?api=1&query=El-Suryan+Monastery', 'A Coptic monastery known for its ancient manuscripts.', 'https://upload.wikimedia.org/wikipedia/commons/thumb/0/09/Deir_as_Suriani.jpg/1200px-Deir_as_Suriani.jpg', 4);
INSERT INTO Places (Name, Government_name, VisitingHours, Location, Description, Photo, GoogleRate) VALUES ('Baramus Monastery', 'Wadi El Natrun', '9 AM - 5 PM', 'https://www.google.com/maps/search/?api=1&query=Baramus+Monastery', 'One of the oldest monasteries in Wadi El Natrun.', 'https://travel2egypt.org/wp-content/uploads/2024/03/bramous-monastery-egypt-054.jpg', 4);
INSERT INTO Places (Name, Government_name, VisitingHours, Location, Description, Photo, GoogleRate) VALUES ('Anba Makarios Monastery', 'Wadi El Natrun', '9 AM - 5 PM', 'https://www.google.com/maps/search/?api=1&query=Anba+Makarios+Monastery', 'A Coptic monastery with historical significance.', 'https://sharmhurghadaexcursions.com/images/items/1568790037d0751e669c8edb4de280a08c31661b4c.jpeg', 4.6);
INSERT INTO Places (Name, Government_name, VisitingHours, Location, Description, Photo, GoogleRate) VALUES ('Kafr El-Sheikh Museum', 'Kafr El-Sheikh', '9 AM - 5 PM', 'https://www.google.com/maps/search/?api=1&query=Kafr+El-Sheikh+Museum', 'A museum with artifacts from the Delta region.', 'https://egymonuments.gov.eg//media/6321/111.jpg?center=0.13157894736842105,0.46666666666666667&mode=crop&width=1200&height=630&rnd=133853912630000000', 4.5);
INSERT INTO Places (Name, Government_name, VisitingHours, Location, Description, Photo, GoogleRate) VALUES ('Tanta Museum', 'Tanta', '9 AM - 5 PM', 'https://www.google.com/maps/search/?api=1&query=Tanta+Museum', 'A museum showcasing the history of Tanta and the Delta.', 'https://betamedia.experienceegypt.eg/media/experienceegypt/img/Original/2022/7/21/2022_7_21_0_29_53_678.jpg', 4.8);
INSERT INTO Places (Name, Government_name, VisitingHours, Location, Description, Photo, GoogleRate) VALUES ('Tell Basta Archaeological Site', 'Sharqia', '8 AM - 5 PM', 'https://www.google.com/maps/search/?api=1&query=Tell+Basta+Archaeological+Site', 'Ancient ruins of the city of Bubastis.', 'https://egymonuments.gov.eg//media/6890/00-2-jpgedit.jpg?center=0.50632911392405067,0.49789029535864981&mode=crop&width=1200&height=630&rnd=133853910460000000', 4.2);
INSERT INTO Places (Name, Government_name, VisitingHours, Location, Description, Photo, GoogleRate) VALUES ('Vehicle Tickets for Tell Basta Archaeological Area', 'Sharqia', '8 AM - 5 PM', 'https://www.google.com/maps/search/?api=1&query=Tell+Basta+Archaeological+Site', 'Vehicle access ticket for Tell Basta.', 'https://egymonuments.gov.eg//media/6890/00-2-jpgedit.jpg?center=0.50632911392405067,0.49789029535864981&mode=crop&width=1200&height=630&rnd=133853910460000000', 3.7);
INSERT INTO Places (Name, Government_name, VisitingHours, Location, Description, Photo, GoogleRate) VALUES ('San El-Hagar Archaeological Site', 'Sharqia', '8 AM - 5 PM', 'https://www.google.com/maps/search/?api=1&query=San+El-Hagar+Archaeological+Site', 'Remains of the ancient city of Tanis.', 'https://www.youregypttours.com/storage/1224/1681382180.jpg', 4.6);
INSERT INTO Places (Name, Government_name, VisitingHours, Location, Description, Photo, GoogleRate) VALUES ('Tell Basta Museum', 'Sharqia', '9 AM - 5 PM', 'https://www.google.com/maps/search/?api=1&query=Tell+Basta+Museum', 'A museum near Tell Basta with local artifacts.', 'https://www.cairotoptours.com/storage/2669/conversions/The%20site%20museum%20of%20Tel%20Basta%20in%20Zagazig-webp.webp', 4.6);
INSERT INTO Places (Name, Government_name, VisitingHours, Location, Description, Photo, GoogleRate) VALUES ('Qarun Palace', 'Fayoum', '8 AM - 5 PM', 'https://www.google.com/maps/search/?api=1&query=Qarun+Palace', 'A Ptolemaic temple near Lake Qarun.', 'https://www.inside-egypt.com/img/thumbs/w1200h800q85/news/55af5ba391217f303a48.jpeg', 4.3);
INSERT INTO Places (Name, Government_name, VisitingHours, Location, Description, Photo, GoogleRate) VALUES ('Hawara Pyramid', 'Fayoum', '8 AM - 5 PM', 'https://www.google.com/maps/search/?api=1&query=Hawara+Pyramid', 'A mudbrick pyramid built by Amenemhat III.', 'https://www.historyhit.com/app/uploads/bis-images/5156653/Hawara-Pyramid-788x537.jpg?x28777', 4.7);
INSERT INTO Places (Name, Government_name, VisitingHours, Location, Description, Photo, GoogleRate) VALUES ('Lahun Pyramid', 'Fayoum', '8 AM - 5 PM', 'https://www.google.com/maps/search/?api=1&query=Lahun+Pyramid', 'A pyramid from the Middle Kingdom built by Senusret II.', 'https://images.memphistours.com/large/321928438_El_Lahun_Pyramid_06.JPG', 4.2);
INSERT INTO Places (Name, Government_name, VisitingHours, Location, Description, Photo, GoogleRate) VALUES ('Karanis Archaeological Area', 'Fayoum', '8 AM - 5 PM', 'https://www.google.com/maps/search/?api=1&query=Karanis+Archaeological+Area', 'Greco-Roman ruins of the ancient city of Karanis.', 'https://d3rr2gvhjw0wwy.cloudfront.net/uploads/mandators/56119/cms/561451/940x500-1-50-c9037f70eec3afebc260ecf7dfa10d78.jpg', 4.3);
INSERT INTO Places (Name, Government_name, VisitingHours, Location, Description, Photo, GoogleRate) VALUES ('Medinet Madi Temple', 'Fayoum', '8 AM - 5 PM', 'https://www.google.com/maps/search/?api=1&query=Medinet+Madi+Temple', 'A Middle Kingdom temple dedicated to Sobek and Renenutet.', 'https://d3rr2gvhjw0wwy.cloudfront.net/uploads/mandators/56119/cms/561474/940x500-1-50-d0b20cbd730e166a6800b67e72a13a95.jpg', 4.1);
INSERT INTO Places (Name, Government_name, VisitingHours, Location, Description, Photo, GoogleRate) VALUES ('Kom Oshim Museum', 'Fayoum', '9 AM - 5 PM', 'https://www.google.com/maps/search/?api=1&query=Kom+Oshim+Museum', 'A museum near Karanis with local artifacts.', 'https://i0.wp.com/fayoumegypt.com/wp-content/uploads/2017/06/IMG_0092.jpg?fit=1024%2C683&ssl=1', 3.5);
INSERT INTO Places (Name, Government_name, VisitingHours, Location, Description, Photo, GoogleRate) VALUES ('Meidum Pyramid', 'Fayoum', '8 AM - 5 PM', 'https://www.google.com/maps/search/?api=1&query=Meidum+Pyramid', 'An early pyramid that collapsed during construction.', 'https://upload.wikimedia.org/wikipedia/commons/a/ad/Meidoum03.jpg', 3.7);
INSERT INTO Places (Name, Government_name, VisitingHours, Location, Description, Photo, GoogleRate) VALUES ('Sultan Zawiya', 'Fayoum', '9 AM - 5 PM', 'https://www.google.com/maps/search/?api=1&query=Sultan+Zawiya', 'A historic Sufi lodge in Fayoum.', 'https://egyptopia.com/shared/images/z/middle/z_mausoleumofemirqurqumas-_3745.jpg', 3.5);
INSERT INTO Places (Name, Government_name, VisitingHours, Location, Description, Photo, GoogleRate) VALUES ('Virgin Mary Monastery', 'Fayoum', '9 AM - 5 PM', 'https://www.google.com/maps/search/?api=1&query=Virgin+Mary+Monastery', 'A Coptic monastery with religious significance.', 'https://image.hurimg.com/i/hurriyet/75/0x0/5b44b4f2537a0020d071f584.jpg', 4.5);
INSERT INTO Places (Name, Government_name, VisitingHours, Location, Description, Photo, GoogleRate) VALUES ('Tuna El-Gebel', 'Minya', '8 AM - 5 PM', 'https://www.google.com/maps/search/?api=1&query=Tuna+El-Gebel', 'An ancient necropolis with tombs and a temple.', 'https://dynamic-media-cdn.tripadvisor.com/media/photo-o/0c/18/89/c2/tomb-of-isadora-at-tuna.jpg?w=900&h=500&s=1', 4);
INSERT INTO Places (Name, Government_name, VisitingHours, Location, Description, Photo, GoogleRate) VALUES ('Vehicle Tickets for Tuna El-Gebel Archaeological Area', 'Minya', '8 AM - 5 PM', 'https://www.google.com/maps/search/?api=1&query=Tuna+El-Gebel', 'Vehicle access ticket for Tuna El-Gebel.', 'https://tuna-el-gebel.com/files/tuna/content/home/Tuna_BildNAV_Tombs.jpg', 4.3);
INSERT INTO Places (Name, Government_name, VisitingHours, Location, Description, Photo, GoogleRate) VALUES ('Tell El-Amarna', 'Minya', '8 AM - 5 PM', 'https://www.google.com/maps/search/?api=1&query=Tell+El-Amarna', 'The ancient city of Akhetaten built by Akhenaten.', 'https://mlrhpz8jmuut.i.optimole.com/cb:lD8R.5019e/w:auto/h:auto/q:mauto/f:best/ig:avif/id:a2a57a03a6637341e5650debe8b85e93/https://www.egypttoursplus.com/City-of-Akhetaten.jpg', 4.9);
INSERT INTO Places (Name, Government_name, VisitingHours, Location, Description, Photo, GoogleRate) VALUES ('Royal Tomb of Akhenaten', 'Minya', '8 AM - 5 PM', 'https://www.google.com/maps/search/?api=1&query=Royal+Tomb+of+Akhenaten', 'The tomb of Pharaoh Akhenaten near Amarna.', 'https://upload.wikimedia.org/wikipedia/commons/thumb/8/8f/Amarna_Grab_26_01.jpg/1200px-Amarna_Grab_26_01.jpg', 3.9);
INSERT INTO Places (Name, Government_name, VisitingHours, Location, Description, Photo, GoogleRate) VALUES ('Fraser Tombs', 'Minya', '8 AM - 5 PM', 'https://www.google.com/maps/search/?api=1&query=Fraser+Tombs', 'Rock-cut tombs from the Old Kingdom in Minya.', 'data:image/jpeg;base64,/9j/4AAQSkZJRgABAQAAAQABAAD/2wCEAAkGBxMTEhUTExMWFhUXGRsXGBgYGBofHRoaGxgaHRgZHRoaHiggGh4lGx0aITEhJyorLi4uGSAzODMtNygtLisBCgoKDg0OGhAQGy8lHyUtLS0tLS0tLS0tLS0tLS0tLS0tLS0tLS0tLS0tLS0tLS0tLS0tLS0tLS0tLS0tLS0tLf/AABEIAK4BIgMBIgACEQEDEQH/xAAbAAACAwEBAQAAAAAAAAAAAAAEBQIDBgEAB//EAEAQAAECBAQDBgUCBQIEBwAAAAECEQADITEEEkFRBWFxIoGRobHwBhMywdEj4RRCUmLxM3IVU4KiFiRDY5KTsv/EABoBAAMBAQEBAAAAAAAAAAAAAAECAwAEBQb/xAAmEQACAgICAgICAgMAAAAAAAAAAQIREiEDMRNBBFEyYRQiQnGh/9oADAMBAAIRAxEAPwAdw3ZmKOlajvTf3aAMRLUC7BJIrlqkjQlJt402hvMSAaByfMR4kU7AY8ttKU848Twu9M6ckZ0NmqzmygXqB9JCgd4px2GJbMO97fiDuL4VL9kKBNnDg6kWdusDCcr+4UYuDlpvW/MUh9/RkI5WJOHm5hUMygDRQ2OhjU8I+IpU0hIBSo0AJFTs7+sZ/E4fM/0noIXzsCpPayuNq1i8OWlTA4Jn0grIuac/S2zxYJwvlqO/atO73WPlmOxS1EZVqAYMHZiOljzhnwn4kmSwlK3UAf5gPEKuD+dIvaZPFo3mOlIWGd7HoXgeRh3Zxumuouk+sU4PECZ+okhlModyQLsdXBPSGKARYAtbrWjRPwxl0FTaF+M4UhQYiEivh0p7SSUkc+XsxsSsEuxoK0BpodxSOT5CSggFnob2NNeUTl8fFaKR5fs+d8EnYiUFGWT2SygwqHeoO1Y0uA+Lg5E4Nq4Gurgn0/EX4LBiViFUOWbfVjp4sR1aK+IfDaVklNK6esC53aCnFrZocNjETEZ0rBTvt12IpBYdj9o+fq4BORVCjTWxp0ieH45i5B/UBWn+4VbZ/wAw6567B4/o3BwiSAfpOuWxOtPxCniHDFLVSpatWBALgEakGxuH7jDhXxhImMmY8tXP6fHTvjmJlZpilBeaWRmGUuTU9nM9hV0kFw2zRZTTExpi6bgZjMwcUIL07iA/X94Wq4cp6/sK8raxs8PMSUulNMtE6ggFr/TpyrHJuEDEOabgFtanZqeEHxpq0bNozEjCkJq/sxydhqBtIfJwyQRLUMqnJAuCNWOUOIsn8O1/Ff35RKXCyimjNS8OzlVAWBpcPv3CnKDMVKR8o5ZmUsxFiHIOlw7CCZ2CLnJfp+3WAzwuYVAKSMimFw4dn10hMJByQRg+JzSoCYapDEtQgUSr+413umGkvtMddb0J6xm1TjKmIE5JAKMuYEsWNrly786dYZ4XGpBSQo5ASTRiwSzEXOvuzqWPYK+h8EMhS9gVcqD9ozxwoSypbBefNUntB3dyS+8ETOK4hMxMtcsJlFL9sjMxat6ajWsOBhUTGImAi4ZjaoFDanlD3ktGWuxfKVnRNKiUBBcAO7sGqOZNtol80rloBFVJ1oQ1yT3j3YXF5ZcrLnYzFg0DhmpX7amIzFHNLU4ymW1AQHKgPCrwnE3Wx5JHMU6EKIfKACCA5YKYjcsHfU9Wg1GKcZkkHs5uuxdo9i5glgpUoMG/6XBSH60eEsmWQlUtKwCCpIFKJUo2fQAgjRhFVYujVYDjC5K86fpIYgsxavV6+fjv5M1K0haS6SHBj5hNT6a60vSNH8D8TUVqkGwSlQrQU073fnHZwcj/ABZ53y+BNZxNUsRUoQQsRSqO+LPMKo9Eo9DimDXLQ7gA9IpMt3KVa2IJ+9D4QcmW4G96RXNw76npv0rHzzgz3VITY5LsLkV3G1rwJl7jBE185LnYPsIipO7QuNdodMomJNi55mvnHJEkEFJS491f3rBCA2nvqYM4ehJBa5vEeTiTQykZ3iHCARnSCU7gVA5gX7hCn/hSVOA3L8xvjhiHykk/3H7t1gXF4MOSz+FO8xFuUVoZOzBy5GIkvlUWrqR6ViMjjmJSoOtSgC7XP7jl6RsZ/DwbjuOu0AK4Wh3AD7e/GNH5bX5IbBMM4P8AE8uaGX+msaNQvsbg+y9IM/4xILkzcuVgXzBi1q0YtZt7XjNr4JVRzEFqN5/4gFHw+dRWzjQ6Ujoj8yLEfEazCzEKnqUkggNlLhiWerdS0P5S6ad7172Jj5n/AMInSv8ATWW12OlmrEJ/zTSqGagKmJ3qYovkcbWhfEz6SC6QzghixY628aPFs2UhQ7QB3DP6R834TxSbh3Ce0klyFW2JBun05Rq+FfFEiYcpJQuzK+xFDDRwkaSkgrFfDkhdcnfbm8J53BlS56QglIIKU3LOx3o4F+Q2jSrxqMtTlB1LjvEUcS4jKEuWtS0kBVxXQjSw5wXCKdgUmxOs4qUqiXQfqyq8wVAlJro8Xf8AiuWAUrlqS10lqjS7W9vD2TOQsApUFDkxfw90gfiODlrHaSk9RD4SXTNafYFg/ibDqOVS1AfyqUKA0odQeZoaw7+Uqouk00BA2oKhrPXq8YDiXB0JmoKQwe2kbbh+JUosqhSAD1Fi4pUVikJP/IDS9FykkjKGZ6ONNh70iczCOzG1a9K+vnFOPwRmhvmLT/tU0LPl4yR2krE8A2V9TdXrAlLfRkv2X4nCAkhVjvvtC9XCwh/lBIOYFmFgpzptDRPGvmVly8qgDnTNcNsxFCHcPytFsviqT2ZkujXAdqPr15QklB6GTkhV8Qf+ZCVKSl0khwNN94M4PKw0uUJaQRMoStrO7hJNg33go4eUpJUhdCW1LEkUp994onYQoWK5Q1DuS9Qd4kuCrofP0LcZikzFlBDIcpNHoKgtY1AIbkYihExBEt85AFAmoLKJapcMxYbi7wSrCqQVKYUBNQ5a5A7vtFGAxJl/LWaH6ltzJJAG3J4MdDNhWCnidJKwp+yytDmsQaA25MXMRk4Z5qZrABUsONSQQa0tlYQHiVJkzSuWvsTXCkEHsqIJBFqE15GljQrheL+YpOdYCwpkFDhJGVqg3cebQyl6YrDcSlieQP7ece4EVJxyKnL2NNlBJ9fMwVMl1iiQkJmJUq2avR3PpFoaaIz3Fo+mzBA6oMmiBloj04s8RrZQ0dizJHIpYKPn8mY1dDcQWqYlIfRn+oW7++A5YFjrFc/EZEqJKQghjmemkeParZ7Ml9C0zGBI+lyR0f0eBRiQ7lwdAz+/CC1oBS6VIymlCDTXVwYHnSFgB1IIFlMA3mzRCqKovkLzWb33UPKOycaUG24oQQeXv8wGiWoVqoa6h99PvC7G4oy1vko2lxzbXpAv7M0aiTjyo6Ps3je/WLJmNOrNvCLAcUkEfU6uX1Pzaxg5M0r+gElrOkHweHkoi0xlNQVCgDFqjpcPSOIwwJqlXiPSCsOVKQBlyEBgC4qPtzcxaguK6ePl6xvBfoGYArAAu5A5EP4vWOjC6lIPPXlWDkKSqxB0b8iPTJaS3S3vnA/ix9G8jBBhAf8AMDTuGBV063hwhJ3/ADHlJLD3veA/iRfo3laMpiuEdoulLUozV7zvAvEfhkEOlIBpb/MbKZKFmHvb9opQkMzmm/4iX8SumOuUxJ+H5oUHmTCK/wA5oe87QLM4JlmBKiVWI1avlaN+uSNGbpX/ABGenI/VX1bwEFcUk9sdTsacH4BIEoESwFV7QJBfdwYMVwtLMFzO8g+oMFcMT+ijmH8TFp746uifZkOO8MUlOdLqUmrGgIazCLvh3iyZiwjUBvpI0e590EaKdJCtIQY34aOczJMwy1UJYAgtZw0JKTTsZJNGhAv0jweMvjOHzqGbOm0UGUlRHQskAeUV/KxUkvLn50k/TMOcdxNR3EVaHUr2LRqflCg0ZvG8AYnhgCSUPmJBZ6bNWwgCRxufnKZmGZrFK6Fqm6aUalb8ojgvixJmmVPlmSa5VPmSepYEHual4P8AV9m2ui4YKchC0pytXKEFQUx3fUPcGKhxoykolrOZRLFSiwyFwS+pBDd0M8DxvDTllEuaCsP2S4LC7BQDjmHiGLlI+YASkFswFHINy2136wfHW0zZ6plmHngjJQitbukmg8H7o5PwQU1OY2Oz7tFKOEJ7ISopTQFIZmu3IaRXjRM+c6HASMoKTYWU6SGPnaNX2Cyqdw8EFxcMx58vCM9jeFzJacyFZk0AS1XNLi9OUP8AB8VQcyZigFBRbPTsmt2AFXpF01AUtANQ7+Adye9o2CfQc6EHw3xOZKQtcwukGoUWbSl2qAGaHZ4rIVLCs4dOUqvci1RcAjyiGOwktRVnAcEbXFQrm1n7oX4iSjDlJbsTCQQ4uXJNRS24beMotGtM+08JLyJJ/wDbTbcJAI8YtWmPnnwr8TowwUlWYyzW2umUlWU02Dnekb/h/EZU9AXKWFBXMP0IjtjI83k4mmcyx2CPlx2KZksGfJ0rrzicyUFJKTWK2i6QLkx5XZ6zE0/hEgPRGZn9t6xSjhGUvKWUk6XB6h6w0MkOQah6P9ukWHh0k1ypfcBt/wBol4q6DmLJXDpr5kTZYOoCWB5EOQY9PwExVJgQ/f6B/F4aplyxUghWrKU/WjPBSVSyASW5VgeFv2HyUZNGAnSy6PlnkT+Ye8LM0AkpQkHRLkdXEFJwSTULWe99bVdo6kFJ7MwAbM4FerCGjxyg7BKeSPKxOYt20lItmLl28ucT/iSkfSVPplJ8CPzEyFObePTqBHTJvUgHYvr0+8WcpWTUUUJxJZkjq7g9K284vkY0KcNb708LVjipSU1Lk22pza8QMsEf6dOYBHmIEZTQXFB5n0qKiILxTEM3n+RAuHkIDsCk61+1osyNVx/3D7tDvkkhcUXIVmct1DnuOzxVNAcEEhrg6j9t44mXz97xZnA28YMZ32ZqiKwkhwerHWl/KMyv61/7lesP56mevNuY/wAxnUKdRO5J8aws2rQ8EbDDUlpbROseApXpHJJ7I6faIoVSsBjHUGL0EQO8TR15xkjEOMT0okTFqS4ShRI3YWjJ4X4pkmUM6JhWCxCUu2oLlgdtzSNVxNIXKWk2IIjGrwWHyZggn/pauzvCzlKP4qwxSfbGcrj2FLJK8qs1M6FBi1i48zBcz5ExhnlnNR0kO4roac+UZk4KUoJKQpJ/mZiByYiummscTwsHKUzD2iQnOgUI0ZJfzjLkk/yiFxXpjDi/CZPyySkFWY5Tcu2nQ1fnB3whJIUtSlKUcrEqJJqXDk10MDLwolykAXck3qWSHYksNGhr8Mp7KzuQPAP94aEf7WBv+oxlyClT5uzYBrPz5W8ICE0Al6Gjg0NbX6+UMVKiIVF1onQDNky10IBgSRwoBIMpakOxADEeB9OcOcocFhS1BFcyWlKVEPQE0Jeg2tDaAJzKmBWYj5gFmygvqWLDbXSJzZkqbSYmxGVCwQRo7a3uN4r4NxCYpRlzUMrLmChYs2YGtC5HntDHFANVm5274KV7BbRk8YoS5xEpWQJ0qQXAuCa+vOGvDsX2XSgJY1oQx0IfvL/2whw+MzzFtMKAC4o9CXAuNofcMWZnZMwLYtQMRQ1uaWgxVDSPrmA4vKVKQpc2WFFKSrtJFSA9HpWPR83Xw9TmsejWQ8TBxL6nXeL5S317oCkKJSCFE8i473rBH8Simc5DuTrqOdI5FE6LAeLkhQIN9K18Ne94ERj3OUijUY/vBvGsQMoIZVdn56dN4y3EpwBBy2qL0pyMWSVCbHoVMUyQQX3Bb94LkyTRyejv5wrmISZOZOgCgWcg8+4384u4DxcLSygQtNC4DPVq3jZpBxbGUvC3Y91fCLkYNrEvf2/OLlqDgkUbMOTDeKeLz1IlOkEqcd1XMbyIGAPiFFJqSotUilraRQjihFEnz/br4GJjE/OSFJdJFCCAX6xGeE6hiHowFy4L7u/jBdM1MmOLkPmOVixLOPKvvWDsJj1LAUhTg8t7XrGcVOTnGeqXdQ3BO3u8aXDYZHZWhIpQUZxs1H/aMq6C0wtOIINUv0if8Wn7xUuQFCtm3aFqiJZSLgO4poadIZxQtsbCem1xHJik3YeRjMnGhZUCRkDivVvXTaH8mWGdqaiBUQ7KpikC437/AG0Ik/Uev3hxjUhOYiyWfasIZqmm5a1FHHQ73Z68oXkgtUNGVdmwwynSPD0iz5vpCrhmJJlgP2rVu4NXp7pFiktTkd/zWreMBQNYcvFAXi1KuRhFPS5ADGj2fUad8F4dSkj+kkCg72Nz4coZcYMg+aSQpgSdADeu8B4LBJSnLMLhTkpNQmuh0ApTnAq5hUMoJDsQzXBSSGF6UaKMBjlrk5lVZ60qKmgHcI2KWma2+gwYXCDshdSSaqq/KLEYRCEAIJUACQ7UJGlNvUxm5GIGckpdgs/9rB+/rDJONT8pKmqHHfS/dBjGzN0S4x2UJD1173I9TDHgFJCf7io+bfaMmviSmIKjc1+3SNJwuYPkyy38vfffaGhDYJS0MVzTo3u8UFRBbevjeKZqxfXQaQRJnpKKkFnLc28unOK+MRzK0rU6a2Z+/wDEE4hYyKfY+kdlTMrOoGgFn6+JgWZNCTlURUUfU7QXxgU0YTC4+eid/wCplNSCxcO9SLuXpG94bP8AnSiVgBKsyWr9Nq+cZvjBSDmJAS+VzYUp9I6wZhuNyEyDKE0ZvllL5VM5etA7OdniMYNPZRyT6FXDcJLUFUoVFu4D7vDbh8kSyVJe4oeZb8QpwM2XJQlImfNUSf8ATSotUl+1lAh1hp8p+0pQdmdIv3KLtSGjB3ZpS0OfnczHYA/jU/1q/wDqP4j0HxsGSFqi4IAIN3SdT/MGtSvOLcGtSnQsLVqC9CDyNj49YHEzL/L0IP4D6xf82YAMii41KUnOGati9L09I5laHZD4glkSgGLZrgWJBaMpjBVL2PLkfzG34mgzMOvMA4S51DpL/aMPjsxT02aHvQi7H3BZZMhiHBDingYTYWZ8rEH+lTbPQs/u7Q44BlnYcApGZPn3wpmSE/NLGw9dPe0ScSqls18pKVjIaEBJcAWOlDtHuISxLSlz2SWYPTQkF+flAWDxaQkZ8vZsaksaWIhlxeWJknskOA4Pu0BRM2U4cOEvUgkONbQNjb0PUNTx0i3BTv0U7P5sX6wLjFZmDjtFnOnWKJXsUW4+WPlqUAyzQdN+TMPKGnwjjSqUgHQEX1FDQ2tAHEVM96aXGlvWOfDagEOSwKlWLMXibvsoqqjT4mYUCocEir6O5FA9nhdjqNux+z00hjigVShlLkMQGoeUL+IXBIqM1+oi0Vok+xClAVJnoYZgSoEXbcctOUaPg835kkFanLBi5fyhNKmf6tKsw6Efn7Qx4TOCQlmZg4Y/i0JKDY0ZxV7OTVE/OBJNRfYN+0LeIjXUWrs/m0NMWsZplqkeYEKSp5rKtlPdUedYquPVCOabsa8KUzv9Jq12Nj4hqcoO+cCaQv4aQEAPy6cosli+rafmHw0LlbpMqmzwJ4GhSoHxB+0ESJ7uKuDyY/fbwhRi1frppv6QfKWCL+6/mDFGk6dBTsCoUO+1gPbRSEhMgtbQd7RJU0AMOleZhR/GEykjUj94LjtIyl2USFVWf7SPFQEHY1YMoNuO4Mfu0KRMZYAsb/aJnG5pYIBFe+x25wIRqVGcrQEbmuv3jYYObllIGuUeLRiFTbxpV4lmrsItxx7Em+g6diecBjFaP/ikLpmJ2NNosw2HmTGyIJej0A0o5pFkTYzRxEixtAmN4iVLRtU329mJL4FPAfsHkFF/RolguEKCiqcgKoABmVzf6W330gSegxSsQT8arOqpudTv5QNNmbpcdPuRGqxnwpJWCpC1yyXv2h1YsfOL8HwOcCDNnhSBZADBtNWHQRyvjk5HQpxSMhhcpoJacxuTpzGzU0LnaG2C4gpAQF5P7KWyvcaGHMjg0tU0q7SWZiGY3o5NN7aiCMVwZJNg2hIoPAQFCaC5xKBxs7J8BHou/wCBzN0f/IR6NXKLlABCwdhRrkdLW1i6VPy8gC9GULNUADeBULAY5mGoJDg7Hl13i2WpiVFsuiktXrpt4RzUOOk4tBArRQalQXDbPcxip0ttHpGnwiAR2TsQXcfU7UNdozSTlJSdCRW5APukUirEfZb8KTCDMS1Hfo45mPIDzl9nUCO8Bw4K1ren09/fyjuGR+ssPQioJvqIDjQ12NwogFKk0Nai7dGhnLBKU2qKj30hbLmBmIpyc30g7AzAzDS0NFIDBsJhiElLuASzH1HlFKpQcr/pLA0qT7PnDFB+uwvfo8LVrfRhcCt9TeHxSVIW7AeJEBJobQX8OJSZIDPY25dNftC/iyuyYY/CM0ZEvpT9om9FFtDeWwCkvRrau2hgDiirXcKUK93jBc6YAVuWAzV2DQl4tOdKSTdR9KXh4bElopwprMLsCkDqzn0hlhCzdPfnrGWnYlIWk1FWJFmLhjuOUaJC9YLkl2TUXWvsvxjdo/7WfvEIJkz9ZPePKGPE1doG/ZHqYSqmvNT1/aKt6EUX/wANPmsNifWIoms9ffdEJi+0be9fvFBUYLqgqLTTA5s39ZPJzDITXIhKpX6ye/0hgVxuPpjcu2i+bMoYWSl9hPQekTxU5kLN+yTToYBwU0rpyDMDWlfA/aHpZIntIrmzWKq/y+jxTJndgcqeEMpPw9PWs9lgoEOrst437ocSPgkpopecjRstfEn0hKp2PejIYZBWsJAclQ8zeNrJ4XMT2gtlcrEbO0OcDwPDyn+XLAUbntHr9TsOVouxHZY9lhfs1PJwRGT9DAClrYFctL2zhCCaXJLFvfSLxMcgiYW/2hz5P5wTLxaVFmKS1i4dr3Da3iMySCc2Wo5EeYv5xrl6ZtF0kOKkEjYD7a98VGexZgRypp6x7+JQA5Um5DuwfUFXWJfJCh5UY+/GGsWgZWI1bvaBsLjgqYUrIToKsSTy2hocCClvPWFXEeEg6doWUfvWsK7CqG/8Gn+kHwPkRHZcoAsFNplDCBOG4wqSOwCRRTFi45EN5wTiMQkNmCx1ST/+QXiqqibss+Wf6j4iPRUJ8v8A5iO8EeTUj0G0amZwqFAw2pp16x6VLl5QwAIr+7N0gZ+7371iSVtVyHFaexHm6OoPwycporYtTv8AGMxxiSRPmjQqdm3ALjxh/IIJd2Pl0hP8QpyzUlLVSKPRw4O/KKRYj7AcDjJskBHZUgqchu1erF2izDcRzTlEAhxUFnua05QOsZhdjrCoOiYCK6QkrKKjcYaabU6QzwVz7vGO4jxabKSnKlBfd9uohv8ADHFFLSCoVLGgp0vYc4RP2M0FYxR+apzR6BuQvEVTC0VoOY5q1L9P2iagN/f3i5MXY9VCOX+Yl8LYgpWU8y0c4hKcdIp+Hl5Zihzic0PD2P8AGWmXsYVcQSRlrrZm0Ovl3QepThdXoYW4+eAkHTOPHKqKcXQs+xbi5HZLn/MW47N+iyiHJBAJALV3gXiWJ7NAffvziriGLpJI0r4kfZ4SUW2PFpIeYtfaD/0J+8Kp6x8xPUesF4qf2hyQn0MJMXM7YO0Ua0hVJbRq5k6gbZPpFKptICTiKWrrEV4jx266QadDZxyJyP8AUfZ/TyvFvzSS13j3Cvh3FKUVlIQnTOa1pYP5tD/h/BflLdZJLaJoHLbu/OD1dE7VJfsCwPB5i19oZEi763oG9Ydy5YlDsDKHqAKHd39XeDpcohL3sKNcXtHuy7EApV3a9H590I5NUO8XZGTMUASr/DlzBCp9KpFq3uzk+zSIgUsMpFD5fjTeKyTs4/xtesCUpX2Ksa6LlLGWxfYGhBihSMw7QLd1C96RFbM1y3TTY2ihc5aQMpN2Kbu/fbnTSDkhaDOwoBKiwFvLwicjChIYHdg++nPwHfeBsOjMHmIAU9jVxyJsd725xIYspLFClB6KSzgdAxMOpIFFU3DS1KPZUlRuRmS4Dh3TQx75eSjkdUj1b7wahKVAg+fukeUluzfqS9wYP7AAT8fMAZi+hYFJY2+oH7RWeITR2wnMlwCFUIJLUqL6OO+DpssKoWu9Rz38ojIkZFqIAZW16ClaeENbBquhD8SYiYjJOqkKZCkdp1JFahnSRU6U5x6YmYtCShQUgh3IO1SFAe9ttJjpYUkO2467M/IwsRjACAzAXb6iRoQDdyd4EtezJ36E6Zc5h9fcst3dqPQ9GU1YVrcx2J4S+x8l9GUE3n3n94vTMdh6b9RaAZJ5/wCfKCpJFHId9KdbxHEewiUplhhQhwdfA3jnFJedEsuDQizUo1IJnTB/UBqL7da90V4tTy+0oU2/26/lopBCyFAww26e2aAcXhwFIOW6oby5iWpUuPxC/jSTRW1Y0gxKeOLGRNNYI+EyA1Lv0vAXFwSlL+6RP4YV2im4ECtIZPs0DmqTVlEa7ke+seKu+1+kRlzBVzqfMn7GJ/MGjmLpEmwbFGloB4UppxBubQxnJUq1IDw2HKJwUToT6QsoNsMZJBeFxomJmEJIynKQb1LaPA+LkkpoD9QPkoQTw6QUTJqWJSs5gdLmDzKcd8UhBJCTk2zM4zBHKaaQLxLAEJQWsjzcvGqm4cFJH3p3xQvD5jlAJd2qVdzkmvg9YLigJsWzcKVZSmrpSzDYQ24BwCWofMmIC62UadMtif8Ad4RoeFYVSZaZYFmCjmrQdKmDJSQBlCXGpJ/mfV/fpCN3ob9lMzDSVoKcgUBRUtTDvpbkRpHpODkyg6UiWnwfqX6X2gmbKJdmDsC94oWpRBBzDozjmApJBGve0C6N2XywptwfvZvZtFExLmz0bXUe/OPYdZAYV3D30oNKtSzxcF8/Lw74SVhRVOGV0pW+7ithbNUl6avFKllSiwLbmr2NbNvrHJ7lQo3ftTveOqk0/pNWuC9nBH7v5RKmOdwiUjsgsBYP5V2+8XKLMOdjbp5wBMlK+vwUACGuC12uILxDmjjrz1/PjFqVCksrtQMb6teziIrKg1Us9iL7i7HoPzHpU1FljKbgne1D002NImtyamxqHSdOWhcawDFK56XAzJSTZyKv33rpF8mS7OabvWwofdX1iuZh5eQgAB2bkxu3MR6WkJcNUnqANjqA+j6mCAExGIUhZCS7O6aFx3m7NeDMJiETEOk5iCxGx2Y2o3jCvF4d1FaXBue6346GLOET1qGZmYZSm4OqSTdLPfYGMnszGAy2rTrR+tujRIyRcgkigLXHPuiucqrqSXFxqRsN4sl5WDUSQCG07tIahbLpU19HHd4jn1b8DYzC0BAFwbAMbDm7NFyMQ1gA96X5xxUx3B11zU62ofdYPoFbFZ4eo1zCu6AfNqx6L1IW5/UV4iPQmI1sxkvoH6/aDJKaEEX90ccucelJLllvaja8i1PGOpSpNQsiv0nzDtCFLLUk1dx0J72pHZwGQg0Ljd2trFU02NfP7+ERMs1YFgLu2rjrrBj2B9C2XcMwDiPcTmJMsgOSxeGZw+upFdR75xRisE4tT7Q+IliziUkmTL3f7Vj3wlJ/XL8j6w+nSQUJDWrA3DcKZc1SmNQB5mDirQbexhMlMTTePITE5s1Naju37ooVPS1N3ruIpkkKothSZUVLMsmqXI5B4DViOr3DB/SOdpRdlU6v75Qj5LGw+wiZi7sR6+9fGKV4zatL6VDgtoY6jD/1RUZV0uKlwQ+YDYG25Ea5MOkCTlzFlxm68qaawz4TiBLUmjqUkOU1ckuAC9O6PTqOokh7vc9wNDAGFSCslRIYsAL+NgBC9M12bZJJ7bEFqjW9C4bR7dIqMheYqlrYPUd1aKBG0USMWchNKB+Yaj3qG1i3DfU4KczO97/9TjoIp/oUNXilM7E8wAK7Xt13geiqkV3NxrQg7vQvfnToJWXN+lILlyAecbEWwVhsHFPC/SO5ne7+vfaCUSQ5t2WvFqJYGlTp9oGKNbE4nMoDtM7Wb6mfv/EEzEO6RSp7TXd2L7+WsE4rCODlFR+BA+DSDLerhgRTdnper/tSFxSGTK0yCnKskKLAAsXYEdk17+6LjLbWlbvQ7XAAvpECcqgMzCzGx2r9ouUpro7IFFC5azvpAoNkcgIZQcg5dLtqzs+0RTKCWR9I/lazA6vod4jh1kE0ABNDR3qanV9+cFT01JLsw+5J98o3QCpCbsRehD71ofXpFpKaEs456d1hEJdlAULtvSjEW2P5joS6K6XfW7dNPDrGMUzsPmJYONj6dzeEKQflVRnBNSx1GnPv8YeBBPZtV62f9/d6jT5ICgoiweh316PBoFk8OszEgsxv/jmDEp04DsWLW5b9DFGJxEqUUqJNCyRyLE9X8YXTJ5mKzsa2FyBpbrBekBbGKJrXBIj03N9SDUV2f37aPSnGxG5NmtHFSVBQWlR5g6+H2hUxy+Xi6B0B23Eegc8TV/yj4iOwtmMnJVcE9B3UvHvmHRLd33aISAD18PSLElw48yT5Qo5xRJrW3U+I6RxAOYbGhdtQ14sTJJN9Iu+Vl0FXbe25tAMEKQxj2cfnWBFYklxZns2nV44ATV9zfv8AvFPILgELxB0D1ap++kUKmKL0LciIrUgkuO9/tF38OrcF+63dAtsOkQEmtaHZxaPSkF6M1jdxEyAlyzACzvzu0WoHaCdzDKKBkVy8OOvp4RdlDNYGh0imXPBUA13r0pHkzgVAMbgB7VIhlXoBeoPr6RFMtqAU9D79YiFBnApmZvGLVLcUjGKcWp5SiXDDlvbaE8tGZVzpXUWDiG3EAflqD2APnCqUFOMpyktb3uIRvYUarh0v9MHssRUgVN9u+JoKZaTmDZbGlRuPQws4BOWSpAIAbM1wK6P1PjF/EJZAAdzr+0NlrQK2XcNxqgou9urFx9oeYZRcv4xlcOouSKe2hvwucQEjUg+uv5hoSvRpRHAzOWsYvWhWQ5QMwtFchThz0Z4uOIBAIGrF4YmJpfG5SOwo5JlcyVOkndh/M/J6xOSrtdmju4IOUhyRR6U1I3hV8Tp7UqYoAl8/gzi1LCLMZPmfNSEEJJd7s4yjwqLNrSEbHQ9KMwLM7+z1iM1RSO1RrP70+8DYYlRJUz2LciQruZiOYgvFDspSplMoAecKEDlygOyXZyztrZPOh12gwJOp0YjoaNT33QL8t6O1M1GuAz+xFsmYSASXa5YPX2IzQLPPUHcM5pUDRvGJysSxtTcVY9w18O+JqR2UkgOSKvUEvrygbI2YjWpGho/dBSNYynSQQCzbbwFxKel0s3ZBfoR+3nBYWUpIN7Pu+rbxkuP4nN8uTb5rhVHGUAOL6vBlJR0LFWRxMwrmZjRP0p83vvTwEXSJheiHaoqyn11Zq2/zHZskZLklBBc1JBoakmKUTSlw+urWNtBEJSbZVRHCMYgMSkBxenfsBXrrBK1hrGhuGcAinUN684UfJChShpXY0L0i3hmPKVhCrE5XAq5I7mrGjLdMzXsOElf9STzL/iOwy/hkmrCvIfiOQ+BLI//Z', 4.1);
INSERT INTO Places (Name, Government_name, VisitingHours, Location, Description, Photo, GoogleRate) VALUES ('Beni Hassan Tombs', 'Minya', '8 AM - 5 PM', 'https://www.google.com/maps/search/?api=1&query=Beni+Hassan+Tombs', 'Middle Kingdom tombs with detailed wall paintings.', 'https://egymonuments.gov.eg/media/5989/dsc_0408-copy.jpg', 4.6);
INSERT INTO Places (Name, Government_name, VisitingHours, Location, Description, Photo, GoogleRate) VALUES ('Mallawi Museum', 'Minya', '9 AM - 5 PM', 'https://www.google.com/maps/search/?api=1&query=Mallawi+Museum', 'A museum with artifacts from Minya’s archaeological sites.', 'https://egyptopia.com/shared/images/egyptopia/2019/01/Mallawi-Regional-Museum.jpg', 3.8);
INSERT INTO Places (Name, Government_name, VisitingHours, Location, Description, Photo, GoogleRate) VALUES ('Mir Tombs', 'Minya', '8 AM - 5 PM', 'https://www.google.com/maps/search/?api=1&query=Mir+Tombs', 'Ancient tombs from various periods in Minya.', 'https://media.elwatannews.com/media/img/mediaarc/large/17980636521551461808.jpg', 3.6);
INSERT INTO Places (Name, Government_name, VisitingHours, Location, Description, Photo, GoogleRate) VALUES ('El-Hammamiya Tombs', 'Minya', '8 AM - 5 PM', 'https://www.google.com/maps/search/?api=1&query=El-Hammamiya+Tombs', 'Prehistoric and Old Kingdom tombs near Minya.', 'https://encrypted-tbn0.gstatic.com/images?q=tbn:ANd9GcR74Seo3N8sMuo0CN6RbiBevx5-fZonTIcXuw&s', 3.9);
INSERT INTO Places (Name, Government_name, VisitingHours, Location, Description, Photo, GoogleRate) VALUES ('Al-Muharraq Monastery', 'Minya', '9 AM - 5 PM', 'https://www.google.com/maps/search/?api=1&query=Al-Muharraq+Monastery', 'A Coptic monastery with historical and religious importance.', 'https://encrypted-tbn0.gstatic.com/images?q=tbn:ANd9GcT0SRh6u27ME6X20v-rtCvcHPGCFLKXKWxt5w&s', 3.7);
INSERT INTO Places (Name, Government_name, VisitingHours, Location, Description, Photo, GoogleRate) VALUES ('Mizawqa Tombs', 'Minya', '8 AM - 5 PM', 'https://www.google.com/maps/search/?api=1&query=Mizawqa+Tombs', 'Greco-Roman tombs in the Tuna El-Gebel area.', 'https://mlrhpz8jmuut.i.optimole.com/cb:lD8R.5019e/w:495/h:400/q:mauto/f:best/ig:avif/id:5871fd65b216818d3567685ccd023067/https://www.egypttoursplus.com/Siwa-Oasis-Tours.jpg', 4.9);
INSERT INTO Places (Name, Government_name, VisitingHours, Location, Description, Photo, GoogleRate) VALUES ('Al-Dabba and Ain Aseel Forts', 'New Valley', '8 AM - 5 PM', 'https://www.google.com/maps/search/?api=1&query=Al-Dabba+and+Ain+Aseel+Forts', 'Ancient forts in the Dakhla Oasis.', 'https://media.istockphoto.com/id/530249351/photo/jahili-fort.jpg?s=612x612&w=0&k=20&c=InteOxkHXZa2alE8wAwwCZnamS6BUI3yUVAHQxc15V4=', 4.7);
INSERT INTO Places (Name, Government_name, VisitingHours, Location, Description, Photo, GoogleRate) VALUES ('Deir El-Hagar Temple', 'New Valley', '8 AM - 5 PM', 'https://www.google.com/maps/search/?api=1&query=Deir+El-Hagar+Temple', 'A Roman-era temple in the Dakhla Oasis.', 'https://images.memphistours.com/large/36799796_hagar6.jpg', 4.5);
INSERT INTO Places (Name, Government_name, VisitingHours, Location, Description, Photo, GoogleRate) VALUES ('Azbet Bashandi Archaeological Area', 'New Valley', '8 AM - 5 PM', 'https://www.google.com/maps/search/?api=1&query=Azbet+Bashandi+Archaeological+Area', 'Prehistoric and ancient remains in Dakhla.', 'https://egyptopia.com/shared/images/z/big/z_bashandi-archeological-site-_4296.jpg', 4.8);
INSERT INTO Places (Name, Government_name, VisitingHours, Location, Description, Photo, GoogleRate) VALUES ('Hibis Temple', 'New Valley', '8 AM - 5 PM', 'https://www.google.com/maps/search/?api=1&query=Hibis+Temple', 'A well-preserved Persian-era temple in Kharga Oasis.', 'https://thearabweekly.com/sites/default/files/styles/article_image_800x450_/public/2018-12/Hibis-Temple-in-Kharga-oases-in-Egypt-western-desert-Ahmed-Megahid.jpg?itok=FEn-U8Yl', 4.7);
INSERT INTO Places (Name, Government_name, VisitingHours, Location, Description, Photo, GoogleRate) VALUES ('Al-Ghweita Temple', 'New Valley', '8 AM - 5 PM', 'https://www.google.com/maps/search/?api=1&query=Al-Ghweita+Temple', 'A Ptolemaic temple in the Kharga Oasis.', 'https://egyptopia.com/shared/images/z/big/z_ei-ghawita-temple-_4275.jpg', 3.8);
INSERT INTO Places (Name, Government_name, VisitingHours, Location, Description, Photo, GoogleRate) VALUES ('Dush Temple', 'New Valley', '8 AM - 5 PM', 'https://www.google.com/maps/search/?api=1&query=Dush+Temple', 'A Roman temple and fortress in the Kharga Oasis.', 'https://images.memphistours.com/large/972273075_dush6.jpg', 4.8);
INSERT INTO Places (Name, Government_name, VisitingHours, Location, Description, Photo, GoogleRate) VALUES ('Al-Zayan Temple', 'New Valley', '8 AM - 5 PM', 'https://www.google.com/maps/search/?api=1&query=Al-Zayan+Temple', 'An ancient temple in the Kharga Oasis.', 'https://encrypted-tbn0.gstatic.com/images?q=tbn:ANd9GcTmkR5tEFR5U8b1bNkKtMa27Gi4vYQEPIMGFQ&s', 4.3);
INSERT INTO Places (Name, Government_name, VisitingHours, Location, Description, Photo, GoogleRate) VALUES ('Al-Bagawat Necropolis', 'New Valley', '8 AM - 5 PM', 'https://www.google.com/maps/search/?api=1&query=Al-Bagawat+Necropolis', 'An early Christian cemetery with domed tombs in Kharga.', 'https://mlrhpz8jmuut.i.optimole.com/cb:lD8R.5019e/w:auto/h:auto/q:mauto/f:best/ig:avif/id:7c30dd6a50c40d1cc105e5ccd831525f/https://www.egypttoursplus.com/Cemetery-of-Al-Bagawat-Photo-by-Hannelore.jpg', 4.7);
INSERT INTO Places (Name, Government_name, VisitingHours, Location, Description, Photo, GoogleRate) VALUES ('New Valley Museum', 'New Valley', '9 AM - 5 PM', 'https://www.google.com/maps/search/?api=1&query=New+Valley+Museum', 'A museum showcasing the history of the New Valley region.', 'https://betamedia.experienceegypt.eg/media/experienceegypt/img/Original/2022/8/11/2022_8_11_21_5_49_864.jpeg', 4.8);
INSERT INTO Places (Name, Government_name, VisitingHours, Location, Description, Photo, GoogleRate) VALUES ('Seti I Temple (Abydos)', 'Sohag', '8 AM - 5 PM', 'https://www.google.com/maps/search/?api=1&query=Seti+I+Temple+Abydos', 'A New Kingdom temple with detailed reliefs in Abydos.', 'https://anthropologyreview.org/wp-content/uploads/2024/03/temple-of-abydos-1.jpg', 4);
INSERT INTO Places (Name, Government_name, VisitingHours, Location, Description, Photo, GoogleRate) VALUES ('Merit Amun Temple', 'Sohag', '8 AM - 5 PM', 'https://www.google.com/maps/search/?api=1&query=Merit+Amun+Temple', 'A temple dedicated to Merit Amun near Abydos.', 'https://www.egypttourpackages.com/images/egypt_blog/Akhmim.jpg', 3.7);
INSERT INTO Places (Name, Government_name, VisitingHours, Location, Description, Photo, GoogleRate) VALUES ('Shunet El-Zebib and Kom El-Sultan', 'Sohag', '8 AM - 5 PM', 'https://www.google.com/maps/search/?api=1&query=Shunet+El-Zebib', 'Ancient mudbrick structures from the Early Dynastic period.', 'https://madainproject.com/content/media/collect/shuneh_22947.jpg', 3.8);
INSERT INTO Places (Name, Government_name, VisitingHours, Location, Description, Photo, GoogleRate) VALUES ('Sheikh Hamad Area', 'Sohag', '8 AM - 5 PM', 'https://www.google.com/maps/search/?api=1&query=Sheikh+Hamad+Area', 'An archaeological site near Abydos.', 'https://hurghadalovers.com/wp-content/uploads/2022/11/Temple-of-Athribis-in-Sohag-Egypt-Facts-Map-History-of-El-Sheikh-Hamad-Archaeological-site.jpg', 4.1);
INSERT INTO Places (Name, Government_name, VisitingHours, Location, Description, Photo, GoogleRate) VALUES ('Al-Hawawish Tombs', 'Sohag', '8 AM - 5 PM', 'https://www.google.com/maps/search/?api=1&query=Al-Hawawish+Tombs', 'Old Kingdom rock-cut tombs in Sohag.', 'https://lh4.googleusercontent.com/proxy/veGf9U4nF71_3_41rFyA-voWxPVFG7M7VKaj9GQWt3Z2DeqExXPhWNm5QerHvqtUtNHPgAp52ZqVT2DTwVI8CpCFZ9HW07JWIu7z0fUhHVbjevaq5-woeilXalm2VnUgasM2C9_JVg3RzQVQ-i9pkVcjeW7pgih0d-dJxfSp7O6wuHXyhZU9tcgdWvhLdx37MGyA6_CVFXR2vPvz4Itl84mYEpU13U33xUxnq1z2Vu8R6IKbm3raCAxEwSQa82_kyl3_2MXM', 4.7);
INSERT INTO Places (Name, Government_name, VisitingHours, Location, Description, Photo, GoogleRate) VALUES ('The White Monastery', 'Sohag', '9 AM - 5 PM', 'https://www.google.com/maps/search/?api=1&query=The+White+Monastery', 'A Coptic monastery built by Saint Shenouda.', 'https://upload.wikimedia.org/wikipedia/commons/6/6e/WhiteMonasteryCourtEast.jpg', 4.8);
INSERT INTO Places (Name, Government_name, VisitingHours, Location, Description, Photo, GoogleRate) VALUES ('The Red Monastery', 'Sohag', '9 AM - 5 PM', 'https://www.google.com/maps/search/?api=1&query=The+Red+Monastery', 'A Coptic monastery with well-preserved wall paintings.', 'https://egymonuments.gov.eg//media/5881/%D8%A7%D9%84%D8%AF%D9%8A%D8%B1-%D8%A7%D9%84%D8%A7%D8%AD%D9%85%D8%B1.jpg?center=0.35714285714285715,0.5&mode=crop&width=1200&height=630&rnd=133458247280000000', 3.5);
INSERT INTO Places (Name, Government_name, VisitingHours, Location, Description, Photo, GoogleRate) VALUES ('Sohag National Museum', 'Sohag', '9 AM - 5 PM', 'https://www.google.com/maps/search/?api=1&query=Sohag+National+Museum', 'A museum with artifacts from Sohag’s history.', 'https://www.presidency.eg/media/103042/2ae71e7b-a420-4651-ae9c-21562b3f73af_cx0_cy8_cw0_w1200_r1_sjpg.jpg', 4.3);
INSERT INTO Places (Name, Government_name, VisitingHours, Location, Description, Photo, GoogleRate) VALUES ('Prince Youssef Kamal Palace', 'Sohag', '9 AM - 5 PM', 'https://www.google.com/maps/search/?api=1&query=Prince+Youssef+Kamal+Palace', 'A historic palace from the early 20th century.', 'https://encrypted-tbn0.gstatic.com/images?q=tbn:ANd9GcRSHVYWCw0jejF_KXDpElp8V_DRziJwb0bqoA&s', 4.1);
INSERT INTO Places (Name, Government_name, VisitingHours, Location, Description, Photo, GoogleRate) VALUES ('Dendera Temple', 'Qena', '8 AM - 5 PM', 'https://www.google.com/maps/search/?api=1&query=Dendera+Temple', 'A well-preserved Ptolemaic temple dedicated to Hathor.', 'https://egymonuments.gov.eg//media/3108/untitled1.jpg?center=0.50810810810810814,0.5&mode=crop&width=1200&height=630&rnd=133764904560000000', 3.8);
INSERT INTO Places (Name, Government_name, VisitingHours, Location, Description, Photo, GoogleRate) VALUES ('Dendera Temple Panorama', 'Qena', '8 AM - 5 PM', 'https://www.google.com/maps/search/?api=1&query=Dendera+Temple', 'Panoramic view access for Dendera Temple.', 'https://www.archaeology.wiki/wp-content/uploads/2021/03/Egypt-00.jpg', 3.7);
INSERT INTO Places (Name, Government_name, VisitingHours, Location, Description, Photo, GoogleRate) VALUES ('Dendera Temple Crypts', 'Qena', '8 AM - 5 PM', 'https://www.google.com/maps/search/?api=1&query=Dendera+Temple', 'Access to the underground crypts of Dendera Temple.', 'https://upload.wikimedia.org/wikipedia/commons/3/3c/Dendera_7_977.PNG', 4);
INSERT INTO Places (Name, Government_name, VisitingHours, Location, Description, Photo, GoogleRate) VALUES ('Esna Temple', 'Esna', '8 AM - 5 PM', 'https://www.google.com/maps/search/?api=1&query=Esna+Temple', 'A Ptolemaic temple dedicated to Khnum with detailed carvings.', 'https://www.egypttoursportal.com/images/2019/09/Esna-Temple-Egypt-Tours-Portal-1.jpg', 4.9);
INSERT INTO Places (Name, Government_name, VisitingHours, Location, Description, Photo, GoogleRate) VALUES ('El-Tod Temple', 'Qena', '8 AM - 5 PM', 'https://www.google.com/maps/search/?api=1&query=El-Tod+Temple', 'An ancient temple with remains from the Middle Kingdom.', 'https://www.egypttourpackages.com/images/egypt_blog/El-Tod-Temple_K4iZ.jpg', 4);
INSERT INTO Places (Name, Government_name, VisitingHours, Location, Description, Photo, GoogleRate) VALUES ('Al-Ma''ala Tombs', 'Qena', '8 AM - 5 PM', 'https://www.google.com/maps/search/?api=1&query=Al-Maala+Tombs', 'Rock-cut tombs from various periods near Luxor.', 'https://english.ahram.org.eg/Media/News/2017/6/21/2017-636336593834641765-464.png', 4.3);
INSERT INTO Places (Name, Government_name, VisitingHours, Location, Description, Photo, GoogleRate) VALUES ('Al-Jadawi Wekala', 'Qena', '9 AM - 5 PM', 'https://www.google.com/maps/search/?api=1&query=Al-Jadawi+Wekala', 'A historic caravanserai in Qena.', 'https://english.ahram.org.eg/Media/News/2021/8/29/2021-637658387926019259-601.jpg', 4.6);
INSERT INTO Places (Name, Government_name, VisitingHours, Location, Description, Photo, GoogleRate) VALUES ('Karnak Temples', 'Luxor', '5 AM - 6 PM', 'https://www.google.com/maps/search/?api=1&query=Karnak+Temples', 'Repeated entry for the vast temple complex.', 'https://www.historyhit.com/app/uploads/2021/07/shutterstock_Karnak-Temple-1.jpg', 4);
INSERT INTO Places (Name, Government_name, VisitingHours, Location, Description, Photo, GoogleRate) VALUES ('Mut Temple (Karnak Complex)', 'Luxor', '5 AM - 6 PM', 'https://www.google.com/maps/search/?api=1&query=Mut+Temple+Karnak', 'A temple dedicated to the goddess Mut within Karnak.', 'https://dynamic-media-cdn.tripadvisor.com/media/photo-o/1b/6b/6c/40/caption.jpg?w=500&h=400&s=1', 5);
INSERT INTO Places (Name, Government_name, VisitingHours, Location, Description, Photo, GoogleRate) VALUES ('Luxor Temple', 'Luxor', '6 AM - 9 PM', 'https://www.google.com/maps/search/?api=1&query=Luxor+Temple', 'An ancient temple in the heart of Luxor city.', 'https://lp-cms-production.imgix.net/2023-07/iStock-1446592007.jpg?w=1920&h=640&fit=crop&crop=faces%2Cedges&auto=format&q=75', 4.9);
INSERT INTO Places (Name, Government_name, VisitingHours, Location, Description, Photo, GoogleRate) VALUES ('Valley of the Kings', 'Luxor', '5 AM - 5 PM', 'https://www.google.com/maps/search/?api=1&query=Valley+of+the+Kings', 'Repeated entry for the pharaohs’ burial site.', 'https://www.happyegypt.com/storage/1624/conversions/Vally-of-the-Kings--webp.webp', 3.9);
INSERT INTO Places (Name, Government_name, VisitingHours, Location, Description, Photo, GoogleRate) VALUES ('Tutankhamun''s Tomb', 'Luxor', '5 AM - 5 PM', 'https://www.google.com/maps/search/?api=1&query=Tutankhamun+Tomb', 'The famous tomb of Tutankhamun in the Valley of the Kings.', 'https://www.cairotoptours.com/storage/2560/conversions/Iconic%20King%20Tutankhamun%20Tomb%20Unveiled-webp.webp', 4.2);
INSERT INTO Places (Name, Government_name, VisitingHours, Location, Description, Photo, GoogleRate) VALUES ('Ramses V & VI Tomb', 'Luxor', '5 AM - 5 PM', 'https://www.google.com/maps/search/?api=1&query=Ramses+V+VI+Tomb', 'A combined tomb for Ramses V and VI in the Valley of the Kings.', 'https://egymonuments.gov.eg//media/3388/ramesses-001.jpg?anchor=center&mode=crop&width=1200&height=630&rnd=133813334940000000',4);
INSERT INTO Places (Name, Government_name, VisitingHours, Location, Description, Photo, GoogleRate) VALUES ('Seti I Tomb', 'Luxor', '5 AM - 5 PM', 'https://www.google.com/maps/search/?api=1&query=Seti+I+Tomb', 'The elaborately decorated tomb of Seti I in the Valley of the Kings.', 'https://discoveny.com/wp-content/uploads/2024/06/Seti-I-2-768x512.jpeg', 3.9);
INSERT INTO Places (Name, Government_name, VisitingHours, Location, Description, Photo, GoogleRate) VALUES ('Ay Tomb', 'Luxor', '5 AM - 5 PM', 'https://www.google.com/maps/search/?api=1&query=Ay+Tomb', 'The tomb of Pharaoh Ay in the Valley of the Kings.', 'https://upload.wikimedia.org/wikipedia/commons/3/32/ThebesKV23Chamber.jpg', 3.6);
INSERT INTO Places (Name, Government_name, VisitingHours, Location, Description, Photo, GoogleRate) VALUES ('Deir El-Bahari (Hatshepsut Temple)', 'Luxor', '6 AM - 5 PM', 'https://www.google.com/maps/search/?api=1&query=Deir+El-Bahari', 'The mortuary temple of Queen Hatshepsut.', 'https://www.sophiesworld.net/wp-content/uploads/2008/01/9265608616_b26087d184_z.jpg', 4.4);
INSERT INTO Places (Name, Government_name, VisitingHours, Location, Description, Photo, GoogleRate) VALUES ('Deir El-Medina', 'Luxor', '6 AM - 5 PM', 'https://www.google.com/maps/search/?api=1&query=Deir+El-Medina', 'The ancient workers’ village near the Valley of the Kings.', 'https://www.egypttoursportal.com/images/2023/01/Deir-El-Medina-The-Worker-s-Village-Egypt-Tours-Portal.jpg', 4.3);
INSERT INTO Places (Name, Government_name, VisitingHours, Location, Description, Photo, GoogleRate) VALUES ('Pashedu Tomb', 'Luxor', '6 AM - 5 PM', 'https://www.google.com/maps/search/?api=1&query=Pashedu+Tomb', 'A well-preserved tomb in Deir El-Medina.', 'https://exploreluxor.org/wp-content/uploads/2022/08/333.jpg', 3.6);
INSERT INTO Places (Name, Government_name, VisitingHours, Location, Description, Photo, GoogleRate) VALUES ('Medinet Habu Temple', 'Luxor', '6 AM - 5 PM', 'https://www.google.com/maps/search/?api=1&query=Medinet+Habu+Temple', 'The mortuary temple of Ramses III.', 'https://encrypted-tbn0.gstatic.com/images?q=tbn:ANd9GcSYNW3McDkTPmoiaYUEfjO6M37VwRhH_LvSqg&s', 3.9);
INSERT INTO Places (Name, Government_name, VisitingHours, Location, Description, Photo, GoogleRate) VALUES ('Valley of the Queens', 'Luxor', '6 AM - 5 PM', 'https://www.google.com/maps/search/?api=1&query=Valley+of+the+Queens', 'Burial site for queens and royal children.', 'https://www.traveltoegypt.net/front/images/blog/Valley-of-the-queens.jpg', 4.9);
INSERT INTO Places (Name, Government_name, VisitingHours, Location, Description, Photo, GoogleRate) VALUES ('Nefertari Tomb', 'Luxor', '6 AM - 5 PM', 'https://www.google.com/maps/search/?api=1&query=Nefertari+Tomb', 'The beautifully decorated tomb of Queen Nefertari.', 'https://egyptfuntours.com/wp-content/uploads/2021/06/nefertari-tomb-valley-of-queens.jpg', 3.9);
INSERT INTO Places (Name, Government_name, VisitingHours, Location, Description, Photo, GoogleRate) VALUES ('Ramose Tomb', 'Luxor', '6 AM - 5 PM', 'https://www.google.com/maps/search/?api=1&query=Ramose+Tomb', 'The tomb of the vizier Ramose with detailed reliefs.', 'https://egyptsites.wordpress.com/files/2009/02/ramose-3.jpg?w=640', 3.7);
INSERT INTO Places (Name, Government_name, VisitingHours, Location, Description, Photo, GoogleRate) VALUES ('Ramesseum Temple', 'Luxor', '6 AM - 5 PM', 'https://www.google.com/maps/search/?api=1&query=Ramesseum+Temple', 'The mortuary temple of Ramses II.', 'https://media.istockphoto.com/id/1409749382/photo/the-ramesseum-or-the-mortuary-temple-of-ramesses-ii-luxor-egypt.jpg?s=612x612&w=0&k=20&c=TSZCn2NbtRFcoSKUw4B9Qy8gaGFICx_M3aXDBuIwv44=', 4.2);
INSERT INTO Places (Name, Government_name, VisitingHours, Location, Description, Photo, GoogleRate) VALUES ('Carter House & Tutankhamun''s Replica Tomb', 'Luxor', '9 AM - 5 PM', 'https://www.google.com/maps/search/?api=1&query=Carter+House', 'A replica tomb and Howard Carter’s residence.', 'https://historyuk.s3.eu-west-2.amazonaws.com/s3fs-public/2022-01/Tomb%20of%20Tutankhamun%20copy-min_0.jpg',5);
INSERT INTO Places (Name, Government_name, VisitingHours, Location, Description, Photo, GoogleRate) VALUES ('Menna & Nakht Tombs', 'Luxor', '6 AM - 5 PM', 'https://www.google.com/maps/search/?api=1&query=Menna+Nakht+Tombs', 'Tombs of nobles with vivid paintings.', 'https://lp-cms-production.imgix.net/2023-07/shutterstockRF179121524.jpg?fit=crop&ar=1%3A1&w=1200&auto=format&q=75', 3.9);
INSERT INTO Places (Name, Government_name, VisitingHours, Location, Description, Photo, GoogleRate) VALUES ('Rekhmire & Sennefer Tombs', 'Luxor', '6 AM - 5 PM', 'https://www.google.com/maps/search/?api=1&query=Rekhmire+Sennefer+Tombs', 'Tombs of high officials from the New Kingdom.', 'https://encrypted-tbn0.gstatic.com/images?q=tbn:ANd9GcQGBwtjOiEbGA6zZxUsWlLBOIRpzz0Rox_vSRrFa6XnqCqr7UHwtAPkEF5kakGVWjFVVtU&usqp=CAU', 4.5);
INSERT INTO Places (Name, Government_name, VisitingHours, Location, Description, Photo, GoogleRate) VALUES ('Seti I Temple', 'Luxor', '6 AM - 5 PM', 'https://www.google.com/maps/search/?api=1&query=Seti+I+Temple', 'A temple dedicated to Seti I near Luxor.', 'https://upload.wikimedia.org/wikipedia/commons/thumb/3/33/AbydosFacade.jpg/640px-AbydosFacade.jpg', 4.6);
INSERT INTO Places (Name, Government_name, VisitingHours, Location, Description, Photo, GoogleRate) VALUES ('Userhat & Khaemwaset Tombs', 'Luxor', '6 AM - 5 PM', 'https://www.google.com/maps/search/?api=1&query=Userhat+Khaemwaset+Tombs', 'Tombs of nobles from the 18th Dynasty.', 'https://lp-cms-production.imgix.net/2023-06/iStock-1436785027.jpg?fit=crop&ar=1%3A1&w=1200&auto=format&q=75', 3.9);
INSERT INTO Places (Name, Government_name, VisitingHours, Location, Description, Photo, GoogleRate) VALUES ('El-Asasif Necropolis', 'Luxor', '6 AM - 5 PM', 'https://www.google.com/maps/search/?api=1&query=El-Asasif+Necropolis', 'A necropolis with tombs from the Middle and New Kingdoms.', 'https://exploreluxor.org/wp-content/uploads/2023/11/Al-asasif--1024x535.png', 4.6);
INSERT INTO Places (Name, Government_name, VisitingHours, Location, Description, Photo, GoogleRate) VALUES ('Baba Tomb', 'Luxor', '6 AM - 5 PM', 'https://www.google.com/maps/search/?api=1&query=Baba+Tomb', 'A tomb in the El-Khokha area of Luxor.', 'https://dynamic-media-cdn.tripadvisor.com/media/photo-o/0a/0f/db/be/img-20160109-wa0015-largejpg.jpg?w=1200&h=1200&s=1', 4.1);
INSERT INTO Places (Name, Government_name, VisitingHours, Location, Description, Photo, GoogleRate) VALUES ('El-Khokha Tombs', 'Luxor', '6 AM - 5 PM', 'https://www.google.com/maps/search/?api=1&query=El-Khokha+Tombs', 'A group of nobles’ tombs near Luxor.', 'https://dynamic-media-cdn.tripadvisor.com/media/photo-o/1a/8d/a1/9d/caption.jpg?w=1200&h=-1&s=1', 4.4);
INSERT INTO Places (Name, Government_name, VisitingHours, Location, Description, Photo, GoogleRate) VALUES ('Sheikh Abd El-Qurna North Tombs', 'Luxor', '6 AM - 5 PM', 'https://www.google.com/maps/search/?api=1&query=Sheikh+Abd+El-Qurna+North+Tombs', 'Northern section of a nobles’ necropolis.', 'https://lhtt.philhist.unibas.ch/wp-content/uploads/2017/03/TT-Overview-MKNK.jpg', 4.5);
INSERT INTO Places (Name, Government_name, VisitingHours, Location, Description, Photo, GoogleRate) VALUES ('Sheikh Abd El-Qurna South Tombs', 'Luxor', '6 AM - 5 PM', 'https://www.google.com/maps/search/?api=1&query=Sheikh+Abd+El-Qurna+South+Tombs', 'Southern section of a nobles’ necropolis.', 'https://hurghadalovers.com/wp-content/uploads/2022/01/%D9%85%D9%82%D8%A7%D8%A8%D8%B1-%D8%A7%D9%84%D8%B4%D9%8A%D8%AE-%D8%B9%D8%A8%D8%AF-%D8%A7%D9%84%D9%82%D8%B1%D9%86%D9%87-%D8%A7%D9%84%D9%81%D8%B1%D8%B9%D9%88%D9%86%D9%8A%D8%A9-%D9%81%D9%8A-%D8%AC%D8%A8%D8%A7%D9%86%D8%A9-%D8%B7%D9%8A%D8%A8%D8%A9-%D8%A7%D9%84%D8%A7%D9%94%D9%82%D8%B5%D8%B1-%D9%85%D8%B5%D8%B1-%D8%AA%D8%A7%D8%B1%D9%8A%D8%AE-%D8%A8%D9%86%D8%A7%D8%A1-%D8%A7%D9%94%D9%83%D8%A8%D8%B1-%D9%88%D8%A7%D9%94%D9%87%D9%85-%D9%85%D9%82%D8%A7%D8%A8%D8%B1-%D8%A7%D9%84%D8%A7%D8%B4%D8%B1%D8%A7%D9%81-%D9%88%D8%A7%D9%84%D9%86%D8%A8%D9%84%D8%A7%D8%A1-%D9%81%D9%8A-%D8%AD%D8%B6%D8%A7%D8%B1%D8%A9-%D9%85%D8%B5%D8%B1-%D8%A7%D9%84%D9%82%D8%AF%D9%8A%D9%85%D8%A9.jpg', 4.3);
INSERT INTO Places (Name, Government_name, VisitingHours, Location, Description, Photo, GoogleRate) VALUES ('Isis Temple (Deir Shalwit)', 'Luxor', '6 AM - 5 PM', 'https://www.google.com/maps/search/?api=1&query=Isis+Temple+Deir+Shalwit', 'A Roman-era temple dedicated to Isis.', 'https://encrypted-tbn0.gstatic.com/images?q=tbn:ANd9GcQYl23WKbxdPWE_njVAObwJXzgw1xXoNAbMfg&s', 3.6);
INSERT INTO Places (Name, Government_name, VisitingHours, Location, Description, Photo, GoogleRate) VALUES ('Qurna Merai Necropolis', 'Luxor', '6 AM - 5 PM', 'https://www.google.com/maps/search/?api=1&query=Qurna+Merai+Necropolis', 'An ancient burial site near Luxor.', 'https://upload.wikimedia.org/wikipedia/commons/3/36/Gournah.jpg', 4.8);
INSERT INTO Places (Name, Government_name, VisitingHours, Location, Description, Photo, GoogleRate) VALUES ('Merenptah Temple', 'Luxor', '6 AM - 5 PM', 'https://www.google.com/maps/search/?api=1&query=Merenptah+Temple', 'The mortuary temple of Pharaoh Merenptah.', 'https://egyptsites.wordpress.com/files/2009/02/merenptah-1.jpg?w=640', 4);
INSERT INTO Places (Name, Government_name, VisitingHours, Location, Description, Photo, GoogleRate) VALUES ('Colossi of Memnon', 'Luxor', '6 AM - 5 PM', 'https://www.google.com/maps/search/?api=1&query=Colossi+of+Memnon', 'Two massive statues of Amenhotep III.', 'https://www.traveltoegypt.net/front/images/blog/Colossi-of-Memnon.jpg', 3.8);
INSERT INTO Places (Name, Government_name, VisitingHours, Location, Description, Photo, GoogleRate) VALUES ('Mummification Museum', 'Luxor', '9 AM - 5 PM', 'https://www.google.com/maps/search/?api=1&query=Mummification+Museum', 'A museum explaining ancient Egyptian mummification.', 'https://media.tacdn.com/media/attractions-splice-spp-674x446/0b/39/9b/c7.jpg', 3.6);
INSERT INTO Places (Name, Government_name, VisitingHours, Location, Description, Photo, GoogleRate) VALUES ('Luxor Museum', 'Luxor', '9 AM - 9 PM', 'https://www.google.com/maps/search/?api=1&query=Luxor+Museum', 'A museum with artifacts from Luxor and Thebes.', 'https://www.sis.gov.eg/Content/Upload/slider/112023642717671.jpg', 4.4);
INSERT INTO Places (Name, Government_name, VisitingHours, Location, Description, Photo, GoogleRate) VALUES ('Audio Guide - Luxor Museum', 'Luxor', '9 AM - 9 PM', 'https://www.google.com/maps/search/?api=1&query=Luxor+Museum', 'Audio guide service for the Luxor Museum.', 'https://www.pelago.com/img/products/EG-Egypt/private-guided-luxor-museum-with-karnak-sound-and-light-show/ef6e169e-61f6-49b5-b197-95cba14ba00a_private-guided-luxor-museum-with-karnak-sound-and-light-show.jpg', 4.5);
INSERT INTO Places (Name, Government_name, VisitingHours, Location, Description, Photo, GoogleRate) VALUES ('Anba Samaan Monastery', 'Luxor', '9 AM - 5 PM', 'https://www.google.com/maps/search/?api=1&query=Anba+Samaan+Monastery', 'A Coptic monastery near Luxor.', 'https://upload.wikimedia.org/wikipedia/commons/thumb/a/af/Samaan_Monastery.jpg/1200px-Samaan_Monastery.jpg', 3.5);
INSERT INTO Places (Name, Government_name, VisitingHours, Location, Description, Photo, GoogleRate) VALUES ('Abu Simbel Temples', 'Aswan', '5 AM - 6 PM', 'https://www.google.com/maps/search/?api=1&query=Abu+Simbel+Temples', 'Repeated entry for Ramses II’s rock temples.', 'https://www.traveltoegypt.net/front/images/blog/AbuSimbel2.jpg', 4.3);
INSERT INTO Places (Name, Government_name, VisitingHours, Location, Description, Photo, GoogleRate) VALUES ('Sun Festival (Abu Simbel Temples October 22 & February 22)', 'Aswan', '5 AM - 6 PM', 'https://www.google.com/maps/search/?api=1&query=Abu+Simbel+Temples', 'Special event ticket for the Sun Festival.', 'https://images.memphistours.com/thumbs1/1461727390_1.jpg', 3.8);
INSERT INTO Places (Name, Government_name, VisitingHours, Location, Description, Photo, GoogleRate) VALUES ('Vehicle Tickets for Abu Simbel Temples', 'Aswan', '5 AM - 6 PM', 'https://www.google.com/maps/search/?api=1&query=Abu+Simbel+Temples', 'Vehicle access ticket for Abu Simbel.', 'https://media.tacdn.com/media/attractions-splice-spp-674x446/06/6a/ee/8f.jpg', 4.5);
INSERT INTO Places (Name, Government_name, VisitingHours, Location, Description, Photo, GoogleRate) VALUES ('Philae Temples', 'Aswan', '7 AM - 5 PM', 'https://www.google.com/maps/search/?api=1&query=Philae+Temples', 'Repeated entry for the Isis temple complex.', 'https://www.luxorandaswan.com/images/1658714824003.jpg', 3.8);
INSERT INTO Places (Name, Government_name, VisitingHours, Location, Description, Photo, GoogleRate) VALUES ('Philae Temples Panorama', 'Aswan', '7 AM - 5 PM', 'https://www.google.com/maps/search/?api=1&query=Philae+Temples', 'Panoramic view access for Philae Temples.', 'https://www.planetware.com/photos-large/EGY/egypt-philae-temple-of-isis-forecourt.jpg', 4.5);
INSERT INTO Places (Name, Government_name, VisitingHours, Location, Description, Photo, GoogleRate) VALUES ('Edfu Temple', 'Aswan', '7 AM - 5 PM', 'https://www.google.com/maps/search/?api=1&query=Edfu+Temple', 'A well-preserved Ptolemaic temple dedicated to Horus.', 'https://d3rr2gvhjw0wwy.cloudfront.net/uploads/activity_galleries/40450/900x600-1-50-28df7fedbf6018ac5e4679b93ff61a44.jpg', 4.1);
INSERT INTO Places (Name, Government_name, VisitingHours, Location, Description, Photo, GoogleRate) VALUES ('Kom Ombo Temple', 'Aswan', '7 AM - 5 PM', 'https://www.google.com/maps/search/?api=1&query=Kom+Ombo+Temple', 'A double temple for Sobek and Horus.', 'https://i0.wp.com/egypttimetravel.com/wp-content/uploads/2020/09/Temple-of-Kom-Ombo.jpg?resize=700%2C500&ssl=1', 4.9);
INSERT INTO Places (Name, Government_name, VisitingHours, Location, Description, Photo, GoogleRate) VALUES ('Vehicle Tickets for Kom Ombo Temple', 'Aswan', '7 AM - 5 PM', 'https://www.google.com/maps/search/?api=1&query=Kom+Ombo+Temple', 'Vehicle access ticket for Kom Ombo.', 'https://media.tacdn.com/media/attractions-splice-spp-674x446/0b/9d/46/d9.jpg', 3.7);
INSERT INTO Places (Name, Government_name, VisitingHours, Location, Description, Photo, GoogleRate) VALUES ('Qubbet El-Hawa', 'Aswan', '7 AM - 5 PM', 'https://www.google.com/maps/search/?api=1&query=Qubbet+El-Hawa', 'Rock-cut tombs of nobles on the west bank of the Nile.', 'https://madainproject.com/content/media/collect/qubbet_hawa_55901.jpg', 4);
INSERT INTO Places (Name, Government_name, VisitingHours, Location, Description, Photo, GoogleRate) VALUES ('Elephantine Island', 'Aswan', '7 AM - 5 PM', 'https://www.google.com/maps/search/?api=1&query=Elephantine+Island', 'An island with ancient ruins and a Nilometer.', 'https://encrypted-tbn0.gstatic.com/images?q=tbn:ANd9GcR0iH1jUAW2eA5KFRnuski0zOAGS4Wxoya2YQ&s', 3.7);
INSERT INTO Places (Name, Government_name, VisitingHours, Location, Description, Photo, GoogleRate) VALUES ('Unfinished Obelisk', 'Aswan', '7 AM - 5 PM', 'https://www.google.com/maps/search/?api=1&query=Unfinished+Obelisk', 'An abandoned obelisk in an ancient quarry.', 'https://www.inside-egypt.com/img/thumbs/w1200h800q85/news/5d689cd165e5287599c4.jpeg', 4.9);
INSERT INTO Places (Name, Government_name, VisitingHours, Location, Description, Photo, GoogleRate) VALUES ('Kalabsha Temples', 'Aswan', '7 AM - 5 PM', 'https://www.google.com/maps/search/?api=1&query=Kalabsha+Temples', 'A Nubian temple relocated due to the Aswan Dam.', 'https://encrypted-tbn0.gstatic.com/images?q=tbn:ANd9GcT7aKosMFLKvmhSMRxB7d226ERFzdCFGWCDkHmL0Xpa1tBA63uYn9xX1ue7yHM_Ia1zG_o&usqp=CAU', 4.8);
INSERT INTO Places (Name, Government_name, VisitingHours, Location, Description, Photo, GoogleRate) VALUES ('El-Kab', 'Aswan', '7 AM - 5 PM', 'https://www.google.com/maps/search/?api=1&query=El-Kab', 'Ancient tombs and ruins from the Early Dynastic period.', 'https://www.cairotoptours.com/storage/2799/conversions/Temple%20of%20Luxor%20%7C%20Egypt-webp.webp', 3.9);
INSERT INTO Places (Name, Government_name, VisitingHours, Location, Description, Photo, GoogleRate) VALUES ('Amada Temples', 'Aswan', '7 AM - 5 PM', 'https://www.google.com/maps/search/?api=1&query=Amada+Temples', 'An 18th Dynasty temple relocated from Nubia.', 'https://images.memphistours.com/large/1355541545_derr.jpg', 4.5);
INSERT INTO Places (Name, Government_name, VisitingHours, Location, Description, Photo, GoogleRate) VALUES ('Wadi El-Seboua Temples', 'Aswan', '7 AM - 5 PM', 'https://www.google.com/maps/search/?api=1&query=Wadi+El-Seboua+Temples', 'Rock-cut temples from the New Kingdom.', 'https://mlrhpz8jmuut.i.optimole.com/cb:lD8R.5019e/w:auto/h:auto/q:mauto/f:best/ig:avif/id:73419087388a8440ed989bcc1c41c950/https://www.egypttoursplus.com/Temple-of-Sebua-at-Wadi-El-Sebua.jpg', 4.7);
INSERT INTO Places (Name, Government_name, VisitingHours, Location, Description, Photo, GoogleRate) VALUES ('Seheil Island', 'Aswan', '7 AM - 5 PM', 'https://www.google.com/maps/search/?api=1&query=Seheil+Island', 'An island with ancient rock inscriptions.', 'https://upload.wikimedia.org/wikipedia/commons/thumb/e/ef/Seheil_Island%2C_Aswan%2C_AG%2C_EGY_%2848025429186%29.jpg/1200px-Seheil_Island%2C_Aswan%2C_AG%2C_EGY_%2848025429186%29.jpg', 4.3);
INSERT INTO Places (Name, Government_name, VisitingHours, Location, Description, Photo, GoogleRate) VALUES ('Gebel Silsila', 'Aswan', '7 AM - 5 PM', 'https://www.google.com/maps/search/?api=1&query=Gebel+Silsila', 'An ancient quarry and shrine site.', 'https://encrypted-tbn0.gstatic.com/images?q=tbn:ANd9GcTHHyxR5HF2WRAX3eFh3iLB_-2G_kr1ojshaw&s', 4.3);
INSERT INTO Places (Name, Government_name, VisitingHours, Location, Description, Photo, GoogleRate) VALUES ('Isis Temple', 'Aswan', '7 AM - 5 PM', 'https://www.google.com/maps/search/?api=1&query=Isis+Temple', 'Repeated entry for a temple dedicated to Isis.', 'https://encrypted-tbn0.gstatic.com/images?q=tbn:ANd9GcQ40yQNoBENdMGeGv-kpBvvbgb1Mq4nBVNiCg&s', 3.9);
INSERT INTO Places (Name, Government_name, VisitingHours, Location, Description, Photo, GoogleRate) VALUES ('Nubian Museum', 'Aswan', '9 AM - 5 PM', 'https://www.google.com/maps/search/?api=1&query=Nubian+Museum', 'A museum showcasing Nubian history and culture.', 'https://momaa.org/wp-content/uploads/2019/10/nubian-museum-1024x568.png', 3.6);
INSERT INTO Places (Name, Government_name, VisitingHours, Location, Description, Photo, GoogleRate) VALUES ('Crocodile Museum (Kom Ombo)', 'Aswan', '7 AM - 5 PM', 'https://www.google.com/maps/search/?api=1&query=Crocodile+Museum', 'A museum near Kom Ombo with mummified crocodiles.', 'https://www.egypttoday.com/siteimages/Larg/202211230323252325.jpg', 4.8);
INSERT INTO Places (Name, Government_name, VisitingHours, Location, Description, Photo, GoogleRate) VALUES ('El-Quseir Citadel', 'Red Sea', '9 AM - 5 PM', 'https://www.google.com/maps/search/?api=1&query=El-Quseir+Citadel', 'An Ottoman fortress on the Red Sea coast.', 'https://encrypted-tbn0.gstatic.com/images?q=tbn:ANd9GcS49GgM7XPw1AfShO_Ek8bMuJXKu4ohaVWq4Q&s', 4.9);
INSERT INTO Places (Name, Government_name, VisitingHours, Location, Description, Photo, GoogleRate) VALUES ('Anba Paula Monastery', 'Red Sea', '9 AM - 5 PM', 'https://www.google.com/maps/search/?api=1&query=Anba+Paula+Monastery', 'One of the oldest Coptic monasteries in Egypt.', 'https://watanimg.elwatannews.com/image_archive/original_lower_quality/18292132711623587288.jpg', 4.4);
INSERT INTO Places (Name, Government_name, VisitingHours, Location, Description, Photo, GoogleRate) VALUES ('Anba Antonius Monastery', 'Red Sea', '9 AM - 5 PM', 'https://www.google.com/maps/search/?api=1&query=Anba+Antonius+Monastery', 'The oldest monastic site founded by St. Anthony.', 'https://encrypted-tbn0.gstatic.com/images?q=tbn:ANd9GcTqlRtxXUAOCLCiXsapCwkJASDXLmBJbur0mA&s', 4);
INSERT INTO Places (Name, Government_name, VisitingHours, Location, Description, Photo, GoogleRate) VALUES ('Hurghada Museum', 'Red Sea', '9 AM - 5 PM', 'https://www.google.com/maps/search/?api=1&query=Hurghada+Museum', 'A museum with artifacts from the Red Sea region.', 'https://i0.wp.com/landioustravel.com/wp-content/uploads/2022/01/Hurghada-Museum-e1641727191256.jpg?fit=1170%2C658&ssl=1', 4);
INSERT INTO Places (Name, Government_name, VisitingHours, Location, Description, Photo, GoogleRate) VALUES ('Salah El-Din Citadel (Taba)', 'Sinai', '9 AM - 5 PM', 'https://www.google.com/maps/search/?api=1&query=Salah+El-Din+Citadel+Taba', 'A fortress built by Salah El-Din on Pharaoh’s Island.', 'https://c8.alamy.com/zooms/9/3a254ee9aa974bb18021dd6ef3c5b4fe/rhd0pc.jpg', 4.6);
INSERT INTO Places (Name, Government_name, VisitingHours, Location, Description, Photo, GoogleRate) VALUES ('St. Catherine''s Monastery', 'Sinai', '9 AM - 12 PM', 'https://www.google.com/maps/search/?api=1&query=St+Catherine+Monastery', 'A historic monastery at the foot of Mount Sinai.', 'https://encrypted-tbn0.gstatic.com/images?q=tbn:ANd9GcTeUJLqXAo1JMq0cbFbAeq84yXm90MDpa_m_w&s', 4.8);
INSERT INTO Places (Name, Government_name, VisitingHours, Location, Description, Photo, GoogleRate) VALUES ('Sharm El-Sheikh Museum', 'Sinai', '9 AM - 5 PM', 'https://www.google.com/maps/search/?api=1&query=Sharm+El-Sheikh+Museum', 'A museum showcasing Sinai’s history and marine life.', 'https://www.happyegypt.com/storage/17135/conversions/Sharm-El-Sheikh-Museum-webp.webp', 4.8);



INSERT INTO Type_of_Tourism (Name, Photo) VALUES ('Cultural', 'https://ykpublishers.co.in/wp-content/uploads/2024/10/CULTURAL-TOURISM-FRONT-WEBSITE.jpg');
INSERT INTO Type_of_Tourism (Name, Photo) VALUES ('Religious', 'https://media.licdn.com/dms/image/v2/C5612AQHeuLY6L0LPkA/article-cover_image-shrink_720_1280/article-cover_image-shrink_720_1280/0/1520179533706?e=2147483647&v=beta&t=Ew2l60cxiRTnYMs2VdKd_kTfIGye9aNesTBaV9gt1ks');
INSERT INTO Type_of_Tourism (Name, Photo) VALUES ('Environmental', 'https://media.istockphoto.com/id/1372488167/photo/a-lake-in-the-shape-of-an-airplane-in-the-middle-of-untouched-nature-a-concept-illustrating.jpg?s=1024x1024&w=is&k=20&c=x5OPzLpKoLWJd0uVE7zMYfBXijBy3h2RC7zOkG371u0=');
INSERT INTO Type_of_Tourism (Name, Photo) VALUES ('Recreational', 'https://www.odu.edu/sites/default/files/banner-images/prts-header.jpg');
INSERT INTO Type_of_Tourism (Name, Photo) VALUES ('Heritage', 'https://media.istockphoto.com/id/1028749698/photo/the-acropolis-of-athens-greece.jpg?s=1024x1024&w=is&k=20&c=aJO8qGbSPjDhzgxHQ8W8aRKw4bdZ-iRQSZMWP_JaNC0=');
INSERT INTO Type_of_Tourism (Name, Photo) VALUES ('Festivals', 'https://media.istockphoto.com/id/1484200613/photo/aerial-view-of-a-fleet-of-hot-air-balloons-in-cappadocia-turkey.jpg?s=1024x1024&w=is&k=20&c=plZxZ16cPGc4ucYbqm_Y4R-mnKpjc8szBwu75rUZ4Jo=');
INSERT INTO Type_of_Tourism (Name, Photo) VALUES ('Historical', 'https://cdn.thecollector.com/wp-content/uploads/2023/07/popular-sites-are-ruined-by-tourism.jpg');
INSERT INTO Type_of_Tourism (Name, Photo) VALUES ('Adventure', 'https://cdn.pixabay.com/photo/2016/11/18/14/16/mountaineer-1834841_960_720.jpg');
INSERT INTO Type_of_Tourism (Name, Photo) VALUES ('Marine', 'https://encrypted-tbn0.gstatic.com/images?q=tbn:ANd9GcSgWgqTekvNvQF1bgJw_GPXEyUj5QYXx19mvA&s');



INSERT INTO Type_of_Tourism_Places (Place_Name, Tourism_Name) VALUES ('Salah El-Din Citadel', 'Cultural');
INSERT INTO Type_of_Tourism_Places (Place_Name, Tourism_Name) VALUES ('Salah El-Din Citadel', 'Historical');
INSERT INTO Type_of_Tourism_Places (Place_Name, Tourism_Name) VALUES ('Baron Palace', 'Recreational');
INSERT INTO Type_of_Tourism_Places (Place_Name, Tourism_Name) VALUES ('Islamic Art Museum', 'Cultural');
INSERT INTO Type_of_Tourism_Places (Place_Name, Tourism_Name) VALUES ('Islamic Art Museum', 'Historical');
INSERT INTO Type_of_Tourism_Places (Place_Name, Tourism_Name) VALUES ('Egyptian Museum', 'Cultural');
INSERT INTO Type_of_Tourism_Places (Place_Name, Tourism_Name) VALUES ('Egyptian Museum', 'Historical');
INSERT INTO Type_of_Tourism_Places (Place_Name, Tourism_Name) VALUES ('Giza Pyramids', 'Cultural');
INSERT INTO Type_of_Tourism_Places (Place_Name, Tourism_Name) VALUES ('Giza Pyramids', 'Historical');
INSERT INTO Type_of_Tourism_Places (Place_Name, Tourism_Name) VALUES ('Sphinx', 'Cultural');
INSERT INTO Type_of_Tourism_Places (Place_Name, Tourism_Name) VALUES ('Sphinx', 'Historical');
INSERT INTO Type_of_Tourism_Places (Place_Name, Tourism_Name) VALUES ('Karnak Temple', 'Cultural');
INSERT INTO Type_of_Tourism_Places (Place_Name, Tourism_Name) VALUES ('Karnak Temple', 'Historical');
INSERT INTO Type_of_Tourism_Places (Place_Name, Tourism_Name) VALUES ('Valley of the Kings', 'Cultural');
INSERT INTO Type_of_Tourism_Places (Place_Name, Tourism_Name) VALUES ('Valley of the Kings', 'Historical');
INSERT INTO Type_of_Tourism_Places (Place_Name, Tourism_Name) VALUES ('Abu Simbel Temple', 'Cultural');
INSERT INTO Type_of_Tourism_Places (Place_Name, Tourism_Name) VALUES ('Abu Simbel Temple', 'Historical');
INSERT INTO Type_of_Tourism_Places (Place_Name, Tourism_Name) VALUES ('Philae Temple', 'Cultural');
INSERT INTO Type_of_Tourism_Places (Place_Name, Tourism_Name) VALUES ('Philae Temple', 'Historical');
INSERT INTO Type_of_Tourism_Places (Place_Name, Tourism_Name) VALUES ('Roman Theater', 'Cultural');
INSERT INTO Type_of_Tourism_Places (Place_Name, Tourism_Name) VALUES ('Roman Theater', 'Historical');
INSERT INTO Type_of_Tourism_Places (Place_Name, Tourism_Name) VALUES ('Qaitbay Citadel', 'Cultural');
INSERT INTO Type_of_Tourism_Places (Place_Name, Tourism_Name) VALUES ('Qaitbay Citadel', 'Historical');
INSERT INTO Type_of_Tourism_Places (Place_Name, Tourism_Name) VALUES ('Al-Mawlawi Tekkiyeh', 'Heritage');
INSERT INTO Type_of_Tourism_Places (Place_Name, Tourism_Name) VALUES ('Al-Ghouri Complex (Dome Sabil and House)', 'Heritage');
INSERT INTO Type_of_Tourism_Places (Place_Name, Tourism_Name) VALUES ('Al-Ghouri Wekala', 'Heritage');
INSERT INTO Type_of_Tourism_Places (Place_Name, Tourism_Name) VALUES ('Gamal El-Din Al-Dhahabi House', 'Heritage');
INSERT INTO Type_of_Tourism_Places (Place_Name, Tourism_Name) VALUES ('Ali Labib House', 'Heritage');
INSERT INTO Type_of_Tourism_Places (Place_Name, Tourism_Name) VALUES ('Al-Harawi House', 'Heritage');
INSERT INTO Type_of_Tourism_Places (Place_Name, Tourism_Name) VALUES ('Qaytbay Sabil-Kuttab (Salah Al-Din Street)', 'Heritage');
INSERT INTO Type_of_Tourism_Places (Place_Name, Tourism_Name) VALUES ('Prince Taz Palace', 'Heritage');
INSERT INTO Type_of_Tourism_Places (Place_Name, Tourism_Name) VALUES ('Al-Sitt Wasila House', 'Heritage');
INSERT INTO Type_of_Tourism_Places (Place_Name, Tourism_Name) VALUES ('Ahmad Ibn Tulun Mosque', 'Religious');
INSERT INTO Type_of_Tourism_Places (Place_Name, Tourism_Name) VALUES ('Ahmad Ibn Tulun Mosque', 'Heritage');
INSERT INTO Type_of_Tourism_Places (Place_Name, Tourism_Name) VALUES ('Nileometer', 'Cultural');
INSERT INTO Type_of_Tourism_Places (Place_Name, Tourism_Name) VALUES ('Nileometer', 'Historical');
INSERT INTO Type_of_Tourism_Places (Place_Name, Tourism_Name) VALUES ('Manial Palace', 'Cultural');
INSERT INTO Type_of_Tourism_Places (Place_Name, Tourism_Name) VALUES ('Manial Palace', 'Historical');
INSERT INTO Type_of_Tourism_Places (Place_Name, Tourism_Name) VALUES ('Nafisa Al-Bayda Sabil-Kuttab', 'Heritage');
INSERT INTO Type_of_Tourism_Places (Place_Name, Tourism_Name) VALUES ('Royal Family Tombs', 'Cultural');
INSERT INTO Type_of_Tourism_Places (Place_Name, Tourism_Name) VALUES ('Royal Family Tombs', 'Historical');
INSERT INTO Type_of_Tourism_Places (Place_Name, Tourism_Name) VALUES ('Tree of the Virgin Mary', 'Religious');
INSERT INTO Type_of_Tourism_Places (Place_Name, Tourism_Name) VALUES ('Tree of the Virgin Mary', 'Heritage');
INSERT INTO Type_of_Tourism_Places (Place_Name, Tourism_Name) VALUES ('Al-Zahir Baybars Mosque', 'Religious');
INSERT INTO Type_of_Tourism_Places (Place_Name, Tourism_Name) VALUES ('Al-Zahir Baybars Mosque', 'Heritage');
INSERT INTO Type_of_Tourism_Places (Place_Name, Tourism_Name) VALUES ('The Hanging Church', 'Religious');
INSERT INTO Type_of_Tourism_Places (Place_Name, Tourism_Name) VALUES ('The Hanging Church', 'Heritage');
INSERT INTO Type_of_Tourism_Places (Place_Name, Tourism_Name) VALUES ('Church of Abu Serga', 'Religious');
INSERT INTO Type_of_Tourism_Places (Place_Name, Tourism_Name) VALUES ('Church of Abu Serga', 'Heritage');
INSERT INTO Type_of_Tourism_Places (Place_Name, Tourism_Name) VALUES ('Ben Ezra Synagogue', 'Religious');
INSERT INTO Type_of_Tourism_Places (Place_Name, Tourism_Name) VALUES ('Ben Ezra Synagogue', 'Heritage');
INSERT INTO Type_of_Tourism_Places (Place_Name, Tourism_Name) VALUES ('Amr Ibn Al-As Mosque', 'Religious');
INSERT INTO Type_of_Tourism_Places (Place_Name, Tourism_Name) VALUES ('Amr Ibn Al-As Mosque', 'Heritage');
INSERT INTO Type_of_Tourism_Places (Place_Name, Tourism_Name) VALUES ('Al-Darb Al-Ahmar Tourist Path', 'Heritage');
INSERT INTO Type_of_Tourism_Places (Place_Name, Tourism_Name) VALUES ('Senusret I Obelisk (Matareya)', 'Cultural');
INSERT INTO Type_of_Tourism_Places (Place_Name, Tourism_Name) VALUES ('Senusret I Obelisk (Matareya)', 'Historical');
INSERT INTO Type_of_Tourism_Places (Place_Name, Tourism_Name) VALUES ('The Egyptian Museum (Tahrir Square)', 'Cultural');
INSERT INTO Type_of_Tourism_Places (Place_Name, Tourism_Name) VALUES ('The Egyptian Museum (Tahrir Square)', 'Historical');
INSERT INTO Type_of_Tourism_Places (Place_Name, Tourism_Name) VALUES ('Audio Guide (for Groups) - The Egyptian Museum', 'Cultural');
INSERT INTO Type_of_Tourism_Places (Place_Name, Tourism_Name) VALUES ('Audio Guide (for Groups) - The Egyptian Museum', 'Historical');
INSERT INTO Type_of_Tourism_Places (Place_Name, Tourism_Name) VALUES ('Museum of Islamic Art', 'Cultural');
INSERT INTO Type_of_Tourism_Places (Place_Name, Tourism_Name) VALUES ('Museum of Islamic Art', 'Historical');
INSERT INTO Type_of_Tourism_Places (Place_Name, Tourism_Name) VALUES ('The Coptic Museum', 'Cultural');
INSERT INTO Type_of_Tourism_Places (Place_Name, Tourism_Name) VALUES ('The Coptic Museum', 'Historical');
INSERT INTO Type_of_Tourism_Places (Place_Name, Tourism_Name) VALUES ('Prince Mohammed Ali Palace (Al-Manial Palace Museum)', 'Cultural');
INSERT INTO Type_of_Tourism_Places (Place_Name, Tourism_Name) VALUES ('Prince Mohammed Ali Palace (Al-Manial Palace Museum)', 'Historical');
INSERT INTO Type_of_Tourism_Places (Place_Name, Tourism_Name) VALUES ('Cairo Airport Museum 2', 'Cultural');
INSERT INTO Type_of_Tourism_Places (Place_Name, Tourism_Name) VALUES ('Cairo Airport Museum 2', 'Historical');
INSERT INTO Type_of_Tourism_Places (Place_Name, Tourism_Name) VALUES ('Cairo Airport Museum 3', 'Cultural');
INSERT INTO Type_of_Tourism_Places (Place_Name, Tourism_Name) VALUES ('Cairo Airport Museum 3', 'Historical');
INSERT INTO Type_of_Tourism_Places (Place_Name, Tourism_Name) VALUES ('Royal Carriages Museum', 'Cultural');
INSERT INTO Type_of_Tourism_Places (Place_Name, Tourism_Name) VALUES ('Royal Carriages Museum', 'Historical');
INSERT INTO Type_of_Tourism_Places (Place_Name, Tourism_Name) VALUES ('Farouk Corner Museum', 'Cultural');
INSERT INTO Type_of_Tourism_Places (Place_Name, Tourism_Name) VALUES ('Farouk Corner Museum', 'Historical');
INSERT INTO Type_of_Tourism_Places (Place_Name, Tourism_Name) VALUES ('Gayer-Anderson Museum', 'Cultural');
INSERT INTO Type_of_Tourism_Places (Place_Name, Tourism_Name) VALUES ('Gayer-Anderson Museum', 'Historical');
INSERT INTO Type_of_Tourism_Places (Place_Name, Tourism_Name) VALUES ('National Museum of Egyptian Civilization', 'Cultural');
INSERT INTO Type_of_Tourism_Places (Place_Name, Tourism_Name) VALUES ('National Museum of Egyptian Civilization', 'Historical');
INSERT INTO Type_of_Tourism_Places (Place_Name, Tourism_Name) VALUES ('Giza Pyramids', 'Cultural');
INSERT INTO Type_of_Tourism_Places (Place_Name, Tourism_Name) VALUES ('Giza Pyramids', 'Historical');
INSERT INTO Type_of_Tourism_Places (Place_Name, Tourism_Name) VALUES ('Khufu Pyramid (Interior Visit)', 'Cultural');
INSERT INTO Type_of_Tourism_Places (Place_Name, Tourism_Name) VALUES ('Khufu Pyramid (Interior Visit)', 'Historical');
INSERT INTO Type_of_Tourism_Places (Place_Name, Tourism_Name) VALUES ('Menkaure Pyramid', 'Cultural');
INSERT INTO Type_of_Tourism_Places (Place_Name, Tourism_Name) VALUES ('Menkaure Pyramid', 'Historical');
INSERT INTO Type_of_Tourism_Places (Place_Name, Tourism_Name) VALUES ('The Great Sphinx', 'Cultural');
INSERT INTO Type_of_Tourism_Places (Place_Name, Tourism_Name) VALUES ('The Great Sphinx', 'Historical');
INSERT INTO Type_of_Tourism_Places (Place_Name, Tourism_Name) VALUES ('Meresankh III Tomb', 'Cultural');
INSERT INTO Type_of_Tourism_Places (Place_Name, Tourism_Name) VALUES ('Meresankh III Tomb', 'Historical');
INSERT INTO Type_of_Tourism_Places (Place_Name, Tourism_Name) VALUES ('Workers'' Tombs', 'Cultural');
INSERT INTO Type_of_Tourism_Places (Place_Name, Tourism_Name) VALUES ('Workers'' Tombs', 'Historical');
INSERT INTO Type_of_Tourism_Places (Place_Name, Tourism_Name) VALUES ('Saqqara Necropolis', 'Cultural');
INSERT INTO Type_of_Tourism_Places (Place_Name, Tourism_Name) VALUES ('Saqqara Necropolis', 'Historical');
INSERT INTO Type_of_Tourism_Places (Place_Name, Tourism_Name) VALUES ('Nobles'' Tombs and New Kingdom Tombs (Tombs of Horemheb and Bubastites)', 'Cultural');
INSERT INTO Type_of_Tourism_Places (Place_Name, Tourism_Name) VALUES ('Nobles'' Tombs and New Kingdom Tombs (Tombs of Horemheb and Bubastites)', 'Historical');
INSERT INTO Type_of_Tourism_Places (Place_Name, Tourism_Name) VALUES ('The Serapeum', 'Cultural');
INSERT INTO Type_of_Tourism_Places (Place_Name, Tourism_Name) VALUES ('The Serapeum', 'Historical');
INSERT INTO Type_of_Tourism_Places (Place_Name, Tourism_Name) VALUES ('Tomb of Mereruka', 'Cultural');
INSERT INTO Type_of_Tourism_Places (Place_Name, Tourism_Name) VALUES ('Tomb of Mereruka', 'Historical');
INSERT INTO Type_of_Tourism_Places (Place_Name, Tourism_Name) VALUES ('Comprehensive Ticket for All Saqqara Tombs', 'Cultural');
INSERT INTO Type_of_Tourism_Places (Place_Name, Tourism_Name) VALUES ('Comprehensive Ticket for All Saqqara Tombs', 'Historical');
INSERT INTO Type_of_Tourism_Places (Place_Name, Tourism_Name) VALUES ('Step Pyramid of Djoser (Southern Entrance)', 'Cultural');
INSERT INTO Type_of_Tourism_Places (Place_Name, Tourism_Name) VALUES ('Step Pyramid of Djoser (Southern Entrance)', 'Historical');
INSERT INTO Type_of_Tourism_Places (Place_Name, Tourism_Name) VALUES ('The Southern Tomb', 'Cultural');
INSERT INTO Type_of_Tourism_Places (Place_Name, Tourism_Name) VALUES ('The Southern Tomb', 'Historical');
INSERT INTO Type_of_Tourism_Places (Place_Name, Tourism_Name) VALUES ('Vehicle Tickets for Saqqara Archaeological Area', 'Cultural');
INSERT INTO Type_of_Tourism_Places (Place_Name, Tourism_Name) VALUES ('Vehicle Tickets for Saqqara Archaeological Area', 'Historical');
INSERT INTO Type_of_Tourism_Places (Place_Name, Tourism_Name) VALUES ('Dahshur Archaeological Area', 'Cultural');
INSERT INTO Type_of_Tourism_Places (Place_Name, Tourism_Name) VALUES ('Dahshur Archaeological Area', 'Historical');
INSERT INTO Type_of_Tourism_Places (Place_Name, Tourism_Name) VALUES ('Mit Rahina (Memphis) Archaeological Area', 'Cultural');
INSERT INTO Type_of_Tourism_Places (Place_Name, Tourism_Name) VALUES ('Mit Rahina (Memphis) Archaeological Area', 'Historical');
INSERT INTO Type_of_Tourism_Places (Place_Name, Tourism_Name) VALUES ('Vehicle Tickets for Mit Rahina Archaeological Area', 'Cultural');
INSERT INTO Type_of_Tourism_Places (Place_Name, Tourism_Name) VALUES ('Vehicle Tickets for Mit Rahina Archaeological Area', 'Historical');
INSERT INTO Type_of_Tourism_Places (Place_Name, Tourism_Name) VALUES ('Bahariya Oasis Archaeological Area', 'Environmental');
INSERT INTO Type_of_Tourism_Places (Place_Name, Tourism_Name) VALUES ('Bahariya Oasis Archaeological Area', 'Adventure');
INSERT INTO Type_of_Tourism_Places (Place_Name, Tourism_Name) VALUES ('Qaitbay Citadel (Alexandria)', 'Cultural');
INSERT INTO Type_of_Tourism_Places (Place_Name, Tourism_Name) VALUES ('Qaitbay Citadel (Alexandria)', 'Historical');
INSERT INTO Type_of_Tourism_Places (Place_Name, Tourism_Name) VALUES ('Abu Mena Archaeological Site', 'Cultural');
INSERT INTO Type_of_Tourism_Places (Place_Name, Tourism_Name) VALUES ('Abu Mena Archaeological Site', 'Historical');
INSERT INTO Type_of_Tourism_Places (Place_Name, Tourism_Name) VALUES ('Pompey''s Pillar', 'Cultural');
INSERT INTO Type_of_Tourism_Places (Place_Name, Tourism_Name) VALUES ('Pompey''s Pillar', 'Historical');
INSERT INTO Type_of_Tourism_Places (Place_Name, Tourism_Name) VALUES ('Kom El-Dikka (Roman Theatre)', 'Cultural');
INSERT INTO Type_of_Tourism_Places (Place_Name, Tourism_Name) VALUES ('Kom El-Dikka (Roman Theatre)', 'Historical');
INSERT INTO Type_of_Tourism_Places (Place_Name, Tourism_Name) VALUES ('Kom El-Shoqafa Catacombs', 'Cultural');
INSERT INTO Type_of_Tourism_Places (Place_Name, Tourism_Name) VALUES ('Kom El-Shoqafa Catacombs', 'Historical');
INSERT INTO Type_of_Tourism_Places (Place_Name, Tourism_Name) VALUES ('Mostafa Kamel Tombs', 'Cultural');
INSERT INTO Type_of_Tourism_Places (Place_Name, Tourism_Name) VALUES ('Mostafa Kamel Tombs', 'Historical');
INSERT INTO Type_of_Tourism_Places (Place_Name, Tourism_Name) VALUES ('Anfushi Tombs', 'Cultural');
INSERT INTO Type_of_Tourism_Places (Place_Name, Tourism_Name) VALUES ('Anfushi Tombs', 'Historical');
INSERT INTO Type_of_Tourism_Places (Place_Name, Tourism_Name) VALUES ('Al-Shatby Necropolis', 'Cultural');
INSERT INTO Type_of_Tourism_Places (Place_Name, Tourism_Name) VALUES ('Al-Shatby Necropolis', 'Historical');
INSERT INTO Type_of_Tourism_Places (Place_Name, Tourism_Name) VALUES ('Sunken Monuments of the Eastern Harbor', 'Marine');
INSERT INTO Type_of_Tourism_Places (Place_Name, Tourism_Name) VALUES ('Alexandria National Museum', 'Cultural');
INSERT INTO Type_of_Tourism_Places (Place_Name, Tourism_Name) VALUES ('Alexandria National Museum', 'Historical');
INSERT INTO Type_of_Tourism_Places (Place_Name, Tourism_Name) VALUES ('Royal Jewelry Museum', 'Recreational');
INSERT INTO Type_of_Tourism_Places (Place_Name, Tourism_Name) VALUES ('Greco-Roman Museum', 'Cultural');
INSERT INTO Type_of_Tourism_Places (Place_Name, Tourism_Name) VALUES ('Greco-Roman Museum', 'Historical');
INSERT INTO Type_of_Tourism_Places (Place_Name, Tourism_Name) VALUES ('Suez National Museum', 'Cultural');
INSERT INTO Type_of_Tourism_Places (Place_Name, Tourism_Name) VALUES ('Suez National Museum', 'Historical');
INSERT INTO Type_of_Tourism_Places (Place_Name, Tourism_Name) VALUES ('Ismailia Museum', 'Cultural');
INSERT INTO Type_of_Tourism_Places (Place_Name, Tourism_Name) VALUES ('Ismailia Museum', 'Historical');
INSERT INTO Type_of_Tourism_Places (Place_Name, Tourism_Name) VALUES ('Temple of the Oracle (Siwa)', 'Religious');
INSERT INTO Type_of_Tourism_Places (Place_Name, Tourism_Name) VALUES ('Temple of the Oracle (Siwa)', 'Environmental');
INSERT INTO Type_of_Tourism_Places (Place_Name, Tourism_Name) VALUES ('Mountain of the Dead Tombs (Siwa)', 'Cultural');
INSERT INTO Type_of_Tourism_Places (Place_Name, Tourism_Name) VALUES ('Mountain of the Dead Tombs (Siwa)', 'Historical');
INSERT INTO Type_of_Tourism_Places (Place_Name, Tourism_Name) VALUES ('Matrouh Museum', 'Cultural');
INSERT INTO Type_of_Tourism_Places (Place_Name, Tourism_Name) VALUES ('Matrouh Museum', 'Historical');
INSERT INTO Type_of_Tourism_Places (Place_Name, Tourism_Name) VALUES ('Cave of Rommel Museum', 'Cultural');
INSERT INTO Type_of_Tourism_Places (Place_Name, Tourism_Name) VALUES ('Cave of Rommel Museum', 'Historical');
INSERT INTO Type_of_Tourism_Places (Place_Name, Tourism_Name) VALUES ('Rashid (Rosetta) Monuments', 'Cultural');
INSERT INTO Type_of_Tourism_Places (Place_Name, Tourism_Name) VALUES ('Rashid (Rosetta) Monuments', 'Historical');
INSERT INTO Type_of_Tourism_Places (Place_Name, Tourism_Name) VALUES ('Qaitbay Citadel (Rosetta)', 'Cultural');
INSERT INTO Type_of_Tourism_Places (Place_Name, Tourism_Name) VALUES ('Qaitbay Citadel (Rosetta)', 'Historical');
INSERT INTO Type_of_Tourism_Places (Place_Name, Tourism_Name) VALUES ('Anba Bishoy Monastery', 'Religious');
INSERT INTO Type_of_Tourism_Places (Place_Name, Tourism_Name) VALUES ('Anba Bishoy Monastery', 'Heritage');
INSERT INTO Type_of_Tourism_Places (Place_Name, Tourism_Name) VALUES ('El-Suryan Monastery', 'Religious');
INSERT INTO Type_of_Tourism_Places (Place_Name, Tourism_Name) VALUES ('El-Suryan Monastery', 'Heritage');
INSERT INTO Type_of_Tourism_Places (Place_Name, Tourism_Name) VALUES ('Baramus Monastery', 'Religious');
INSERT INTO Type_of_Tourism_Places (Place_Name, Tourism_Name) VALUES ('Baramus Monastery', 'Heritage');
INSERT INTO Type_of_Tourism_Places (Place_Name, Tourism_Name) VALUES ('Anba Makarios Monastery', 'Religious');
INSERT INTO Type_of_Tourism_Places (Place_Name, Tourism_Name) VALUES ('Anba Makarios Monastery', 'Heritage');
INSERT INTO Type_of_Tourism_Places (Place_Name, Tourism_Name) VALUES ('Kafr El-Sheikh Museum', 'Cultural');
INSERT INTO Type_of_Tourism_Places (Place_Name, Tourism_Name) VALUES ('Kafr El-Sheikh Museum', 'Historical');
INSERT INTO Type_of_Tourism_Places (Place_Name, Tourism_Name) VALUES ('Tanta Museum', 'Cultural');
INSERT INTO Type_of_Tourism_Places (Place_Name, Tourism_Name) VALUES ('Tanta Museum', 'Historical');
INSERT INTO Type_of_Tourism_Places (Place_Name, Tourism_Name) VALUES ('Tell Basta Archaeological Site', 'Cultural');
INSERT INTO Type_of_Tourism_Places (Place_Name, Tourism_Name) VALUES ('Tell Basta Archaeological Site', 'Historical');
INSERT INTO Type_of_Tourism_Places (Place_Name, Tourism_Name) VALUES ('Vehicle Tickets for Tell Basta Archaeological Area', 'Cultural');
INSERT INTO Type_of_Tourism_Places (Place_Name, Tourism_Name) VALUES ('Vehicle Tickets for Tell Basta Archaeological Area', 'Historical');
INSERT INTO Type_of_Tourism_Places (Place_Name, Tourism_Name) VALUES ('San El-Hagar Archaeological Site', 'Cultural');
INSERT INTO Type_of_Tourism_Places (Place_Name, Tourism_Name) VALUES ('San El-Hagar Archaeological Site', 'Historical');
INSERT INTO Type_of_Tourism_Places (Place_Name, Tourism_Name) VALUES ('Tell Basta Museum', 'Cultural');
INSERT INTO Type_of_Tourism_Places (Place_Name, Tourism_Name) VALUES ('Tell Basta Museum', 'Historical');
INSERT INTO Type_of_Tourism_Places (Place_Name, Tourism_Name) VALUES ('Qarun Palace', 'Cultural');
INSERT INTO Type_of_Tourism_Places (Place_Name, Tourism_Name) VALUES ('Qarun Palace', 'Historical');
INSERT INTO Type_of_Tourism_Places (Place_Name, Tourism_Name) VALUES ('Hawara Pyramid', 'Cultural');
INSERT INTO Type_of_Tourism_Places (Place_Name, Tourism_Name) VALUES ('Hawara Pyramid', 'Historical');
INSERT INTO Type_of_Tourism_Places (Place_Name, Tourism_Name) VALUES ('Lahun Pyramid', 'Cultural');
INSERT INTO Type_of_Tourism_Places (Place_Name, Tourism_Name) VALUES ('Lahun Pyramid', 'Historical');
INSERT INTO Type_of_Tourism_Places (Place_Name, Tourism_Name) VALUES ('Karanis Archaeological Area', 'Cultural');
INSERT INTO Type_of_Tourism_Places (Place_Name, Tourism_Name) VALUES ('Karanis Archaeological Area', 'Historical');
INSERT INTO Type_of_Tourism_Places (Place_Name, Tourism_Name) VALUES ('Medinet Madi Temple', 'Cultural');
INSERT INTO Type_of_Tourism_Places (Place_Name, Tourism_Name) VALUES ('Medinet Madi Temple', 'Historical');
INSERT INTO Type_of_Tourism_Places (Place_Name, Tourism_Name) VALUES ('Kom Oshim Museum', 'Cultural');
INSERT INTO Type_of_Tourism_Places (Place_Name, Tourism_Name) VALUES ('Kom Oshim Museum', 'Historical');
INSERT INTO Type_of_Tourism_Places (Place_Name, Tourism_Name) VALUES ('Meidum Pyramid', 'Cultural');
INSERT INTO Type_of_Tourism_Places (Place_Name, Tourism_Name) VALUES ('Meidum Pyramid', 'Historical');
INSERT INTO Type_of_Tourism_Places (Place_Name, Tourism_Name) VALUES ('Sultan Zawiya', 'Heritage');
INSERT INTO Type_of_Tourism_Places (Place_Name, Tourism_Name) VALUES ('Virgin Mary Monastery', 'Religious');
INSERT INTO Type_of_Tourism_Places (Place_Name, Tourism_Name) VALUES ('Virgin Mary Monastery', 'Heritage');
INSERT INTO Type_of_Tourism_Places (Place_Name, Tourism_Name) VALUES ('Tuna El-Gebel', 'Cultural');
INSERT INTO Type_of_Tourism_Places (Place_Name, Tourism_Name) VALUES ('Tuna El-Gebel', 'Historical');
INSERT INTO Type_of_Tourism_Places (Place_Name, Tourism_Name) VALUES ('Vehicle Tickets for Tuna El-Gebel Archaeological Area', 'Cultural');
INSERT INTO Type_of_Tourism_Places (Place_Name, Tourism_Name) VALUES ('Vehicle Tickets for Tuna El-Gebel Archaeological Area', 'Historical');
INSERT INTO Type_of_Tourism_Places (Place_Name, Tourism_Name) VALUES ('Tell El-Amarna', 'Cultural');
INSERT INTO Type_of_Tourism_Places (Place_Name, Tourism_Name) VALUES ('Tell El-Amarna', 'Historical');
INSERT INTO Type_of_Tourism_Places (Place_Name, Tourism_Name) VALUES ('Royal Tomb of Akhenaten', 'Cultural');
INSERT INTO Type_of_Tourism_Places (Place_Name, Tourism_Name) VALUES ('Royal Tomb of Akhenaten', 'Historical');
INSERT INTO Type_of_Tourism_Places (Place_Name, Tourism_Name) VALUES ('Fraser Tombs', 'Cultural');
INSERT INTO Type_of_Tourism_Places (Place_Name, Tourism_Name) VALUES ('Fraser Tombs', 'Historical');
INSERT INTO Type_of_Tourism_Places (Place_Name, Tourism_Name) VALUES ('Beni Hassan Tombs', 'Cultural');
INSERT INTO Type_of_Tourism_Places (Place_Name, Tourism_Name) VALUES ('Beni Hassan Tombs', 'Historical');
INSERT INTO Type_of_Tourism_Places (Place_Name, Tourism_Name) VALUES ('Mallawi Museum', 'Cultural');
INSERT INTO Type_of_Tourism_Places (Place_Name, Tourism_Name) VALUES ('Mallawi Museum', 'Historical');
INSERT INTO Type_of_Tourism_Places (Place_Name, Tourism_Name) VALUES ('Mir Tombs', 'Cultural');
INSERT INTO Type_of_Tourism_Places (Place_Name, Tourism_Name) VALUES ('Mir Tombs', 'Historical');
INSERT INTO Type_of_Tourism_Places (Place_Name, Tourism_Name) VALUES ('El-Hammamiya Tombs', 'Cultural');
INSERT INTO Type_of_Tourism_Places (Place_Name, Tourism_Name) VALUES ('El-Hammamiya Tombs', 'Historical');
INSERT INTO Type_of_Tourism_Places (Place_Name, Tourism_Name) VALUES ('Al-Muharraq Monastery', 'Religious');
INSERT INTO Type_of_Tourism_Places (Place_Name, Tourism_Name) VALUES ('Al-Muharraq Monastery', 'Heritage');
INSERT INTO Type_of_Tourism_Places (Place_Name, Tourism_Name) VALUES ('Mizawqa Tombs', 'Cultural');
INSERT INTO Type_of_Tourism_Places (Place_Name, Tourism_Name) VALUES ('Mizawqa Tombs', 'Historical');
INSERT INTO Type_of_Tourism_Places (Place_Name, Tourism_Name) VALUES ('Al-Dabba and Ain Aseel Forts', 'Cultural');
INSERT INTO Type_of_Tourism_Places (Place_Name, Tourism_Name) VALUES ('Al-Dabba and Ain Aseel Forts', 'Historical');
INSERT INTO Type_of_Tourism_Places (Place_Name, Tourism_Name) VALUES ('Deir El-Hagar Temple', 'Cultural');
INSERT INTO Type_of_Tourism_Places (Place_Name, Tourism_Name) VALUES ('Deir El-Hagar Temple', 'Historical');
INSERT INTO Type_of_Tourism_Places (Place_Name, Tourism_Name) VALUES ('Azbet Bashandi Archaeological Area', 'Cultural');
INSERT INTO Type_of_Tourism_Places (Place_Name, Tourism_Name) VALUES ('Azbet Bashandi Archaeological Area', 'Historical');
INSERT INTO Type_of_Tourism_Places (Place_Name, Tourism_Name) VALUES ('Hibis Temple', 'Cultural');
INSERT INTO Type_of_Tourism_Places (Place_Name, Tourism_Name) VALUES ('Hibis Temple', 'Historical');
INSERT INTO Type_of_Tourism_Places (Place_Name, Tourism_Name) VALUES ('Al-Ghweita Temple', 'Cultural');
INSERT INTO Type_of_Tourism_Places (Place_Name, Tourism_Name) VALUES ('Al-Ghweita Temple', 'Historical');
INSERT INTO Type_of_Tourism_Places (Place_Name, Tourism_Name) VALUES ('Dush Temple', 'Cultural');
INSERT INTO Type_of_Tourism_Places (Place_Name, Tourism_Name) VALUES ('Dush Temple', 'Historical');
INSERT INTO Type_of_Tourism_Places (Place_Name, Tourism_Name) VALUES ('Al-Zayan Temple', 'Cultural');
INSERT INTO Type_of_Tourism_Places (Place_Name, Tourism_Name) VALUES ('Al-Zayan Temple', 'Historical');
INSERT INTO Type_of_Tourism_Places (Place_Name, Tourism_Name) VALUES ('Al-Bagawat Necropolis', 'Cultural');
INSERT INTO Type_of_Tourism_Places (Place_Name, Tourism_Name) VALUES ('Al-Bagawat Necropolis', 'Historical');
INSERT INTO Type_of_Tourism_Places (Place_Name, Tourism_Name) VALUES ('New Valley Museum', 'Cultural');
INSERT INTO Type_of_Tourism_Places (Place_Name, Tourism_Name) VALUES ('New Valley Museum', 'Historical');
INSERT INTO Type_of_Tourism_Places (Place_Name, Tourism_Name) VALUES ('Seti I Temple (Abydos)', 'Cultural');
INSERT INTO Type_of_Tourism_Places (Place_Name, Tourism_Name) VALUES ('Seti I Temple (Abydos)', 'Historical');
INSERT INTO Type_of_Tourism_Places (Place_Name, Tourism_Name) VALUES ('Merit Amun Temple', 'Cultural');
INSERT INTO Type_of_Tourism_Places (Place_Name, Tourism_Name) VALUES ('Merit Amun Temple', 'Historical');
INSERT INTO Type_of_Tourism_Places (Place_Name, Tourism_Name) VALUES ('Shunet El-Zebib and Kom El-Sultan', 'Cultural');
INSERT INTO Type_of_Tourism_Places (Place_Name, Tourism_Name) VALUES ('Shunet El-Zebib and Kom El-Sultan', 'Historical');
INSERT INTO Type_of_Tourism_Places (Place_Name, Tourism_Name) VALUES ('Sheikh Hamad Area', 'Cultural');
INSERT INTO Type_of_Tourism_Places (Place_Name, Tourism_Name) VALUES ('Sheikh Hamad Area', 'Historical');
INSERT INTO Type_of_Tourism_Places (Place_Name, Tourism_Name) VALUES ('Al-Hawawish Tombs', 'Cultural');
INSERT INTO Type_of_Tourism_Places (Place_Name, Tourism_Name) VALUES ('Al-Hawawish Tombs', 'Historical');
INSERT INTO Type_of_Tourism_Places (Place_Name, Tourism_Name) VALUES ('The White Monastery', 'Religious');
INSERT INTO Type_of_Tourism_Places (Place_Name, Tourism_Name) VALUES ('The White Monastery', 'Heritage');
INSERT INTO Type_of_Tourism_Places (Place_Name, Tourism_Name) VALUES ('The Red Monastery', 'Religious');
INSERT INTO Type_of_Tourism_Places (Place_Name, Tourism_Name) VALUES ('The Red Monastery', 'Heritage');
INSERT INTO Type_of_Tourism_Places (Place_Name, Tourism_Name) VALUES ('Sohag National Museum', 'Cultural');
INSERT INTO Type_of_Tourism_Places (Place_Name, Tourism_Name) VALUES ('Sohag National Museum', 'Historical');
INSERT INTO Type_of_Tourism_Places (Place_Name, Tourism_Name) VALUES ('Prince Youssef Kamal Palace', 'Cultural');
INSERT INTO Type_of_Tourism_Places (Place_Name, Tourism_Name) VALUES ('Prince Youssef Kamal Palace', 'Historical');
INSERT INTO Type_of_Tourism_Places (Place_Name, Tourism_Name) VALUES ('Dendera Temple', 'Cultural');
INSERT INTO Type_of_Tourism_Places (Place_Name, Tourism_Name) VALUES ('Dendera Temple', 'Historical');
INSERT INTO Type_of_Tourism_Places (Place_Name, Tourism_Name) VALUES ('Dendera Temple Panorama', 'Cultural');
INSERT INTO Type_of_Tourism_Places (Place_Name, Tourism_Name) VALUES ('Dendera Temple Panorama', 'Historical');
INSERT INTO Type_of_Tourism_Places (Place_Name, Tourism_Name) VALUES ('Dendera Temple Crypts', 'Cultural');
INSERT INTO Type_of_Tourism_Places (Place_Name, Tourism_Name) VALUES ('Dendera Temple Crypts', 'Historical');
INSERT INTO Type_of_Tourism_Places (Place_Name, Tourism_Name) VALUES ('Esna Temple', 'Cultural');
INSERT INTO Type_of_Tourism_Places (Place_Name, Tourism_Name) VALUES ('Esna Temple', 'Historical');
INSERT INTO Type_of_Tourism_Places (Place_Name, Tourism_Name) VALUES ('El-Tod Temple', 'Cultural');
INSERT INTO Type_of_Tourism_Places (Place_Name, Tourism_Name) VALUES ('El-Tod Temple', 'Historical');
INSERT INTO Type_of_Tourism_Places (Place_Name, Tourism_Name) VALUES ('Al-Ma''ala Tombs', 'Cultural');
INSERT INTO Type_of_Tourism_Places (Place_Name, Tourism_Name) VALUES ('Al-Ma''ala Tombs', 'Historical');
INSERT INTO Type_of_Tourism_Places (Place_Name, Tourism_Name) VALUES ('Al-Jadawi Wekala', 'Heritage');
INSERT INTO Type_of_Tourism_Places (Place_Name, Tourism_Name) VALUES ('Karnak Temples', 'Cultural');
INSERT INTO Type_of_Tourism_Places (Place_Name, Tourism_Name) VALUES ('Karnak Temples', 'Historical');
INSERT INTO Type_of_Tourism_Places (Place_Name, Tourism_Name) VALUES ('Mut Temple (Karnak Complex)', 'Cultural');
INSERT INTO Type_of_Tourism_Places (Place_Name, Tourism_Name) VALUES ('Mut Temple (Karnak Complex)', 'Historical');
INSERT INTO Type_of_Tourism_Places (Place_Name, Tourism_Name) VALUES ('Luxor Temple', 'Cultural');
INSERT INTO Type_of_Tourism_Places (Place_Name, Tourism_Name) VALUES ('Luxor Temple', 'Historical');
INSERT INTO Type_of_Tourism_Places (Place_Name, Tourism_Name) VALUES ('Valley of the Kings', 'Cultural');
INSERT INTO Type_of_Tourism_Places (Place_Name, Tourism_Name) VALUES ('Valley of the Kings', 'Historical');
INSERT INTO Type_of_Tourism_Places (Place_Name, Tourism_Name) VALUES ('Tutankhamun''s Tomb', 'Cultural');
INSERT INTO Type_of_Tourism_Places (Place_Name, Tourism_Name) VALUES ('Tutankhamun''s Tomb', 'Historical');
INSERT INTO Type_of_Tourism_Places (Place_Name, Tourism_Name) VALUES ('Ramses V & VI Tomb', 'Cultural');
INSERT INTO Type_of_Tourism_Places (Place_Name, Tourism_Name) VALUES ('Ramses V & VI Tomb', 'Historical');
INSERT INTO Type_of_Tourism_Places (Place_Name, Tourism_Name) VALUES ('Seti I Tomb', 'Cultural');
INSERT INTO Type_of_Tourism_Places (Place_Name, Tourism_Name) VALUES ('Seti I Tomb', 'Historical');
INSERT INTO Type_of_Tourism_Places (Place_Name, Tourism_Name) VALUES ('Ay Tomb', 'Cultural');
INSERT INTO Type_of_Tourism_Places (Place_Name, Tourism_Name) VALUES ('Ay Tomb', 'Historical');
INSERT INTO Type_of_Tourism_Places (Place_Name, Tourism_Name) VALUES ('Deir El-Bahari (Hatshepsut Temple)', 'Cultural');
INSERT INTO Type_of_Tourism_Places (Place_Name, Tourism_Name) VALUES ('Deir El-Bahari (Hatshepsut Temple)', 'Historical');
INSERT INTO Type_of_Tourism_Places (Place_Name, Tourism_Name) VALUES ('Deir El-Medina', 'Cultural');
INSERT INTO Type_of_Tourism_Places (Place_Name, Tourism_Name) VALUES ('Deir El-Medina', 'Historical');
INSERT INTO Type_of_Tourism_Places (Place_Name, Tourism_Name) VALUES ('Pashedu Tomb', 'Cultural');
INSERT INTO Type_of_Tourism_Places (Place_Name, Tourism_Name) VALUES ('Pashedu Tomb', 'Historical');
INSERT INTO Type_of_Tourism_Places (Place_Name, Tourism_Name) VALUES ('Medinet Habu Temple', 'Cultural');
INSERT INTO Type_of_Tourism_Places (Place_Name, Tourism_Name) VALUES ('Medinet Habu Temple', 'Historical');
INSERT INTO Type_of_Tourism_Places (Place_Name, Tourism_Name) VALUES ('Valley of the Queens', 'Cultural');
INSERT INTO Type_of_Tourism_Places (Place_Name, Tourism_Name) VALUES ('Valley of the Queens', 'Historical');
INSERT INTO Type_of_Tourism_Places (Place_Name, Tourism_Name) VALUES ('Nefertari Tomb', 'Cultural');
INSERT INTO Type_of_Tourism_Places (Place_Name, Tourism_Name) VALUES ('Nefertari Tomb', 'Historical');
INSERT INTO Type_of_Tourism_Places (Place_Name, Tourism_Name) VALUES ('Ramose Tomb', 'Cultural');
INSERT INTO Type_of_Tourism_Places (Place_Name, Tourism_Name) VALUES ('Ramose Tomb', 'Historical');
INSERT INTO Type_of_Tourism_Places (Place_Name, Tourism_Name) VALUES ('Ramesseum Temple', 'Cultural');
INSERT INTO Type_of_Tourism_Places (Place_Name, Tourism_Name) VALUES ('Ramesseum Temple', 'Historical');
INSERT INTO Type_of_Tourism_Places (Place_Name, Tourism_Name) VALUES ('Carter House & Tutankhamun''s Replica Tomb', 'Cultural');
INSERT INTO Type_of_Tourism_Places (Place_Name, Tourism_Name) VALUES ('Carter House & Tutankhamun''s Replica Tomb', 'Historical');
INSERT INTO Type_of_Tourism_Places (Place_Name, Tourism_Name) VALUES ('Menna & Nakht Tombs', 'Cultural');
INSERT INTO Type_of_Tourism_Places (Place_Name, Tourism_Name) VALUES ('Menna & Nakht Tombs', 'Historical');
INSERT INTO Type_of_Tourism_Places (Place_Name, Tourism_Name) VALUES ('Rekhmire & Sennefer Tombs', 'Cultural');
INSERT INTO Type_of_Tourism_Places (Place_Name, Tourism_Name) VALUES ('Rekhmire & Sennefer Tombs', 'Historical');
INSERT INTO Type_of_Tourism_Places (Place_Name, Tourism_Name) VALUES ('Seti I Temple', 'Cultural');
INSERT INTO Type_of_Tourism_Places (Place_Name, Tourism_Name) VALUES ('Seti I Temple', 'Historical');
INSERT INTO Type_of_Tourism_Places (Place_Name, Tourism_Name) VALUES ('Userhat & Khaemwaset Tombs', 'Cultural');
INSERT INTO Type_of_Tourism_Places (Place_Name, Tourism_Name) VALUES ('Userhat & Khaemwaset Tombs', 'Historical');
INSERT INTO Type_of_Tourism_Places (Place_Name, Tourism_Name) VALUES ('El-Asasif Necropolis', 'Cultural');
INSERT INTO Type_of_Tourism_Places (Place_Name, Tourism_Name) VALUES ('El-Asasif Necropolis', 'Historical');
INSERT INTO Type_of_Tourism_Places (Place_Name, Tourism_Name) VALUES ('Baba Tomb', 'Cultural');
INSERT INTO Type_of_Tourism_Places (Place_Name, Tourism_Name) VALUES ('Baba Tomb', 'Historical');
INSERT INTO Type_of_Tourism_Places (Place_Name, Tourism_Name) VALUES ('El-Khokha Tombs', 'Cultural');
INSERT INTO Type_of_Tourism_Places (Place_Name, Tourism_Name) VALUES ('El-Khokha Tombs', 'Historical');
INSERT INTO Type_of_Tourism_Places (Place_Name, Tourism_Name) VALUES ('Sheikh Abd El-Qurna North Tombs', 'Cultural');
INSERT INTO Type_of_Tourism_Places (Place_Name, Tourism_Name) VALUES ('Sheikh Abd El-Qurna North Tombs', 'Historical');
INSERT INTO Type_of_Tourism_Places (Place_Name, Tourism_Name) VALUES ('Sheikh Abd El-Qurna South Tombs', 'Cultural');
INSERT INTO Type_of_Tourism_Places (Place_Name, Tourism_Name) VALUES ('Sheikh Abd El-Qurna South Tombs', 'Historical');
INSERT INTO Type_of_Tourism_Places (Place_Name, Tourism_Name) VALUES ('Isis Temple (Deir Shalwit)', 'Cultural');
INSERT INTO Type_of_Tourism_Places (Place_Name, Tourism_Name) VALUES ('Isis Temple (Deir Shalwit)', 'Historical');
INSERT INTO Type_of_Tourism_Places (Place_Name, Tourism_Name) VALUES ('Qurna Merai Necropolis', 'Cultural');
INSERT INTO Type_of_Tourism_Places (Place_Name, Tourism_Name) VALUES ('Qurna Merai Necropolis', 'Historical');
INSERT INTO Type_of_Tourism_Places (Place_Name, Tourism_Name) VALUES ('Merenptah Temple', 'Cultural');
INSERT INTO Type_of_Tourism_Places (Place_Name, Tourism_Name) VALUES ('Merenptah Temple', 'Historical');
INSERT INTO Type_of_Tourism_Places (Place_Name, Tourism_Name) VALUES ('Colossi of Memnon', 'Cultural');
INSERT INTO Type_of_Tourism_Places (Place_Name, Tourism_Name) VALUES ('Colossi of Memnon', 'Historical');
INSERT INTO Type_of_Tourism_Places (Place_Name, Tourism_Name) VALUES ('Mummification Museum', 'Cultural');
INSERT INTO Type_of_Tourism_Places (Place_Name, Tourism_Name) VALUES ('Mummification Museum', 'Historical');
INSERT INTO Type_of_Tourism_Places (Place_Name, Tourism_Name) VALUES ('Luxor Museum', 'Cultural');
INSERT INTO Type_of_Tourism_Places (Place_Name, Tourism_Name) VALUES ('Luxor Museum', 'Historical');
INSERT INTO Type_of_Tourism_Places (Place_Name, Tourism_Name) VALUES ('Audio Guide - Luxor Museum', 'Cultural');
INSERT INTO Type_of_Tourism_Places (Place_Name, Tourism_Name) VALUES ('Audio Guide - Luxor Museum', 'Historical');
INSERT INTO Type_of_Tourism_Places (Place_Name, Tourism_Name) VALUES ('Anba Samaan Monastery', 'Religious');
INSERT INTO Type_of_Tourism_Places (Place_Name, Tourism_Name) VALUES ('Anba Samaan Monastery', 'Heritage');
INSERT INTO Type_of_Tourism_Places (Place_Name, Tourism_Name) VALUES ('Abu Simbel Temples', 'Cultural');
INSERT INTO Type_of_Tourism_Places (Place_Name, Tourism_Name) VALUES ('Abu Simbel Temples', 'Historical');
INSERT INTO Type_of_Tourism_Places (Place_Name, Tourism_Name) VALUES ('Sun Festival (Abu Simbel Temples October 22 & February 22)', 'Festivals');
INSERT INTO Type_of_Tourism_Places (Place_Name, Tourism_Name) VALUES ('Sun Festival (Abu Simbel Temples October 22 & February 22)', 'Cultural');
INSERT INTO Type_of_Tourism_Places (Place_Name, Tourism_Name) VALUES ('Vehicle Tickets for Abu Simbel Temples', 'Cultural');
INSERT INTO Type_of_Tourism_Places (Place_Name, Tourism_Name) VALUES ('Vehicle Tickets for Abu Simbel Temples', 'Historical');
INSERT INTO Type_of_Tourism_Places (Place_Name, Tourism_Name) VALUES ('Philae Temples', 'Cultural');
INSERT INTO Type_of_Tourism_Places (Place_Name, Tourism_Name) VALUES ('Philae Temples', 'Historical');
INSERT INTO Type_of_Tourism_Places (Place_Name, Tourism_Name) VALUES ('Philae Temples Panorama', 'Cultural');
INSERT INTO Type_of_Tourism_Places (Place_Name, Tourism_Name) VALUES ('Philae Temples Panorama', 'Historical');
INSERT INTO Type_of_Tourism_Places (Place_Name, Tourism_Name) VALUES ('Edfu Temple', 'Cultural');
INSERT INTO Type_of_Tourism_Places (Place_Name, Tourism_Name) VALUES ('Edfu Temple', 'Historical');
INSERT INTO Type_of_Tourism_Places (Place_Name, Tourism_Name) VALUES ('Kom Ombo Temple', 'Cultural');
INSERT INTO Type_of_Tourism_Places (Place_Name, Tourism_Name) VALUES ('Kom Ombo Temple', 'Historical');
INSERT INTO Type_of_Tourism_Places (Place_Name, Tourism_Name) VALUES ('Vehicle Tickets for Kom Ombo Temple', 'Cultural');
INSERT INTO Type_of_Tourism_Places (Place_Name, Tourism_Name) VALUES ('Vehicle Tickets for Kom Ombo Temple', 'Historical');
INSERT INTO Type_of_Tourism_Places (Place_Name, Tourism_Name) VALUES ('Qubbet El-Hawa', 'Environmental');
INSERT INTO Type_of_Tourism_Places (Place_Name, Tourism_Name) VALUES ('Qubbet El-Hawa', 'Adventure');
INSERT INTO Type_of_Tourism_Places (Place_Name, Tourism_Name) VALUES ('Elephantine Island', 'Environmental');
INSERT INTO Type_of_Tourism_Places (Place_Name, Tourism_Name) VALUES ('Elephantine Island', 'Adventure');
INSERT INTO Type_of_Tourism_Places (Place_Name, Tourism_Name) VALUES ('Unfinished Obelisk', 'Cultural');
INSERT INTO Type_of_Tourism_Places (Place_Name, Tourism_Name) VALUES ('Unfinished Obelisk', 'Historical');
INSERT INTO Type_of_Tourism_Places (Place_Name, Tourism_Name) VALUES ('Kalabsha Temples', 'Cultural');
INSERT INTO Type_of_Tourism_Places (Place_Name, Tourism_Name) VALUES ('Kalabsha Temples', 'Historical');
INSERT INTO Type_of_Tourism_Places (Place_Name, Tourism_Name) VALUES ('El-Kab', 'Cultural');
INSERT INTO Type_of_Tourism_Places (Place_Name, Tourism_Name) VALUES ('El-Kab', 'Historical');
INSERT INTO Type_of_Tourism_Places (Place_Name, Tourism_Name) VALUES ('Amada Temples', 'Cultural');
INSERT INTO Type_of_Tourism_Places (Place_Name, Tourism_Name) VALUES ('Amada Temples', 'Historical');
INSERT INTO Type_of_Tourism_Places (Place_Name, Tourism_Name) VALUES ('Wadi El-Seboua Temples', 'Cultural');
INSERT INTO Type_of_Tourism_Places (Place_Name, Tourism_Name) VALUES ('Wadi El-Seboua Temples', 'Historical');
INSERT INTO Type_of_Tourism_Places (Place_Name, Tourism_Name) VALUES ('Seheil Island', 'Environmental');
INSERT INTO Type_of_Tourism_Places (Place_Name, Tourism_Name) VALUES ('Seheil Island', 'Adventure');
INSERT INTO Type_of_Tourism_Places (Place_Name, Tourism_Name) VALUES ('Gebel Silsila', 'Environmental');
INSERT INTO Type_of_Tourism_Places (Place_Name, Tourism_Name) VALUES ('Gebel Silsila', 'Adventure');
INSERT INTO Type_of_Tourism_Places (Place_Name, Tourism_Name) VALUES ('Isis Temple', 'Cultural');
INSERT INTO Type_of_Tourism_Places (Place_Name, Tourism_Name) VALUES ('Isis Temple', 'Historical');
INSERT INTO Type_of_Tourism_Places (Place_Name, Tourism_Name) VALUES ('Nubian Museum', 'Cultural');
INSERT INTO Type_of_Tourism_Places (Place_Name, Tourism_Name) VALUES ('Nubian Museum', 'Historical');
INSERT INTO Type_of_Tourism_Places (Place_Name, Tourism_Name) VALUES ('Crocodile Museum (Kom Ombo)', 'Cultural');
INSERT INTO Type_of_Tourism_Places (Place_Name, Tourism_Name) VALUES ('Crocodile Museum (Kom Ombo)', 'Historical');
INSERT INTO Type_of_Tourism_Places (Place_Name, Tourism_Name) VALUES ('El-Quseir Citadel', 'Cultural');
INSERT INTO Type_of_Tourism_Places (Place_Name, Tourism_Name) VALUES ('El-Quseir Citadel', 'Historical');
INSERT INTO Type_of_Tourism_Places (Place_Name, Tourism_Name) VALUES ('Anba Paula Monastery', 'Religious');
INSERT INTO Type_of_Tourism_Places (Place_Name, Tourism_Name) VALUES ('Anba Paula Monastery', 'Heritage');
INSERT INTO Type_of_Tourism_Places (Place_Name, Tourism_Name) VALUES ('Anba Antonius Monastery', 'Religious');
INSERT INTO Type_of_Tourism_Places (Place_Name, Tourism_Name) VALUES ('Anba Antonius Monastery', 'Heritage');
INSERT INTO Type_of_Tourism_Places (Place_Name, Tourism_Name) VALUES ('Hurghada Museum', 'Cultural');
INSERT INTO Type_of_Tourism_Places (Place_Name, Tourism_Name) VALUES ('Hurghada Museum', 'Historical');
INSERT INTO Type_of_Tourism_Places (Place_Name, Tourism_Name) VALUES ('Salah El-Din Citadel (Taba)', 'Cultural');
INSERT INTO Type_of_Tourism_Places (Place_Name, Tourism_Name) VALUES ('Salah El-Din Citadel (Taba)', 'Historical');
INSERT INTO Type_of_Tourism_Places (Place_Name, Tourism_Name) VALUES ('St. Catherine''s Monastery', 'Religious');
INSERT INTO Type_of_Tourism_Places (Place_Name, Tourism_Name) VALUES ('St. Catherine''s Monastery', 'Heritage');
INSERT INTO Type_of_Tourism_Places (Place_Name, Tourism_Name) VALUES ('Sharm El-Sheikh Museum', 'Cultural');
INSERT INTO Type_of_Tourism_Places (Place_Name, Tourism_Name) VALUES ('Sharm El-Sheikh Museum', 'Historical');

